Scheme_name,Aerospace & Defence,Agro Chemicals,Air Transport Service,Alcoholic Beverages,Auto Ancillaries,Automobile,Banks,Bearings,Cables,Capital Goods - Electrical Equipment,Capital Goods-Non Electrical Equipment,"Castings, Forgings & Fastners",Cement,Ceramic Products,Chemicals,Commodity Chemicals,Construction,Consumer Durables,Credit Rating Agencies,Crude Oil & Natural Gas,"Diamond, Gems and Jewellery",Diversified,E-Commerce/App based Aggregator,E-Commerce/App based Aggregator ,Edible Oil,Electronics,Engineering,Engineering ,Entertainment,Fertilizers,Finance,FMCG,Gas Distribution,Glass & Glass Products,Healthcare,Healthcare ,Hotels & Resorts,Hotels & Restaurants,Housing Finance Company,Industrial Products,Infrastructure Developers & Operators,Insurance,IT - Software,Leather,Logistics,Marine Port & Services,Mining & Mineral products,Miscellaneous,Miscellaneous ,Non Ferrous Metals,Packaging,Paints/Varnish,Paper,Petrochemicals,Pharmaceuticals,Pharmaceuticals ,Plantation & Plantation Products,Plastic products,Plastic products ,Power Generation & Distribution,Power Infrastructure,Printing & Stationery ,Quick Service Restaurant,Railways,Readymade Garments/ Apparells,Realty,Refineries,Refractories,Retail,Sanitaryware,Ship Building,Shipping,Steel,Stock/ Commodity Brokers,Sugar,Telecomm Equipment & Infra Services,Telecomm-Service,Textiles,Tobacco Products,Trading,Trading - Metals,Tyres,NA
Aditya Birla SL BSE Sensex ETF,,,,,,5.98,35.74,,,,,,1.44,,,,,1.53,,,1.53,,1.86,,,,,,,,3.61,2.08,,,,,,,,,5.43,,12.31,,,,,,,,,1.07,,,1.8,,,,,3,,,,,,,10.3,,1.39,,,,1.34,,,,5.35,,3.91,,,,
Aditya Birla SL Nifty 200 Momentum 30 ETF,,,5.2,1.45,,2.92,14.77,,,,1.1,,1.81,,3.16,,,6.92,,,,,2.97,,,,,,,,19.85,,,,4.33,,,2.05,,,,9.95,5.33,,,,,4.87,,,,,,,4.32,,,,,,,,,,,,,,,,1.54,,,,,,5.02,2.41,,,,,
Aditya Birla SL Nifty 200 Quality 30 ETF,,,,,,6.49,,,2.22,2.1,6.13,,,,2.57,,,4.96,,,,,,,,,,,,,2.9,21.31,1.39,,,,,,,,,,25.97,,,,4.82,,,2.05,,4.2,,,,,,,,,,,,2.39,2.61,,2.91,,,,,,,,,,,,4.95,,,,
Aditya Birla SL Nifty 50 ETF,,,,,,7,30.96,,,,,,1.24,,,,,1.3,,0.82,1.31,,1.58,,,,,,,,4.88,2.52,,,0.63,,,,,,4.63,1.46,11.17,,,,0.77,,,0.86,,0.91,,,2.96,,0.62,,,2.54,,,,,,,8.76,,1.19,,,,1.97,,,,4.72,0.94,3.34,0.59,,,
Aditya Birla SL Nifty Bank ETF,,,,,,,99.42,,,,,,,,,,,,,,,,,,,,,,,,,,,,,,,,,,,,,,,,,,,,,,,,,,,,,,,,,,,,,,,,,,,,,,,,,,,,
Aditya Birla SL Nifty Healthcare ETF,,,,,,,,,,,,,,,,,,,,,,,,,,,,,,,,,,,24.64,,,,,,,,,,,,,,,,,,,,75.3,,,,,,,,,,,,,,,,,,,,,,,,,,,,
Aditya Birla SL Nifty IT ETF,,,,,,,,,,,,,,,,,,,,,,,,,,,,,,,,,,,,,,,,,,,99.98,,,,,,,,,,,,,,,,,,,,,,,,,,,,,,,,,,,,,,,,
Aditya Birla SL Nifty Next 50 ETF,,,4.91,1.76,3.1,4.19,5.13,,,6,3.87,,3.31,,1.97,,,,,,,,3.07,,,,,,,,11.7,8.64,2.15,,,,,2.79,,,,4.03,2.06,,,,3.27,,,,,,,,6.14,,,,,8.61,,,,,,3.87,4.99,,2.69,,,,1.46,,,,,,,,,,
Aditya Birla SL Nifty PSE ETF,,,,,,,,,,2.74,7.4,,,,,,1.81,12.08,,9.49,,,,,,,,,,,11.03,,4.12,,,,,,,,,,,,1.68,,9.07,,,,,,,,,,,,,25.76,,,,1.89,,,12.92,,,,,,,,,,,,,,,,
Angel One Nifty 50 ETF,,,,,,7.04,30.92,,,,,,1.22,,,,,1.3,,0.82,1.31,,1.58,,,,,,,,4.87,2.51,,,0.61,,,,,,4.64,1.46,11.17,,,,0.77,,,0.86,,0.91,,,2.96,,0.62,,,2.54,,,,,,,8.76,,1.19,,,,1.97,,,,4.72,0.93,3.34,0.59,,,
Angel One Nifty Total Market ETF,0,0.38,0.57,0.42,1.06,4.73,20.06,0.14,0.34,2.15,1.48,0.53,1.56,0.06,1.51,0.06,0.34,1.46,0.07,0.58,0.9,0.21,1.6,0.01,0.14,0.1,0.19,0.02,0.18,0.27,7.4,3.01,0.61,0.06,1.64,,0.03,0.48,0.05,0.02,2.96,1.5,8.54,0.05,0.26,0.02,1,2.03,0.01,0.72,0.06,0.65,0.07,0.01,4.66,0.02,0.4,0.35,0.01,3.12,0.02,0.02,0.02,0.12,0.27,1.32,5.78,0.03,1.1,0.01,0.25,0.07,2.05,0.02,0.13,0.39,3.01,0.99,1.96,0.8,0.01,0.39,0.04
AXIS Banking ETF,,,,,,,99.34,,,,,,,,,,,,,,,,,,,,,,,,,,,,,,,,,,,,,,,,,,,,,,,,,,,,,,,,,,,,,,,,,,,,,,,,,,,,
AXIS BSE Sensex ETF,,,,,,5.99,35.81,,,,,,1.42,,,,,1.36,,,1.53,,1.86,,,,,,,,3.61,2.08,,,,,,,,,5.44,,12.32,,,,,,,,,1.08,,,1.8,,,,,3.01,,,,,,,10.32,,1.29,,,,1.34,,,,5.35,,3.92,,,,
AXIS Nifty 50 ETF,,,,,,7,30.97,,,,,,1.2,,,,,1.3,,0.82,1.32,,1.58,,,,,,,,4.83,2.52,,,0.63,,,,,,4.64,1.46,11.17,,,,0.77,,,0.87,,0.91,,,2.95,,0.62,,,2.54,,,,,,,8.77,,1.2,,,,1.98,,,,4.7,0.92,3.34,0.56,,,
AXIS Nifty Healthcare ETF,,,,,,,,,,,,,,,,,,,,,,,,,,,,,,,,,,,24.62,,,,,,,,,,,,,,,,,,,,75.2,,,,,,,,,,,,,,,,,,,,,,,,,,,,
AXIS Nifty India Consumption ETF,,,3.56,1.27,,22.5,,,,1.18,,,,,,,,,,,4.63,,7.36,,,,,,,,,15.25,,,5.09,,,2.03,,,,,,,,,,,,,,3.21,,,,,2.18,,,3.47,,,,,,1.62,,,6.18,,,,,,,,10.15,,9.84,,,,
AXIS Nifty IT ETF,,,,,,,,,,,,,,,,,,,,,,,,,,,,,,,,,,,,,,,,,,,99.62,,,,,,,,,,,,,,,,,,,,,,,,,,,,,,,,,,,,,,,,
AXIS Nifty500 Value 50 ETF,,1.56,,,,7.8,17.84,,,,,,,,0.78,,0.53,,,5.62,,,,,,,,,0.59,0.4,6.31,,2.56,,,,,,0.48,,,,,,,,11.52,,,5.91,,,,,0.33,,,,,10.6,,,,,,,11.76,,,,,0.96,6.94,,,,,4.9,,2.03,,,
Bajaj Finserv Nifty 50 ETF,,,,,,7,30.94,,,,,,1.24,,,,,1.3,,0.82,1.31,,1.58,,,,,,,,4.87,2.51,,,0.63,,,,,,4.63,1.46,11.17,,,,0.77,,,0.86,,0.91,,,2.96,,0.62,,,2.54,,,,,,,8.76,,1.19,,,,1.97,,,,4.72,0.94,3.34,0.59,,,
Bajaj Finserv Nifty Bank ETF,,,,,,,99.43,,,,,,,,,,,,,,,,,,,,,,,,,,,,,,,,,,,,,,,,,,,,,,,,,,,,,,,,,,,,,,,,,,,,,,,,,,,,
Bandhan Nifty 50 ETF,,,,,,7,30.89,,,,,,1.24,,,,,1.3,,0.82,1.31,,1.58,,,,,,,,4.87,2.51,,,0.63,,,,,,4.63,1.46,11.15,,,,0.77,,,0.86,,0.91,,,2.95,,0.62,,,2.54,,,,,,,8.75,,1.19,,,,1.97,,,,4.71,0.94,3.34,0.59,,,
Baroda BNP Paribas NIFTY Bank ETF,,,,,,,99.1,,,,,,,,,,,,,,,,,,,,,,,,,,,,,,,,,,,,,,,,,,,,,,,,,,,,,,,,,,,,,,,,,,,,,,,,,,,,
Bharat 22 ETF,,,,,,,17.76,,,,,,,,,,,6.03,,5.38,,,,,,,,,,,2.74,,2.91,,,,,,,,15.61,,,,,,5.05,,,4.48,,,,,,,,,,18.99,,,,,,0.5,6.71,,,,,,,,,,,,13.51,,,,
CPSE ETF,,,,,,,,,,,,,,,,,,20.42,,17.02,,,,,,,,,,,,,,,,,,,,,,,,,,,12.78,,,,,,,,,,,,,45.43,,,,,,1.82,,,,,2.51,,,,,,,,,,,,
DSP BSE Sensex ETF,,,,,,5.97,35.7,,,,,,1.44,,,,,1.53,,,1.53,,1.86,,,,,,,,3.6,2.08,,,,,,,,,5.43,,12.29,,,,,,,,,1.07,,,1.79,,,,,2.99,,,,,,,10.29,,1.39,,,,1.33,,,,5.34,,3.91,,,,
DSP BSE SENSEX Next 30 ETF,,,4.74,,,6.86,2.3,,,,3.67,,,,,,,,,3.83,,,,,,,,,,,12.79,8.81,,,6.71,,,2.7,,,,6.86,3.03,,,,6.72,,,4.01,,,,,10.06,,2.84,,,2.71,,,,,,,,,,,,,3.91,,,,,4.37,,2.8,,,
DSP Nifty 50 Equal Weight ETF,,,,,,11.78,11.97,,,,,,2.03,,,,,2.05,,1.99,1.99,,2.01,,,,,,,,8.18,4,,,2.03,,,,,,4.05,4.01,9.81,,,,1.97,,,2.03,,2.02,,,5.82,,1.92,,,4.02,,,,,,,2.01,,2,,,,3.97,,,,2.01,1.98,1.97,2.04,,,
DSP Nifty 50 ETF,,,,,,6.99,30.84,,,,,,1.23,,,,,1.3,,0.81,1.31,,1.58,,,,,,,,4.87,2.51,,,0.63,,,,,,4.62,1.46,11.14,,,,0.76,,,0.86,,0.91,,,2.95,,0.61,,,2.53,,,,,,,8.73,,1.19,,,,1.96,,,,4.7,0.93,3.33,0.59,,,
DSP Nifty Bank ETF,,,,,,,99.38,,,,,,,,,,,,,,,,,,,,,,,,,,,,,,,,,,,,,,,,,,,,,,,,,,,,,,,,,,,,,,,,,,,,,,,,,,,,
DSP Nifty Healthcare ETF,,,,,,,,,,,,,,,,,,,,,,,,,,,,,,,,,,,24.6,,,,,,,,,,,,,,,,,,,,75.23,,,,,,,,,,,,,,,,,,,,,,,,,,,,
DSP Nifty IT ETF,,,,,,,,,,,,,,,,,,,,,,,,,,,,,,,,,,,,,,,,,,,99.64,,,,,,,,,,,,,,,,,,,,,,,,,,,,,,,,,,,,,,,,
DSP Nifty Midcap 150 Quality 50 ETF,,2.19,,,,,,1.48,4.16,1.64,4.32,1.26,,,2.9,,,3.87,1.73,,,,,,,,,,0.9,2.02,10.59,9.47,3.21,,,,,,,,,,15.77,,,,1.99,2.91,,2.46,,1.59,,,8.63,,,3.25,,,,,,2.68,4.07,,,,,,2.1,,1.9,,,,,,,1.3,,1.38,
DSP Nifty Private Bank ETF,,,,,,,99.74,,,,,,,,,,,,,,,,,,,,,,,,,,,,,,,,,,,,,,,,,,,,,,,,,,,,,,,,,,,,,,,,,,,,,,,,,,,,
DSP Nifty PSU Bank ETF,,,,,,,98.25,,,,,,,,,,,,,,,,,,,,,,,,,,,,,,,,,,,,,,,,,,,,,,,,,,,,,,,,,,,,,,,,,,,,,,,,,,,,
DSP Nifty Top 10 Equal Weight ETF,,,,,,,39.59,,,,,,,,,,,,,,,,,,,,,,,,,,,,,,,,,,10.04,,19.77,,,,,,,,,,,,,,,,,,,,,,,,10.13,,,,,,,,,,10.12,,9.9,,,,
Edelweiss BSE Capital Markets & Insurance ETF,,,,,,,,,,,,,,,,,,,,,,,,,,,,,,,40.69,,,,,,,,,,,44.45,,,,,,14.54,,,,,,,,,,,,,,,,,,,,,,,,,,,,,,,,,,,
Edelweiss Nifty Bank ETF,,,,,,,99.26,,,,,,,,,,,,,,,,,,,,,,,,,,,,,,,,,,,,,,,,,,,,,,,,,,,,,,,,,,,,,,,,,,,,,,,,,,,,
Edelweiss Nifty500 Multicap Momentum Quality 50 ETF,,,,,,4.43,,,,7.04,4.84,,,,4.42,,,8.01,,,,,,,,,,,,2.49,13.71,13.18,0.44,,1.23,,,,,,,,16.41,,,,,7.53,,,,,,,7.25,,,,,,,,,,1.99,,3.22,,,,2.7,,,,,,,,0.95,,,,
Groww Nifty 200 ETF,,0.4,0.69,0.25,0.55,5.69,23.57,,0.19,1.59,0.93,0.34,1.38,,0.53,,0.13,1.24,,0.7,1.03,0.18,1.87,,0.11,,0.06,,,,6.76,3.36,0.63,,0.99,,,0.39,,,3.23,1.58,9.34,,0.12,,1.13,1.39,,0.79,,0.63,,,3.98,,0.42,0.28,,3.38,,,,0.14,0.19,1.23,6.95,,1.21,,0.25,,1.86,,,0.33,3.56,0.92,2.29,0.49,,0.31,
Groww Nifty 500 Low Volatility 50 ETF,,1.28,,0.59,0.43,14.97,13.28,,,1.5,,,1.17,,,,,0.27,,,0.08,,,,,,,,0,,12.05,9.93,,,4.73,,,,,,,10.99,7.76,0.33,,,,,,,,0.71,,,14.61,,,0.65,,,,,,,1.21,,,,,,,,,,,,,1.32,,,,1.49,
Groww Nifty 500 Momentum 50 ETF,,,5.19,0.95,,,4.82,,,1.73,1.23,0.5,,,4.3,0.76,,1.99,,,,,1.88,,,,,,,2.31,22.33,0.41,,,8.44,,,,,,,9.97,7.38,,,,,7.19,,,,0.83,,,5.83,,,,,1.5,,,,,,,,,,,2.32,,2.19,,,,0.96,2.65,0.81,0.93,,0.46,
Groww Nifty EV & New Age Automotive ETF,,,,,23.16,37.71,,,3.95,3.99,0.12,4.76,,,8.59,,,,,,,,,,,,,,,,,,,,,,,,,,,,12.6,,,,,0.75,,,,,,,,,,,,0.05,,,,,,,4.05,,,,,,,,,0.11,,,,,,,
Groww Nifty India Defence ETF,0.31,,,,,,,,,,30.71,,,,15.86,,,20.32,,,,,,,,4.34,2.27,,,,,,,,,,,,,,,,3.34,,,,,,,,,,,,,,,,,,,,,,,,,,,,18.86,,0.79,,,3.25,,,,,,,
Groww Nifty India Railways PSU ETF,,,,,,,,,,1.35,0.34,,,,,,16.88,5.94,,3.73,,,,,,,,,,,18.94,,,,,,,,,,7.75,,,,15.66,,,,,,,,,,,,,,,6.25,,,,17.63,,,1.76,,,,,,0.75,,,0.13,2.8,,,,,,
HDFC BSE 500 ETF,,0.41,0.61,0.38,0.99,4.99,20.85,0.14,0.35,2.05,1.34,0.53,1.59,0.07,1.34,0.06,0.2,1.51,0.08,0.61,0.89,0.18,1.69,,0.14,0.05,0.13,,0.14,0.24,7.45,3.2,0.66,0.04,1.66,,,0.46,0.06,,2.96,1.54,8.79,0.07,0.23,,1.02,1.21,,0.74,,0.69,0.07,0.03,4.74,,0.42,0.28,0.01,3.1,,0.02,0.03,0.12,0.26,1.33,6.1,0.01,1.09,,0.27,0.05,2.08,,0.1,0.36,2.95,0.94,2.05,0.78,,0.38,0.04
HDFC BSE SENSEX ETF,,,,,,5.98,35.74,,,,,,1.44,,,,,1.53,,,1.53,,1.86,,,,,,,,3.61,2.08,,,,,,,,,5.43,,12.32,,,,,,,,,1.07,,,1.8,,,,,3.01,,,,,,,10.3,,1.39,,,,1.34,,,,5.35,,3.91,,,,
HDFC NIFTY 100 ETF,,,0.84,0.3,0.53,6.53,26.54,,,1.03,0.66,,1.59,,0.34,,,1.08,,0.68,1.09,,1.83,,,,,,,,6.06,3.56,0.37,,0.52,,,0.48,,,3.85,1.89,9.63,,,,1.2,,,0.72,,0.76,,,3.52,,0.51,,,3.58,,,,,,0.66,8.12,,1.45,,,,1.88,,,,3.92,0.78,2.77,0.49,,,
HDFC Nifty 50 ETF,,,,,,7,30.96,,,,,,1.24,,,,,1.3,,0.82,1.31,,1.58,,,,,,,,4.88,2.52,,,0.63,,,,,,4.63,1.46,11.17,,,,0.77,,,0.86,,0.91,,,2.96,,0.62,,,2.54,,,,,,,8.76,,1.19,,,,1.97,,,,4.72,0.94,3.34,0.59,,,
HDFC NIFTY Bank ETF,,,,,,,99.45,,,,,,,,,,,,,,,,,,,,,,,,,,,,,,,,,,,,,,,,,,,,,,,,,,,,,,,,,,,,,,,,,,,,,,,,,,,,
HDFC NIFTY Growth Sectors 15 ETF,,,,,,26.76,,,,,,,,,,,,3.46,,,,,,,,,,,,,,14.89,,,4.34,,,,,,,,29.53,,,,,,,,,,,,20.88,,,,,,,,,,,,,,,,,,,,,,,,,,,,
HDFC NIFTY IT ETF,,,,,,,,,,,,,,,,,,,,,,,,,,,,,,,,,,,,,,,,,,,99.99,,,,,,,,,,,,,,,,,,,,,,,,,,,,,,,,,,,,,,,,
HDFC NIFTY Midcap 150 ETF,,1.82,,0.38,1.57,1.4,7.57,0.45,1.54,5.29,2.11,1.89,1.52,,2.5,,0.62,2.4,0.4,0.65,0.58,0.82,1.64,,0.73,,0.28,,0.16,0.81,10.37,2.22,1.55,,3.98,,,,,,0.5,0.72,6.78,,0.57,,0.66,6.59,,0.92,,0.46,,,7.35,,,1.29,,2.18,,,,0.64,1.16,3.13,1.22,,0.1,,1.15,,2.57,,,1.52,1.5,1.29,,0.64,,1.73,
HDFC NIFTY NEXT 50 ETF,,,4.91,1.77,3.1,4.19,5.13,,,6,3.87,,3.32,,1.97,,,,,,,,3.07,,,,,,,,11.71,8.64,2.15,,,,,2.79,,,,4.03,2.06,,,,3.27,,,,,,,,6.14,,,,,8.61,,,,,,3.87,4.99,,2.69,,,,1.46,,,,,,,,,,
HDFC NIFTY Private Bank ETF,,,,,,,99.79,,,,,,,,,,,,,,,,,,,,,,,,,,,,,,,,,,,,,,,,,,,,,,,,,,,,,,,,,,,,,,,,,,,,,,,,,,,,
HDFC NIFTY PSU BANK ETF,,,,,,,98.29,,,,,,,,,,,,,,,,,,,,,,,,,,,,,,,,,,,,,,,,,,,,,,,,,,,,,,,,,,,,,,,,,,,,,,,,,,,,
HDFC NIFTY Smallcap 250 ETF,,0.4,,1.01,2.67,,3.66,0.55,0.59,4.19,4.12,1.37,0.75,0.64,5.33,0.57,0.79,2.46,,,,0.65,0.49,,,0.59,0.2,,1.19,1.06,12.5,1.23,0.96,0.41,5.6,,0.28,1.02,0.54,,1.09,0.59,6.1,0.5,1.16,0.22,0.4,7.03,,0.72,0.14,0.25,0.63,,7.34,,0.47,0.3,,2.56,,0.22,0.25,,0.24,2.49,0.16,0.14,,,0.44,0.67,2.07,,1.19,0.8,0.62,1.39,0.6,2.42,,0.62,0.37
HDFC NIFTY100 Low Volatility 30 ETF,,,,,3.05,8.89,10.77,,,,,,3.16,,3.01,,,,,,3.36,,,,,,,,,,2.98,14.87,,,3.75,,,,,,2.69,3.08,11.93,,,,,,,,,3.72,,,13.71,,,,,,,,,,,,3.34,,,,,,,,,,3.33,,4.09,,,,
HDFC NIFTY100 Quality 30 ETF,,,,2.1,1.66,13.2,5.02,,,4.19,3.36,,,,2.44,,,4.68,,,,,,,,,,,,,,20.19,,,,,,,,,,,22.23,,,,4.51,,,,,3.99,,,7.23,,,,,,,,,,,,,,,,,,,,,,,,4.96,,,,
HDFC NIFTY200 Momentum 30 ETF,,,5.2,1.45,,2.92,14.77,,,,1.1,,1.82,,3.16,,,6.92,,,,,2.97,,,,,,,,19.84,,,,4.33,,,2.05,,,,9.95,5.33,,,,,4.87,,,,,,,4.32,,,,,,,,,,,,,,,,1.54,,,,,,5.02,2.41,,,,,
HDFC NIFTY50 Value 20 ETF,,,,,,11.86,24.83,,,,,,,,,,,,,2.48,,,,,,,,,,,,,,,,,,,,,,,30.76,,,,2.32,,,2.62,,,,,4.25,,,,,7.7,,,,,,,,,,,,,,,,,,2.84,10.12,,,,
ICICI Pru BSE 500 ETF,,0.41,0.61,0.38,0.98,4.99,20.85,0.14,0.35,2.04,1.34,0.54,1.57,0.07,1.34,0.06,0.2,1.49,0.08,0.61,0.89,0.18,1.69,,0.14,0.04,0.13,,0.14,0.24,7.44,3.21,0.66,0.04,1.66,,,0.46,0.06,,2.96,1.54,8.79,0.07,0.23,,1.02,1.21,,0.74,,0.68,0.07,0.03,4.7,,0.41,0.28,0.01,3.1,,0.02,0.03,0.12,0.25,1.33,6.1,0.01,1.09,,0.26,0.05,2.08,,0.1,0.35,2.95,0.94,2.05,0.77,,0.37,0.04
ICICI Pru BSE Midcap Select ETF,,5.3,,,,2.7,13.76,,,11.49,3.45,2.61,,,,,,4.32,,,,2.24,,,,,,,,,,2.35,,,7.03,,,5.01,,,,,11.98,,,,,6.97,,,,,,,8.53,,,2.12,,,,,,,,4.65,3.13,,,,,,2.34,,,,,,,,,,
ICICI Pru BSE Sensex ETF,,,,,,5.98,35.74,,,,,,1.44,,,,,1.53,,,1.53,,1.86,,,,,,,,3.61,2.08,,,,,,,,,5.43,,12.31,,,,,,,,,1.07,,,1.8,,,,,3,,,,,,,10.3,,1.39,,,,1.34,,,,5.35,,3.91,,,,
ICICI Pru Nifty 100 ETF,,,0.84,0.3,0.53,6.53,26.54,,,1.03,0.66,,1.6,,0.34,,,1.08,,0.68,1.09,,1.83,,,,,,,,6.05,3.56,0.37,,0.52,,,0.48,,,3.84,1.89,9.62,,,,1.2,,,0.72,,0.76,,,3.51,,0.51,,,3.58,,,,,,0.66,8.12,,1.45,,,,1.88,,,,3.92,0.78,2.77,0.49,,,
ICICI Pru Nifty 100 Low Volatility 30 ETF,,,,,3.05,8.89,10.77,,,,,,3.16,,3.01,,,,,,3.36,,,,,,,,,,2.98,14.87,,,3.75,,,,,,2.69,3.08,11.93,,,,,,,,,3.72,,,13.71,,,,,,,,,,,,3.34,,,,,,,,,,3.33,,4.09,,,,
ICICI Pru Nifty 200 Momentum 30 ETF,,,5.2,1.45,,2.92,14.77,,,,1.1,,1.82,,3.16,,,6.92,,,,,2.97,,,,,,,,19.84,,,,4.33,,,2.05,,,,9.95,5.33,,,,,4.87,,,,,,,4.32,,,,,,,,,,,,,,,,1.54,,,,,,5.02,2.41,,,,,
ICICI Pru Nifty 200 Quality 30 ETF,,,,,,6.47,,,2.21,2.1,6.11,,,,2.56,,,4.94,,,,,,,,,,,,,2.89,21.24,1.38,,,,,,,,,,25.9,,,,4.8,,,2.04,,4.19,,,,,,,,,,,,2.38,2.6,,2.9,,,,,,,,,,,,4.94,,,,
ICICI Pru Nifty 50 ETF,,,,,,7,30.95,,,,,,1.24,,,,,1.3,,0.82,1.31,,1.58,,,,,,,,4.88,2.52,,,0.63,,,,,,4.63,1.46,11.17,,,,0.77,,,0.86,,0.91,,,2.96,,0.62,,,2.54,,,,,,,8.76,,1.19,,,,1.97,,,,4.72,0.94,3.34,0.59,,,
ICICI Pru Nifty 50 Value 20 ETF,,,,,,11.86,24.82,,,,,,,,,,,,,2.48,,,,,,,,,,,,,,,,,,,,,,,30.75,,,,2.32,,,2.62,,,,,4.25,,,,,7.69,,,,,,,,,,,,,,,,,,2.84,10.12,,,,
ICICI Pru Nifty Alpha Low - Volatility 30 ETF,,,,3.13,2.1,2.84,12.27,,,,,,6.11,,3.5,,,,,,,,,,,,,,,,8.95,3.82,,,4.09,,,,,,,10.96,11.97,,,,,,,,,,,,16.71,,,,,,,,,,2.31,,,,,,,,,,,,3.96,3.03,4.12,,,,
ICICI Pru Nifty Auto ETF,,,,,8.13,81.36,,,,,,3.09,,,,,,,,,,,,,,,,,,,,,,,,,,,,,,,,,,,,2.94,,,,,,,,,,,,,,,,,,,,,,,,,,,,,,,,,,4.29,
ICICI Pru Nifty Bank ETF,,,,,,,99.46,,,,,,,,,,,,,,,,,,,,,,,,,,,,,,,,,,,,,,,,,,,,,,,,,,,,,,,,,,,,,,,,,,,,,,,,,,,,
ICICI Pru Nifty Commodities ETF,,3.37,,,,,,,,,,,11.25,,2.38,,,,,5.99,,,,,,,,,,,,,,,,,,,,,,,,,,,9.67,,,5.07,,,,,,,,,,21.18,,,,,,,18.14,,,,,,14.91,,,,,7.87,,,,,
ICICI Pru Nifty EV & New Age Automotive ETF,,,,,23.14,37.67,,,3.94,3.99,0.12,4.75,,,8.58,,,,,,,,,,,,,,,,,,,,,,,,,,,,12.58,,,,,0.75,,,,,,,,,,,,0.05,,,,,,,4.05,,,,,,,,,0.11,,,,,,,
ICICI Pru Nifty Financial Services Ex-Bank ETF,,,,,,,,,,,,,,,,,,,,,,,1.95,,,,,,,,64.12,,,,,,,,,,,16.47,,,,,,16.44,,,,,,,0.85,,,,,,,,,,,,,,,,,,,,,,,,,,,,
ICICI Pru Nifty FMCG ETF,,,,6.85,,,,,,,,,,,,,,,,,,,,,1.64,,,,,,,51.72,,,,,,,,,,,,,,,,,,,,,,,,,6.39,,,,,,,,,,,,,,,,,,,,,,32.69,,,,
ICICI Pru Nifty Healthcare ETF,,,,,,,,,,,,,,,,,,,,,,,,,,,,,,,,,,,24.63,,,,,,,,,,,,,,,,,,,,75.25,,,,,,,,,,,,,,,,,,,,,,,,,,,,
ICICI Pru Nifty India Consumption ETF,,,3.57,1.28,,22.49,,,,1.19,,,,,,,,,,,4.64,,7.35,,,,,,,,,15.27,,,5.12,,,2.03,,,,,,,,,,,,,,3.23,,,,,2.18,,,3.47,,,,,,1.64,,,6.17,,,,,,,,10.11,,9.89,,,,
ICICI Pru Nifty Infrastructure ETF,,,3.29,,1.28,1.01,,,,2.04,1.29,0.98,6.25,,,,,,,2.66,,,,,,,,,,,,,1.44,,4.71,,,1.87,,,15.09,,,,,,,,,,,,,,,,,,,11.05,,,,,,2.5,24.54,,,,,,,,,1.56,15.37,3.05,,,,,
ICICI Pru Nifty IT ETF,,,,,,,,,,,,,,,,,,,,,,,,,,,,,,,,,,,,,,,,,,,99.99,,,,,,,,,,,,,,,,,,,,,,,,,,,,,,,,,,,,,,,,
ICICI Pru Nifty Metal ETF,,,,,,,,,,,,,,,,,,,,,,,,,,,,,,,,,,,,,,,,,,,,,,,14.88,,,20.82,,,,,,,,,,,,,,,,,,,,,,,53.79,,,,,,,9.92,,,
ICICI Pru Nifty Midcap 150 ETF,,1.82,,0.38,1.57,1.4,7.55,0.44,1.54,5.29,2.1,1.89,1.52,,2.5,,0.62,2.41,0.4,0.65,0.58,0.82,1.64,,0.73,,0.28,,0.16,0.81,10.37,2.22,1.55,,3.98,,,,,,0.5,0.72,6.77,,0.57,,0.66,6.59,,0.92,,0.46,,,7.35,,,1.29,,2.18,,,,0.64,1.16,3.13,1.22,,0.1,,1.15,,2.57,,,1.52,1.5,1.29,,0.64,,1.73,
ICICI Pru Nifty Next 50 ETF,,,4.91,1.76,3.1,4.19,5.13,,,6,3.87,,3.32,,1.97,,,,,,,,3.07,,,,,,,,11.7,8.64,2.15,,,,,2.79,,,,4.03,2.06,,,,3.27,,,,,,,,6.14,,,,,8.61,,,,,,3.87,4.99,,2.69,,,,1.46,,,,,,,,,,
ICICI Pru Nifty Oil & Gas ETF,,,,,,,,,,,,,,,1.65,,,,,18.26,,,,,,,,,,,,,19.64,,,,,,,,,,,,,,,1.26,,,,,,,,,,,,,,,,,,,57.69,,,,,,,,,,,,,1.5,,,
ICICI Pru Nifty Private Bank ETF,,,,,,,99.78,,,,,,,,,,,,,,,,,,,,,,,,,,,,,,,,,,,,,,,,,,,,,,,,,,,,,,,,,,,,,,,,,,,,,,,,,,,,
ICICI Pru Nifty PSU Bank ETF,,,,,,,98.22,,,,,,,,,,,,,,,,,,,,,,,,,,,,,,,,,,,,,,,,,,,,,,,,,,,,,,,,,,,,,,,,,,,,,,,,,,,,
ICICI Pru Nifty Top 15 Equal Weight ETF,,,,,,12.98,33.27,,,,,,,,,,,,,,,,,,,,,,,,6.69,6.67,,,,,,,,,6.71,,13.23,,,,,,,,,,,,,,,,,,,,,,,,6.78,,,,,,,,,,6.77,,6.63,,,,
ICICI Pru Nifty200 Value 30 ETF,,1.32,,,,,23.67,,,,,,,,,,,,,4.88,,,,,,,,,,,13.19,,4.71,,,,,,,,,,,,,,11.18,,,4.98,,,,,,,,,,9.88,,,,,,,14.67,,,,,,6.2,,,,,4.8,,,,,
Invesco India Nifty 50 ETF,,,,,,7,30.92,,,,,,1.24,,,,,1.3,,0.82,1.31,,1.58,,,,,,,,4.87,2.51,,,0.63,,,,,,4.63,1.46,11.17,,,,0.77,,,0.86,,0.91,,,2.96,,0.62,,,2.54,,,,,,,8.76,,1.19,,,,1.97,,,,4.72,0.94,3.34,0.59,,,
Kotak MSCI India ETF,,0.45,0.83,0.3,0.54,6.72,20.37,,0.25,1.71,1.15,0.4,1.5,,0.69,,0.15,1.53,,0.72,1.13,0.22,1.49,,,,,,,0.22,6.74,3.95,0.49,,1.26,,,0.48,,,2.38,1.72,9.84,,0.14,,1.15,1.29,,0.68,,0.66,,,4.33,,0.48,0.33,,3.36,,,,0.14,0.22,1.63,7.67,,1.34,,,,2.02,,,0.41,4.06,0.89,0.92,0.31,,0.39,
Kotak Nifty 100 Equal Weight ETF,,,1.05,0.96,2.07,7.86,9,,,3.97,0.99,,3.04,,0.99,,,1.02,,0.99,1,,2.95,,,,,,,,10.06,5.93,1.02,,1,,,0.95,,,2.01,4.98,5.86,,,,2,,,1.01,,1.01,,,5.92,,0.96,,,7.07,,,,,,1.89,3.03,,2,,,,2.97,,,,1,0.99,0.98,1.01,,,
Kotak Nifty 100 Low Volatility 30 ETF,,,,,3.05,8.88,10.75,,,,,,3.16,,3.01,,,,,,3.36,,,,,,,,,,2.98,14.86,,,3.75,,,,,,2.68,3.08,11.92,,,,,,,,,3.71,,,13.71,,,,,,,,,,,,3.34,,,,,,,,,,3.33,,4.09,,,,
Kotak Nifty 50 ETF,,,,,,7,30.92,,,,,,1.24,,,,,1.3,,0.82,1.31,,1.58,,,,,,,,4.87,2.51,,,0.63,,,,,,4.63,1.46,11.17,,,,0.77,,,0.86,,0.91,,,2.96,,0.62,,,2.54,,,,,,,8.76,,1.19,,,,1.97,,,,4.72,0.94,3.34,0.59,,,
Kotak Nifty 50 Value 20 ETF,,,,,,11.83,24.77,,,,,,,,,,,,,2.47,,,,,,,,,,,,,,,,,,,,,,,30.69,,,,2.32,,,2.61,,,,,4.24,,,,,7.68,,,,,,,,,,,,,,,,,,2.83,10.1,,,,
Kotak Nifty Alpha 50 ETF,,0.68,0.92,,,0.37,,,,7.85,0.99,,,,2.66,,,13.84,,,1.6,,6.64,,,,,,,2.93,10.55,,,,7.45,,,,,,,1.6,8.5,,,,,14.49,,,,,,,5.22,,,,,4.62,,,,,,,,,0.62,,3.89,,,,,,4.18,,,0.3,,,
Kotak Nifty Banking ETF,,,,,,,99.38,,,,,,,,,,,,,,,,,,,,,,,,,,,,,,,,,,,,,,,,,,,,,,,,,,,,,,,,,,,,,,,,,,,,,,,,,,,,
Kotak NIFTY India Consumption ETF,,,3.57,1.28,,22.47,,,,1.19,,,,,,,,,,,4.63,,7.35,,,,,,,,,15.26,,,5.11,,,2.03,,,,,,,,,,,,,,3.22,,,,,2.18,,,3.47,,,,,,1.64,,,6.17,,,,,,,,10.11,,9.9,,,,
Kotak Nifty IT ETF,,,,,,,,,,,,,,,,,,,,,,,,,,,,,,,,,,,,,,,,,,,99.74,,,,,,,,,,,,,,,,,,,,,,,,,,,,,,,,,,,,,,,,
Kotak Nifty Midcap 150 ETF,,1.81,,0.38,1.56,1.41,7.53,0.45,1.52,5.33,2.09,1.9,1.53,,2.5,,0.62,2.5,0.41,0.65,0.58,0.82,1.63,,0.73,,0.28,,0.16,0.81,10.34,2.21,1.55,,3.97,,,,,,0.5,0.71,6.75,,0.57,,0.66,6.57,,0.92,,0.46,,,7.37,,,1.27,,2.16,,,,0.64,1.1,3.12,1.22,,0.1,,1.15,,2.57,,,1.52,1.5,1.28,,0.65,,1.5,
Kotak Nifty Midcap 50 ETF,,1.75,,,,1.89,9.72,,1.74,1.8,2.42,1.84,,,,,,3.07,,1.25,,1.58,1.66,,,,,,,,7.36,3.68,1.19,,4.99,,,,,,,,9.62,,1.1,,1.27,10.88,,,,,,,5.54,,,2.47,,2.9,,,,1.24,1.64,6.03,2.22,,,,,,1,,,2.93,1.08,2.48,,,,1.53,
Kotak Nifty MNC ETF,,,,5.82,4.23,17.67,,2.84,,8.89,4.75,,3.91,,2.55,,,0.9,1.52,,,,,,,,,,,,,29.45,,,,,,,,,,,2.2,,,,8.08,,,,,,,,6.12,,,,,,,,,,,,,,,,,,,,,,,,,0.83,,,
Kotak Nifty PSU Bank ETF,,,,,,,98.28,,,,,,,,,,,,,,,,,,,,,,,,,,,,,,,,,,,,,,,,,,,,,,,,,,,,,,,,,,,,,,,,,,,,,,,,,,,,
LIC MF BSE Sensex ETF,,,,,,5.99,35.66,,,,,,1.44,,,,,1.52,,,1.52,,1.87,,,,,,,,3.64,2.07,,,,,,,,,5.45,,12.28,,,,,,,,,1.06,,,1.79,,,,,2.99,,,,,,,10.29,,1.39,,,,1.33,,,,5.34,,3.91,,,,
LIC MF Nifty 100 ETF,,,0.84,0.3,0.52,6.5,26.49,,,1.03,0.67,,1.58,,0.33,,,1.06,,0.68,1.07,,1.8,,,,,,,,5.98,3.53,0.36,,0.52,,,0.48,,,4.14,1.89,9.63,,,,1.16,,,0.72,,0.75,,,3.48,,0.51,,,3.53,,,,,,0.64,8.11,,1.44,,,,1.86,,,,3.91,0.78,2.77,0.49,,,
LIC MF Nifty 50 ETF,,,,,,7.01,30.92,,,,,,1.22,,,,,1.31,,0.82,1.31,,1.59,,,,,,,,4.86,2.52,,,0.63,,,,,,4.62,1.46,11.18,,,,0.77,,,0.86,,0.91,,,2.98,,0.62,,,2.54,,,,,,,8.76,,1.19,,,,1.97,,,,4.69,0.92,3.34,0.59,,,
LIC MF Nifty Midcap 100 ETF,,2.32,,,0.61,1.78,9.51,,1.15,4.23,2.24,1.97,0.45,,1.49,,0.79,2.02,,0.82,0.74,1.04,2.09,,0.64,,0.3,,,,10.17,2.44,1.98,,3.3,,,,,,0.34,,8.2,,0.73,,0.84,8.13,,1.18,,,,,6.04,,,1.64,,2.43,,,,0.83,1.08,3.99,1.47,,0.12,,1.3,,1.76,,,1.93,1.91,1.64,,0.35,,1.51,
Mirae Asset BSE 200 Equal Weight ETF,,1.03,0.52,0.94,1.46,5.05,10,0.48,0.53,3.32,1.46,0.95,2.04,,1.94,,0.46,1.02,,0.95,1.04,0.5,2.08,,0.96,,0.54,,,0.52,9.01,4.44,1.43,,1.04,,,0.49,,,1.48,3.04,5.97,,0.48,,1.44,1.5,,0.96,,1.05,,,6.98,,0.5,0.99,,4.87,,,,0.5,0.51,2.88,2.02,,1.06,,0.49,,3.46,,,0.54,1.57,1.04,0.49,0.5,,0.98,
Mirae Asset BSE Select IPO ETF,,,,,1.03,3.59,,,,4.2,0.91,2.21,,,0.7,,,1.68,,,2.17,,12.88,,0.86,1.24,1.01,,,,20.29,,,,7.66,,,2.13,,,1.4,3.8,3.29,,2.02,,0.48,7.19,,,,,,,5.4,,,,,1.25,,0.47,,,,4.47,,,,,2.54,,,,,,1.88,,,3.23,,,
Mirae Asset BSE Sensex ETF,,,,,,5.97,35.74,,,,,,1.44,,,,,1.53,,,1.53,,1.86,,,,,,,,3.61,2.08,,,,,,,,,5.43,,12.3,,,,,,,,,1.07,,,1.79,,,,,3,,,,,,,10.3,,1.39,,,,1.34,,,,5.35,,3.91,,,,
Mirae Asset Nifty 100 ESG Sector Leaders ETF,,,,,0.31,7.7,19.97,,,1.13,,,2.41,,0.51,,,,,,1.65,,2.62,,,,,,,,6.2,3.68,0.56,,0.79,,,0.72,,,1.16,2.36,13.75,,,,,,,1.09,,1.15,,,4,,0.77,,,2.96,,,,,,1,10.79,,2.2,,,,2.48,,,,5.93,1.18,,0.74,,,
Mirae Asset Nifty 100 Low Volatility 30 ETF,,,,,3.05,8.89,10.77,,,,,,3.16,,3.01,,,,,,3.36,,,,,,,,,,2.98,14.87,,,3.75,,,,,,2.69,3.08,11.93,,,,,,,,,3.72,,,13.71,,,,,,,,,,,,3.34,,,,,,,,,,3.33,,4.09,,,,
Mirae Asset Nifty 200 Alpha 30 ETF,,1.83,2.22,2.64,,,,,,,,,,,5.09,,,6.83,,,3.79,,9.54,,,,,,,,18.17,,,,4.57,,,2.85,,,,3.8,9.89,,,,,10.37,,,,,,,9.08,,,,,,,,,,,,,,1.76,,4.56,,,,,,2.95,,,,,,
Mirae Asset Nifty 50 ETF,,,,,,7,30.95,,,,,,1.24,,,,,1.3,,0.82,1.31,,1.58,,,,,,,,4.88,2.52,,,0.63,,,,,,4.63,1.46,11.17,,,,0.77,,,0.86,,0.91,,,2.96,,0.62,,,2.54,,,,,,,8.76,,1.19,,,,1.97,,,,4.72,0.94,3.34,0.59,,,
Mirae Asset Nifty Bank ETF,,,,,,,99.4,,,,,,,,,,,,,,,,,,,,,,,,,,,,,,,,,,,,,,,,,,,,,,,,,,,,,,,,,,,,,,,,,,,,,,,,,,,,
Mirae Asset Nifty EV and New Age Automotive ETF,,,,,23.15,37.69,,,3.94,3.99,0.12,4.75,,,8.58,,,,,,,,,,,,,,,,,,,,,,,,,,,,12.6,,,,,0.75,,,,,,,,,,,,0.05,,,,,,,4.05,,,,,,,,,0.11,,,,,,,
Mirae Asset Nifty Financial Services ETF,,,,,,,75.33,,,,,,,,,,,,,,,,,,,,,,,,18.99,,,,,,,,,,,5.3,,,,,,,,,,,,,,,,,,,,,,,,,,,,,,,,,,,,,,,,,
Mirae Asset Nifty India Manufacturing ETF,,1.8,,,2.47,23.14,,,1.47,7.39,3.61,1.85,,,4.6,,,6.72,,,,0.81,,,,,,,,0.8,,,,,,,,,,,,,,,,,2.11,0.89,,3.41,,,0.34,,16.06,,,1.22,,,,,,,1.15,,8.24,,,,1.1,,7.93,,,,0.15,1.27,,,,1.3,
Mirae Asset Nifty India New Age Consumption ETF,,,4.83,,,24.61,,,,2.84,,,,,,,,4.65,,,5.9,1.23,10.81,,,,,,1.08,,6.37,,,,,,,3.56,,,,,0.18,0.32,,,,3.73,,,,,,,,,,,,,,,0.2,0.96,1.94,9.89,,,7.79,,,,,,,0.15,7.34,0.28,,1.22,,,
Mirae Asset Nifty IT ETF,,,,,,,,,,,,,,,,,,,,,,,,,,,,,,,,,,,,,,,,,,,100,,,,,,,,,,,,,,,,,,,,,,,,,,,,,,,,,,,,,,,,
Mirae Asset Nifty Metal ETF,,,,,,,,,,,,,,,,,,,,,,,,,,,,,,,,,,,,,,,,,,,,,,,14.88,,,20.82,,,,,,,,,,,,,,,,,,,,,,,53.79,,,,,,,9.92,,,
Mirae Asset Nifty Midcap 150 ETF,,1.82,,0.38,1.57,1.4,7.57,0.45,1.54,5.29,2.11,1.89,1.52,,2.5,,0.62,2.41,0.4,0.65,0.58,0.82,1.64,,0.73,,0.28,,0.16,0.81,10.37,2.22,1.55,,3.98,,,,,,0.5,0.72,6.78,,0.57,,0.66,6.59,,0.92,,0.46,,,7.35,,,1.29,,2.18,,,,0.64,1.16,3.13,1.22,,0.1,,1.15,,2.57,,,1.52,1.5,1.29,,0.64,,1.73,
Mirae Asset Nifty MidSmallcap400 Momentum Quality 100 ETF,,1.64,,,0.99,0.33,1.14,,1.92,7.34,3.63,,,,5.17,,0.73,4.19,,0.69,,0.45,,,,,,,,2.36,13.32,5.05,1.92,,1.87,,,,,,0.14,,15.53,,,,0.85,7.41,,,,0.99,,,6.6,,,,,0.3,,,,,2.51,0.65,,,,,3.3,,2.75,,,2.31,,,0.9,1.07,,1.85,
Mirae Asset Nifty Next 50 ETF,,,4.91,1.76,3.1,4.19,5.13,,,6,3.87,,3.32,,1.97,,,,,,,,3.07,,,,,,,,11.7,8.64,2.15,,,,,2.79,,,,4.03,2.06,,,,3.27,,,,,,,,6.14,,,,,8.61,,,,,,3.87,4.99,,2.69,,,,1.46,,,,,,,,,,
Mirae Asset Nifty PSU Bank ETF,,,,,,,98.18,,,,,,,,,,,,,,,,,,,,,,,,,,,,,,,,,,,,,,,,,,,,,,,,,,,,,,,,,,,,,,,,,,,,,,,,,,,,
Mirae Asset Nifty Smallcap 250 Momentum Quality 100 ETF,,0.93,,,1.67,,,,,2.98,3.43,,,,4.6,,0.67,3.43,,,,1.12,0.78,,,,,,0.39,1.35,15.53,2.72,1.03,,4.94,,,,,,1.51,,13.17,,,0.34,0.31,9.24,,1.28,,,0.79,,7,,,0.43,,0.74,,,,,,2.31,0.33,,,,1.8,0.75,4.01,,1.81,0.87,,0.31,2.23,3.39,,1.2,0.59
Mirae Asset Nifty50 Equal Weight ETF,,,,,,11.78,11.97,,,,,,2.03,,,,,2.05,,1.99,1.99,,2.01,,,,,,,,8.21,4.01,,,2.03,,,,,,4.05,4.02,9.83,,,,1.97,,,2.03,,2.03,,,5.84,,1.92,,,4.04,,,,,,,2.02,,2,,,,3.98,,,,2.02,1.98,1.97,2.04,,,
Mirae Asset Nifty500 Multicap 50:25:25 ETF,,0.56,0.42,0.5,1.3,3.61,16.04,0.25,0.53,2.88,1.89,0.82,1.35,0.16,2.11,0.14,0.35,1.75,0.1,0.5,0.69,0.36,1.47,,0.19,0.15,0.12,,0.35,0.47,8.72,2.66,0.8,0.1,2.65,,0.07,0.5,0.14,,2.32,1.27,8.02,0.13,0.43,0.05,0.87,3.42,,0.77,0.03,0.56,0.16,,5.42,,0.37,0.4,,2.96,,0.06,0.06,0.16,0.35,1.75,4.41,0.04,0.74,,0.4,0.17,2.12,,0.29,0.58,2.49,1.06,1.53,0.99,,0.57,0.09
Motilal Oswal BSE Enhanced Value ETF,,,,,,6.97,30.51,,,,,,,,,,,,,7.36,,,,,,,,,1.69,,8.39,,9.88,,,,,,,,,2.17,,,,,,,,6.81,,,,,,,,,,,,,,,,,22.74,,,,,,3.04,,,,,,,,,,
Motilal Oswal BSE Healthcare ETF,,,,,,,,,,,,,,,0.51,,,,,,,,,,,,,,,,0.02,,,,26.29,0.03,,,,,,,,,,,,0.58,,,,,,,72.04,0.26,,,,,,,,,,,,,,,,,,,,,,,,,,,
Motilal Oswal BSE India Infrastructure ETF,,,7.95,,,,,,,6.45,,,,,,,8.4,,,8.08,,,,,,,,,,,11.46,,4.15,,,,,,,,21.08,,,,,0.3,,,,,,,,,,,,,,28.01,,,,,,3.14,,,,,,0.71,,,,,,,,,,,
Motilal Oswal BSE Low Volatility ETF,,3.32,,,,2.88,7.43,,,,,2.87,3.17,,3.33,,,,,,3.29,,,,,,,,,,6.13,13.8,,,3.29,,,,,,,7.07,8.96,2.82,,,,,,,,3.15,,,10.31,,,,,,,,,,,,3.54,,,,,,,,,,3.49,3.25,3.39,,,4.31,
Motilal Oswal BSE Quality ETF,,,,,,8.6,,,,2.83,7.13,,,,1.06,,,12.5,1.23,,,,,,,,0.8,,,,5.8,20.59,,,,,,,,,,,17.19,,,,,,,1.81,,,,,6.04,,,,,,,,,1.93,3.36,,,,6.2,,1.92,,,,,,,,,0.68,,,
Motilal Oswal Nifty 200 Momentum 30 ETF,,,5.2,1.45,,2.91,14.74,,,,1.1,,1.82,,3.16,,,6.92,,,,,2.97,,,,,,,,19.83,,,,4.32,,,2.05,,,,9.94,5.33,,,,,4.87,,,,,,,4.32,,,,,,,,,,,,,,,,1.54,,,,,,5.01,2.41,,,,,
Motilal Oswal Nifty 50 Equal Weight ETF,,,,,,11.78,11.97,,,,,,2.03,,,,,2.05,,1.99,1.99,,2.01,,,,,,,,8.18,4,,,2.02,,,,,,4.05,4.01,9.8,,,,1.97,,,2.03,,2.02,,,5.83,,1.92,,,4.02,,,,,,,2.01,,2,,,,3.97,,,,2.01,1.98,1.97,2.04,,,
Motilal Oswal Nifty 50 ETF,,,,,,7,30.91,,,,,,1.24,,,,,1.3,,0.82,1.31,,1.58,,,,,,,,4.87,2.51,,,0.63,,,,,,4.63,1.46,11.16,,,,0.77,,,0.86,,0.91,,,2.96,,0.62,,,2.54,,,,,,,8.75,,1.19,,,,1.97,,,,4.72,0.94,3.34,0.59,,,
Motilal Oswal Nifty 500 ETF,,0.38,0.6,0.38,0.92,4.9,20.63,0.14,0.35,2.16,1.3,0.51,1.49,0.07,1.26,0.06,0.2,1.48,0.07,0.6,0.88,0.21,1.65,,0.13,0.06,0.07,,0.16,0.25,7.49,3.06,0.65,0.04,1.66,,0.03,0.45,0.06,,2.93,1.54,8.74,0.05,0.23,0.02,1.01,1.94,,0.76,0.01,0.66,0.06,,4.6,,0.41,0.26,,3.2,,0.02,0.03,0.12,0.25,1.3,6.01,0.01,1.05,,0.26,0.07,2.04,,0.12,0.36,3.12,0.93,2.03,0.72,,0.37,0.04
Motilal Oswal Nifty 500 Momentum 50 ETF,,,5.19,0.96,,,4.81,,,1.75,1.23,0.5,,,4.3,0.77,,2.01,,,,,1.87,,,,,,,2.32,22.29,0.41,,,8.45,,,,,,,9.95,7.42,,,,,7.25,,,,0.83,,,5.86,,,,,1.5,,,,,,,,,,,2.33,,2.2,,,,0.95,2.65,0.82,0.93,,0.46,
Motilal Oswal Nifty Capital Market ETF,,,,,,,,,,,,,,,,,,,,,,,,,,,,,,,49.79,,,,,,,,,,,,,,,,,50.11,,,,,,,,,,,,,,,,,,,,,,,,,,,,,,,,,,,
Motilal Oswal Nifty India Defence ETF,0.31,,,,,,,,,,30.7,,,,15.86,,,20.32,,,,,,,,4.34,2.27,,,,,,,,,,,,,,,,3.34,,,,,,,,,,,,,,,,,,,,,,,,,,,,18.86,,0.79,,,3.25,,,,,,,
Motilal Oswal Nifty India Manufacturing ETF,,1.81,,,2.59,22.65,,,1.44,7.35,3.48,1.85,,,4.55,,,6.64,,,,0.8,,,,,,,,0.79,,,,,,,,,,,,,,,,,2.09,0.89,,3.36,,,0.34,,15.94,,,1.19,,,,,,,1.22,,8.05,,,,1.09,,7.8,,,,0.15,1.26,,,,1.83,
Motilal Oswal Nifty India Tourism ETF,,,17.38,,,,,,,,,,,,,,,,,,,,,,,,,,,,15.4,,,,,,2.34,34.25,,,,,1.81,,,,,14.18,,,,,,,,,,,,,,,2.05,9.66,,,,,,,,,,,,,,,,2.77,,,
Motilal Oswal Nifty Midcap 100 ETF,,2.31,,,0.61,1.77,9.59,,1.14,4.3,2.21,1.96,0.43,,1.48,,0.78,2.02,,0.82,0.74,1.04,2.07,,0.63,,0.35,,,,10.17,2.42,1.96,,3.28,,,,,,0.34,,8.17,,0.72,,0.84,8.07,,1.17,,,,,6.2,,,1.62,,2.5,,,,0.82,1.08,3.98,1.46,,0.12,,1.46,,1.75,,,1.93,1.91,1.63,,0.53,,1.5,
Motilal Oswal Nifty Midcap150 Momentum 50 ETF,,1.94,,,0.61,,5.04,,,6.77,1.56,,3.1,,4.77,,0.56,2.56,0.57,,0.6,,4.14,,,,,,,3.01,14.74,2.09,0.66,,7.5,,,,,,,,7.41,,,,,8.24,,,,1.06,,,4.73,,,,,,,,,,2.32,,1.64,,,,2.15,,3.81,,,2.19,1.23,3.4,,,,1.59,
Motilal Oswal Nifty Next 50 ETF,,,4.79,1.72,2.81,4.43,5.09,,,6.04,3.83,,3.69,,2.02,,,,,,,,3.03,,,,,,,,11.85,8.12,2.14,,,,,2.76,,,,4,2.11,,,,3.25,,,,,,,,6.07,,,,,8.52,,,,,,3.85,4.94,,2.62,,,,1.4,,,,,,,,,,
Motilal Oswal Nifty PSE ETF,,,,,,,,,,2.73,7.44,,,,,,1.79,12.1,,9.5,,,,,,,,,,,11.03,,4.12,,,,,,,,,,,,1.66,,9.06,,,,,,,,,,,,,25.73,,,,1.9,,,12.9,,,,,,,,,,,,,,,,
Motilal Oswal Nifty Realty ETF,,,,,,,,,,,,,,,,,,,,,,,,,,,,,,,,,,,,,,,,,,,,,,,,,,,,,,,,,,,,,,,,,,99.03,,,,,,,,,,,,0.98,,,,,
Motilal Oswal Nifty Smallcap 250 ETF,,0.39,,1.01,2.67,,3.66,0.55,0.59,4.18,4.12,1.37,0.75,0.64,5.32,0.57,0.79,2.47,,,,0.65,0.49,,,0.59,0.2,,1.19,1.06,12.49,1.22,0.96,0.41,5.6,,0.28,1.02,0.54,,1.1,0.58,6.08,0.5,1.16,0.22,0.4,7.03,,0.72,0.14,0.25,0.63,,7.34,,0.47,0.3,,2.56,,0.22,0.25,,0.24,2.49,0.16,0.14,,,0.44,0.67,2.07,,1.19,0.8,0.62,1.39,0.6,2.42,,0.62,0.37
Nippon India BSE Sensex Next 30 ETF,,,4.73,,,6.86,2.29,,,,3.66,,,,,,,,,3.82,,,,,,,,,,,12.76,8.78,,,6.71,,,2.69,,,,6.85,3.02,,,,6.7,,,4,,,,,10.04,,2.84,,,2.7,,,,,,,,,,,,,3.9,,,,,4.35,,2.79,,,
Nippon India ETF Nifty 100,,,0.84,0.3,0.53,6.53,26.54,,,1.03,0.66,,1.6,,0.34,,,1.08,,0.68,1.09,,1.83,,,,,,,,6.06,3.56,0.37,,0.52,,,0.48,,,3.85,1.89,9.63,,,,1.2,,,0.72,,0.76,,,3.51,,0.51,,,3.58,,,,,,0.66,8.12,,1.45,,,,1.88,,,,3.92,0.78,2.77,0.49,,,
Nippon India ETF Nifty 50 BeES,,,,,,7,30.95,,,,,,1.24,,,,,1.3,,0.82,1.31,,1.58,,,,,,,,4.88,2.52,,,0.63,,,,,,4.63,1.46,11.17,,,,0.77,,,0.86,,0.91,,,2.96,,0.62,,,2.54,,,,,,,8.76,,1.19,,,,1.97,,,,4.72,0.94,3.34,0.59,,,
Nippon India ETF Nifty 50 Shariah BeES,,,,,,2.68,,,,,,,6.98,,,,,,,4.62,,,,,,,,,,,,14.21,,,3.56,,,,,,,,31.32,,,,4.33,,,,,5.15,,,16.71,,3.48,,,,,,,,,,,,6.72,,,,,,,,,,,,,,
Nippon India ETF Nifty 50 Value 20,,,,,,11.83,24.77,,,,,,,,,,,,,2.47,,,,,,,,,,,,,,,,,,,,,,,30.7,,,,2.32,,,2.61,,,,,4.25,,,,,7.68,,,,,,,,,,,,,,,,,,2.83,10.1,,,,
Nippon India ETF Nifty Bank BeES,,,,,,,99.41,,,,,,,,,,,,,,,,,,,,,,,,,,,,,,,,,,,,,,,,,,,,,,,,,,,,,,,,,,,,,,,,,,,,,,,,,,,,
Nippon India ETF Nifty Dividend Opportunities 50,,,,,,2.4,11.92,,,,1.21,,,,0.28,,,,,3.12,,,,,,,,,,,8.84,8.03,2.36,,,,,,,,,0.31,30.42,,,,5.05,0.39,,0.9,,,,,,,,,,8.78,,,,,0.82,,4.26,,,,,,0.5,,,,,,9.82,,,,
Nippon India ETF Nifty India Consumption,,,3.57,1.28,,22.47,,,,1.19,,,,,,,,,,,4.63,,7.35,,,,,,,,,15.27,,,5.12,,,2.03,,,,,,,,,,,,,,3.22,,,,,2.18,,,3.47,,,,,,1.64,,,6.17,,,,,,,,10.11,,9.89,,,,
Nippon India ETF Nifty Infrastructure BeES,,,3.29,,1.28,1.01,,,,2.04,1.29,0.98,6.24,,,,,,,2.66,,,,,,,,,,,,,1.44,,4.71,,,1.87,,,15.08,,,,,,,,,,,,,,,,,,,11.05,,,,,,2.5,24.49,,,,,,,,,1.56,15.36,3.05,,,,,
Nippon India ETF Nifty IT,,,,,,,,,,,,,,,,,,,,,,,,,,,,,,,,,,,,,,,,,,,99.98,,,,,,,,,,,,,,,,,,,,,,,,,,,,,,,,,,,,,,,,
Nippon India ETF Nifty Midcap 150,,1.83,,0.39,1.57,1.4,7.58,0.45,1.55,5.31,2.11,1.9,1.53,,2.51,,0.62,2.42,0.4,0.65,0.59,0.82,1.64,,0.74,,0.28,,0.16,0.81,10.02,2.23,1.55,,4,,,,,,0.5,0.72,6.8,,0.57,,0.66,6.61,,0.92,,0.46,,,7.37,,,1.29,,2.19,,,,0.65,1.16,3.16,1.22,,0.1,,1.16,,2.57,,,1.53,1.5,1.29,,0.64,,1.73,
Nippon India ETF Nifty Next 50 Junior BeES,,,4.91,1.76,3.1,4.19,5.13,,,6,3.87,,3.32,,1.97,,,,,,,,3.07,,,,,,,,11.7,8.64,2.15,,,,,2.79,,,,4.03,2.06,,,,3.27,,,,,,,,6.14,,,,,8.61,,,,,,3.87,4.99,,2.69,,,,1.46,,,,,,,,,,
Nippon India ETF Nifty PSU Bank BeES,,,,,,,98.28,,,,,,,,,,,,,,,,,,,,,,,,,,,,,,,,,,,,,,,,,,,,,,,,,,,,,,,,,,,,,,,,,,,,,,,,,,,,
Nippon India Nifty Auto ETF,,,,,8.11,81.29,,,,,,3.09,,,,,,,,,,,,,,,,,,,,,,,,,,,,,,,,,,,,2.94,,,,,,,,,,,,,,,,,,,,,,,,,,,,,,,,,,4.29,
Nippon India Nifty Pharma ETF,,,,,,,,,,,,,,,,,,,,,,,,,,,,,,,,,,,3.58,,,,,,,,,,,,,,,,,,,,96.25,,,,,,,,,,,,,,,,,,,,,,,,,,,,
Quantum Nifty 50 ETF,,,,,,7.01,30.94,,,,,,1.22,,,,,1.3,,0.82,1.31,,1.58,,,,,,,,4.86,2.52,,,0.63,,,,,,4.64,1.46,11.18,,,,0.77,,,0.87,,0.91,,,2.96,,0.62,,,2.54,,,,,,,8.77,,1.19,,,,1.97,,,,4.69,0.94,3.34,0.59,,,
SBI BSE PSU Bank ETF,,,,,,,98.12,,,,,,,,,,,,,,,,,,,,,,,,,,,,,,,,,,,,,,,,,,,,,,,,,,,,,,,,,,,,,,,,,,,,,,,,,,,,
SBI Nifty 200 Quality 30 ETF,,,,,,6.47,,,2.21,2.1,6.11,,,,2.56,,,4.95,,,,,,,,,,,,,2.89,21.26,1.38,,,,,,,,,,25.9,,,,4.81,,,2.04,,4.19,,,,,,,,,,,,2.39,2.6,,2.9,,,,,,,,,,,,4.94,,,,
SBI Nifty 50 ETF,,,,,,7,30.96,,,,,,1.24,,,,,1.3,,0.82,1.31,,1.58,,,,,,,,4.88,2.52,,,0.63,,,,,,4.63,1.46,11.17,,,,0.77,,,0.86,,0.91,,,2.96,,0.62,,,2.54,,,,,,,8.76,,1.19,,,,1.97,,,,4.72,0.94,3.34,0.59,,,
SBI Nifty Bank ETF,,,,,,,99.4,,,,,,,,,,,,,,,,,,,,,,,,,,,,,,,,,,,,,,,,,,,,,,,,,,,,,,,,,,,,,,,,,,,,,,,,,,,,
SBI Nifty Consumption ETF,,,3.58,1.29,,22.5,,,,1.19,,,,,,,,,,,4.64,,7.36,,,,,,,,,15.29,,,5.12,,,2.04,,,,,,,,,,,,,,3.23,,,,,2.18,,,3.49,,,,,,1.64,,,6.17,,,,,,,,10.12,,9.91,,,,
SBI Nifty IT ETF,,,,,,,,,,,,,,,,,,,,,,,,,,,,,,,,,,,,,,,,,,,99.99,,,,,,,,,,,,,,,,,,,,,,,,,,,,,,,,,,,,,,,,
SBI Nifty Next 50 ETF,,,4.91,1.76,3.1,4.19,5.13,,,6,3.87,,3.32,,1.97,,,,,,,,3.07,,,,,,,,11.7,8.64,2.15,,,,,2.79,,,,4.03,2.06,,,,3.27,,,,,,,,6.14,,,,,8.61,,,,,,3.87,4.99,,2.69,,,,1.46,,,,,,,,,,
SBI Nifty Private Bank ETF,,,,,,,99.78,,,,,,,,,,,,,,,,,,,,,,,,,,,,,,,,,,,,,,,,,,,,,,,,,,,,,,,,,,,,,,,,,,,,,,,,,,,,
SBI Nifty50 Equal Weight ETF,,,,,,11.79,11.97,,,,,,2.03,,,,,2.05,,1.99,1.99,,2.01,,,,,,,,8.21,4.01,,,2.03,,,,,,4.05,4.02,9.83,,,,1.97,,,2.03,,2.03,,,5.84,,1.92,,,4.04,,,,,,,2.02,,2,,,,3.99,,,,2.02,1.98,1.97,2.04,,,
Tata Nifty 50 Exchange Traded Fund,,,,,,7,30.92,,,,,,1.24,,,,,1.3,,0.82,1.31,,1.58,,,,,,,,4.87,2.51,,,0.63,,,,,,4.63,1.46,11.17,,,,0.77,,,0.86,,0.91,,,2.96,,0.62,,,2.54,,,,,,,8.76,,1.19,,,,1.97,,,,4.72,0.94,3.34,0.59,,,
Tata Nifty India Digital Exchange Traded Fund,,,,,,,,,,,,,,,,,,,,,,,26.41,,,,,,,,,,,,,,,,,,,,49.6,,,,,7.38,,,,,,,,,,,,,,,,3.24,,,,,,,,,,,,,13.17,,,,,,
Tata Nifty Private Bank ETF,,,,,,,99.72,,,,,,,,,,,,,,,,,,,,,,,,,,,,,,,,,,,,,,,,,,,,,,,,,,,,,,,,,,,,,,,,,,,,,,,,,,,,
UTI-BSE Sensex ETF,,,,,,5.97,35.74,,,,,,1.44,,,,,1.53,,,1.53,,1.86,,,,,,,,3.61,2.08,,,,,,,,,5.43,,12.31,,,,,,,,,1.07,,,1.8,,,,,3,,,,,,,10.3,,1.39,,,,1.34,,,,5.35,,3.91,,,,
UTI-BSE Sensex Next 50 ETF,,,,1.52,1.67,4.49,9.46,,,4.19,1.69,,2.86,,1.7,,,2.12,,,,,2.11,,,,,,,,10.78,9.05,1.88,,3.44,,,2.45,,,,4.98,6.47,,,,2.83,3.41,,,,,,,4.88,,,,,5.24,,,,,,1.97,4.34,,2.39,,,,,,,2.03,,1.72,,,,,
UTI-Nifty 50 Exchange Traded Fund,,,,,,7,30.95,,,,,,1.24,,,,,1.3,,0.82,1.31,,1.58,,,,,,,,4.88,2.52,,,0.63,,,,,,4.63,1.46,11.17,,,,0.77,,,0.86,,0.91,,,2.96,,0.62,,,2.54,,,,,,,8.76,,1.19,,,,1.97,,,,4.72,0.94,3.34,0.59,,,
UTI-Nifty Bank Exchange Traded Fund,,,,,,,99.4,,,,,,,,,,,,,,,,,,,,,,,,,,,,,,,,,,,,,,,,,,,,,,,,,,,,,,,,,,,,,,,,,,,,,,,,,,,,
UTI-Nifty IT ETF,,,,,,,,,,,,,,,,,,,,,,,,,,,,,,,,,,,,,,,,,,,99.98,,,,,,,,,,,,,,,,,,,,,,,,,,,,,,,,,,,,,,,,
UTI-Nifty Midcap 150 ETF,,1.82,,0.38,1.57,1.4,7.55,0.44,1.54,5.28,2.1,1.89,1.52,,2.5,,0.62,2.4,0.4,0.65,0.58,0.82,1.64,,0.73,,0.28,,0.16,0.81,10.36,2.22,1.55,,3.98,,,,,,0.5,0.71,6.77,,0.57,,0.66,6.58,,0.92,,0.46,,,7.36,,,1.28,,2.18,,,,0.64,1.18,3.12,1.22,,0.1,,1.15,,2.57,,,1.52,1.5,1.28,,0.65,,1.76,
UTI-Nifty Next 50 ETF,,,4.91,1.76,3.1,4.19,5.13,,,6,3.87,,3.32,,1.97,,,,,,,,3.07,,,,,,,,11.7,8.64,2.15,,,,,2.79,,,,4.03,2.06,,,,3.27,,,,,,,,6.14,,,,,8.61,,,,,,3.87,4.99,,2.69,,,,1.46,,,,,,,,,,
Zerodha Nifty 100 ETF,,,0.84,0.3,0.53,6.53,26.53,,,1.03,0.66,,1.59,,0.34,,,1.08,,0.68,1.09,,1.83,,,,,,,,6.05,3.56,0.37,,0.52,,,0.48,,,3.84,1.89,9.61,,,,1.2,,,0.72,,0.76,,,3.5,,0.51,,,3.57,,,,,,0.66,8.11,,1.45,,,,1.88,,,,3.91,0.78,2.77,0.49,,,
Zerodha Nifty Midcap 150 ETF,,1.82,,0.38,1.57,1.4,7.56,0.44,1.54,5.3,2.1,1.89,1.52,,2.5,,0.62,2.41,0.4,0.65,0.58,0.82,1.64,,0.73,,0.28,,0.16,0.81,10.37,2.22,1.55,,3.98,,,,,,0.5,0.72,6.77,,0.57,,0.66,6.59,,0.92,,0.46,,,7.35,,,1.29,,2.18,,,,0.64,1.16,3.13,1.22,,0.1,,1.15,,2.57,,,1.52,1.5,1.29,,0.64,,1.72,
Grand Total,0.62,52.9,147.64,61.51,174.77,1082.86,4345.62,9.83,46.33,265.51,236.37,62.43,178.63,1.71,218.93,3.05,40.89,324.95,8.26,166.42,118.9,19.39,250.06,0.01,10.7,11.5,10.6,0.02,9.12,30.78,1100.21,682.57,115.06,1.1,378.68,0.03,3.03,109.85,1.93,0.02,298.46,308.9,2265.12,4.84,32,1.17,240.69,331.45,0.01,152.42,0.38,110.15,3.16,0.07,1080.11,0.28,53.91,27.36,0.03,529.32,0.02,1.05,2.92,55.85,45.37,232.39,697.63,0.38,139.3,0.01,92.07,4.17,317.11,0.02,4.93,39.99,377.37,131.59,340.42,84.14,0.01,45.89,1.58
