Scheme_name,Abrasives And Grinding Wheels,Air-conditioners,Aluminium and Aluminium Products,Auto Ancillaries,Automobiles - LCVs / HCVs,Automobiles - Motorcycles / Mopeds,Automobiles - Passenger Cars,Automobiles - Scooters And 3 - Wheelers,Automobiles - Tractors,Banks - Private Sector,Banks - Public Sector,Bearings,Breweries & Distilleries,Cables - Power,Cables - Telephone,Castings & Forgings,Cement - North India,Cement - South India,Ceramics - Tiles / Sanitaryware,Chemicals,Cigarettes,Compressors / Drilling Equipment,Computers - Hardware,Computers - Software - Large,Computers - Software - Medium / Small,Construction,Couriers,Diamond Cutting / Jewellery,Diversified - Large,Diversified - Mega,Domestic Appliances,Electric Equipment,Electrodes - Graphites,Electrodes - Welding Equipment,Electronics - Components,Electronics - Consumer,Engineering,Engineering - Turnkey Services,Engines,Entertainment / Electronic Media Software,Fertilizers,Finance - Housing,Finance - Term-Lending Institutions,Finance & Investments,Food - Processing - Indian,Food - Processing - MNC,Glass & Glass Products,Healthcare,Hotels,Leather / Leather Products,Mining / Minerals / Metals,Miscellaneous,Oil Drilling / Allied Services,Packaging,Paints / Varnishes,Personal Care - Indian,Personal Care - Multinational,Pesticides / Agrochemicals - Indian,Pesticides / Agrochemicals - Multinational,Petrochemicals,Pharmaceuticals - Indian - Bulk Drugs,Pharmaceuticals - Indian - Bulk Drugs & Formln,Pharmaceuticals - Indian - Formulations,Pharmaceuticals - Multinational,Plastics Products,Power Generation And Supply,Printing & Stationery,Pumps,Refineries,Refractories / Intermediates,Shipping,Solvent Extraction,Steel - Large,Steel - Medium / Small,Sugar,Tea,Telecommunications - Equipment,Telecommunications - Service Provider,Textile Machinery,Textiles - Cotton/Blended,Textiles - Manmade,Textiles - Processing,Textiles - Products,Trading,Transmisson Line Towers / Equipment,Transport - Airlines,Travel Agencies,Tyres
Aditya Birla SL BSE Sensex ETF,,,,,1.49,,5.07,,,32.15,3.54,,,,,,1.58,,,,4.03,,,11.54,,,,1.57,,,,,,,1.4,,,4.47,,,,,,3.53,,,,,,,,3.34,,,1.21,,2.52,,,,,1.79,,,,2.98,,,9.75,,,,1.35,,,,,5.26,,,,,,1.24,,,,
Aditya Birla SL Nifty 200 Momentum 30 ETF,,,,,,3.52,,,,14.97,,,1.43,,,,1.84,,,4.94,,,,2.37,2.72,,,,,,,,,,4.8,2.19,0.88,,,,,,,26.57,,,,4.21,2.2,,,11.35,,,,,,,,,4.19,,,,,,,,,,,,,,,,,5.07,,,,,,1.4,,5.29,,
Aditya Birla SL Nifty 200 Quality 30 ETF,,,,,,3.37,,4.01,,,,,,2.48,,,,,,2.65,5.03,,,20.4,3.54,,,,,,,2.14,,,4.49,,3.24,,3.02,,,,,3.15,,9.42,,,,,6.73,1.36,,,4.67,,10,,,,,,,,,,,,2.79,,,2.92,,,,,,,,,,,2.41,,,,2.19,
Aditya Birla SL Nifty 50 ETF,,,0.92,,1.26,1.36,4.3,0.86,,27.82,2.78,,,,,,1.35,,,,3.44,,,10.5,,,,1.35,,,,,,,1.19,,,3.81,,,,,,6.17,,0.75,,0.69,,,0.77,2.84,0.82,,1.03,,2.13,,,,,3.05,,,,2.53,,,8.3,,,,2.03,,,0.63,,4.64,,,0.96,,,1.59,,,,
Aditya Birla SL Nifty Bank ETF,,,,,,,,,,82.92,16.87,,,,,,,,,,,,,,,,,,,,,,,,,,,,,,,,,,,,,,,,,,,,,,,,,,,,,,,,,,,,,,,,,,,,,,,,,,,,,
Aditya Birla SL Nifty Healthcare ETF,,,,,,,,,,,,,,,,,,,,,,,,,,,,,,,,,,,,,,,,,,,,,,,,21.95,,,,1.24,,,,,,,,,8.14,63.06,3.89,1.71,,,,,,,,,,,,,,,,,,,,,,,,
Aditya Birla SL Nifty IT ETF,,,,,,,,,,,,,,,,,,,,,,,,94.16,5.83,,,,,,,,,,,,,,,,,,,,,,,,,,,,,,,,,,,,,,,,,,,,,,,,,,,,,,,,,,,,,,,
Aditya Birla SL Nifty Next 50 ETF,,,,3.32,,3.38,1.54,,,,4.96,,1.7,,,,3.34,,,2.07,,,,2.09,,3.55,,,,,,5.99,,,,,3.62,,,,,0.46,5.28,8.86,2.87,3.02,,,2.93,,3.14,5.07,,,,3.55,,,,,3.42,1.08,1.64,,,8.44,,,4.87,,,,1.54,,,,,,,,,,,3.08,,4.87,,
Aditya Birla SL Nifty PSE ETF,,,,,,,,,,,,,,,,,,,,,,,,,,1.5,,,,,,2.34,,,11.59,,7.21,,,,,,10.52,,,,,,,,9.54,5.68,9.81,,,,,,,,,,,,,26.66,,,12.86,,,,,,,,,,,,,,,,,,1.83,
AXIS BSE Sensex ETF,,,,,1.49,,5.08,,,32.17,3.5,,,,,,1.56,,,,4.03,,,11.54,,,,1.57,,,,,,,1.37,,,4.47,,,,,,3.53,,,,,,,,3.35,,,1.21,,2.52,,,,,1.79,,,,2.99,,,9.76,,,,1.35,,,,,5.26,,,,,,1.23,,,,
AXIS Nifty 50 ETF,,,0.92,,1.26,1.35,4.29,0.86,,27.82,2.77,,,,,,1.35,,,,3.43,,,10.48,,,,1.35,,,,,,,1.19,,,3.82,,,,,,6.16,,0.75,,0.69,,,0.77,2.84,0.82,,1.02,,2.12,,,,,3.05,,,,2.52,,,8.29,,,,2.03,,,0.63,,4.65,,,0.96,,,1.59,,,,
AXIS Nifty Bank ETF,,,,,,,,,,82.92,16.85,,,,,,,,,,,,,,,,,,,,,,,,,,,,,,,,,,,,,,,,,,,,,,,,,,,,,,,,,,,,,,,,,,,,,,,,,,,,,
AXIS Nifty India Consumption ETF,,,,,,6.79,14.29,2.87,,,,,1.16,,,,,,,,9.58,,,,,1.42,,4.49,,,,1.14,,,,,,,,,,,,,1.96,4.54,,4.87,2,,,8.13,,,3.41,1.5,7.98,,,,,,,,,3.29,,,,,,,,,,2.07,,9.37,,,,,,5.62,,3.32,,
AXIS Nifty IT ETF,,,,,,,,,,,,,,,,,,,,,,,,94.15,5.83,,,,,,,,,,,,,,,,,,,,,,,,,,,,,,,,,,,,,,,,,,,,,,,,,,,,,,,,,,,,,,,
AXIS Nifty500 Value 50 ETF,,,6.31,,5.11,,3.4,,,5.03,12.5,,,,,,,,,0.82,,,,,,0.49,,,,,,,,,,,,,,0.5,0.4,1.13,4.57,1.05,,,,,,,11.47,2.48,5.73,,,,,1.79,,,,,,,,10.64,,,11.35,,0.96,,6.9,,,,,,,,5.04,,,1.63,,,,
Bajaj Finserv Nifty 50 ETF,,,0.92,,1.26,1.36,4.3,0.86,,27.82,2.78,,,,,,1.35,,,,3.44,,,10.5,,,,1.35,,,,,,,1.19,,,3.81,,,,,,6.17,,0.75,,0.69,,,0.77,2.84,0.82,,1.03,,2.13,,,,,3.05,,,,2.53,,,8.3,,,,2.03,,,0.63,,4.64,,,0.96,,,1.59,,,,
Bajaj Finserv Nifty Bank ETF,,,,,,,,,,82.92,16.87,,,,,,,,,,,,,,,,,,,,,,,,,,,,,,,,,,,,,,,,,,,,,,,,,,,,,,,,,,,,,,,,,,,,,,,,,,,,,
Bandhan Nifty 50 ETF,,,0.92,,1.26,1.35,4.3,0.86,,27.8,2.78,,,,,,1.35,,,,3.44,,,10.49,,,,1.35,,,,,,,1.19,,,3.81,,,,,,6.17,,0.75,,0.69,,,0.77,2.84,0.82,,1.03,,2.13,,,,,3.05,,,,2.52,,,8.29,,,,2.03,,,0.63,,4.64,,,0.96,,,1.59,,,,
Baroda BNP Paribas NIFTY Bank ETF,,,,,,,,,,82.69,16.77,,,,,,,,,,,,,,,,,,,,,,,,,,,,,,,,,,,,,,,,,,,,,,,,,,,,,,,,,,,,,,,,,,,,,,,,,,,,,
Bharat 22 ETF,,,4.58,,,,,,,7.72,9.69,,,,,,,,,,14.06,,,,,,,,,,,,,,5.59,,,16.17,,,,,2.55,,,,,,,,5.11,3.22,5.45,,,,,,,,,,,,,19.01,,,6.6,,,,,,,,,,,,,,,,,,,
CPSE ETF,,,,,,,,,,,,,,,,,,,,,,,,,,,,,,,,,,,19.28,,,,,,,,,,,,,,,,13.16,3.67,17.32,,,,,,,,,,,,,46.22,,,,,,,,,,,,,,,,,,,,,,
DSP BSE Sensex ETF,,,,,1.49,,5.07,,,32.14,3.54,,,,,,1.58,,,,4.03,,,11.53,,,,1.57,,,,,,,1.4,,,4.47,,,,,,3.53,,,,,,,,3.34,,,1.2,,2.52,,,,,1.79,,,,2.98,,,9.75,,,,1.35,,,,,5.26,,,,,,1.24,,,,
DSP BSE SENSEX Next 30 ETF,,,4.26,,,3.51,,4.05,,2.04,,,,,,,,,,,,,,2.97,,,,,,,,,,,,,3.42,,,,,,4.14,14.66,2.77,6.37,,6.81,2.82,,6.56,,3.84,,,,,,,,3.28,7.02,,,,2.62,,,,,,,4.12,,,2.88,,,,,4.45,,,2.51,,4.66,,
DSP Nifty 50 Equal Weight ETF,,,2.13,,2.02,4.64,4.39,2.09,,9.33,2.04,,,,,,2.19,,,,2,,,9.04,,,,2.02,,,,,,,1.85,,,2.02,,,,,,11.7,,1.96,,2.2,,,1.95,4.39,1.97,,2.25,,2.38,,,,,5.99,,,,3.94,,,1.88,,,,4.05,,,1.92,,1.96,,,1.99,,,3.57,,,,
DSP Nifty 50 ETF,,,0.92,,1.26,1.36,4.3,0.86,,27.8,2.78,,,,,,1.35,,,,3.44,,,10.49,,,,1.35,,,,,,,1.19,,,3.81,,,,,,6.17,,0.75,,0.69,,,0.77,2.84,0.82,,1.03,,2.13,,,,,3.05,,,,2.52,,,8.29,,,,2.03,,,0.63,,4.64,,,0.96,,,1.59,,,,
DSP Nifty Bank ETF,,,,,,,,,,82.9,16.87,,,,,,,,,,,,,,,,,,,,,,,,,,,,,,,,,,,,,,,,,,,,,,,,,,,,,,,,,,,,,,,,,,,,,,,,,,,,,
DSP Nifty IT ETF,,,,,,,,,,,,,,,,,,,,,,,,94.15,5.83,,,,,,,,,,,,,,,,,,,,,,,,,,,,,,,,,,,,,,,,,,,,,,,,,,,,,,,,,,,,,,,
DSP Nifty Midcap 150 Quality 50 ETF,,,,,,,,,,,,1.5,,4.64,,1.24,,,,2.42,,,,8.24,6.98,,,,1.5,,,1.55,,,1.01,3.43,1.22,,3.31,0.87,1.98,,,11.1,,,,,,,4.52,8.38,,,1.52,1.68,4.89,2.1,,,,2.08,1.38,4.02,3.33,,,,,,,3.36,3.86,,,,,,,,,,3.84,,,,2.52,1.38
DSP Nifty Private Bank ETF,,,,,,,,,,99.79,,,,,,,,,,,,,,,,,,,,,,,,,,,,,,,,,,,,,,,,,,,,,,,,,,,,,,,,,,,,,,,,,,,,,,,,,,,,,,
DSP Nifty PSU Bank ETF,,,,,,,,,,,99.96,,,,,,,,,,,,,,,,,,,,,,,,,,,,,,,,,,,,,,,,,,,,,,,,,,,,,,,,,,,,,,,,,,,,,,,,,,,,,
DSP Nifty Top 10 Equal Weight ETF,,,,,,,,,,39.41,,,,,,,,,,,10.5,,,19.25,,,,,,,,,,,,,,10.61,,,,,,,,,,,,,,,,,,,,,,,,,,,,,,,9.86,,,,,,,,,10.25,,,,,,,,,,
Edelweiss Nifty500 Multicap Momentum Quality 50 ETF,,,,,,5.27,,,,,,,,,,,,,,3.88,1.27,,,8.17,7.14,,,,,,,6.91,,,4.88,3.63,4.73,,,,2.53,,,13.26,0.44,10.33,,1.1,,,,10.53,,,,,0.54,,,,4.99,0.61,0.26,1.28,,,,,3.29,,,2.7,,,,,,,,,,,1.96,,,,,
Groww Nifty 200 ETF,,0.19,0.73,0.69,1.1,1.44,3.17,0.6,0.07,20.25,3.04,,0.24,0.22,,0.18,1.47,,,0.76,2.37,,,8.17,1.01,1.29,,1.05,,,,1.51,,,0.82,0.4,0.59,2.62,0.32,,,0.16,0.87,6.57,0.41,0.94,,1,0.56,,1.22,4.53,0.69,,0.71,0.5,1.66,0.41,,,0.48,3.37,0.23,,0.28,3.3,,,6.61,,,0.36,2.1,,,0.43,,3.49,,,0.66,,0.18,1.88,0.28,0.69,0.13,0.3
Groww Nifty 500 Momentum 50 ETF,,,,,,,,,,4.8,,,1.15,,,0.47,,,,7.11,1.1,,,2.58,4.18,,,,,,,1.83,,,2.03,,1,,,,2.35,0.54,,28.83,0.39,,,8.87,,,1.36,15.22,,,0.82,,,,,,4.58,,0.61,0.65,,1.02,,,,,,,0.67,,,,,0.96,,,,,,0.76,,5.39,,0.43
Groww Nifty EV & New Age Automotive ETF,,,,27.95,8.72,5.2,17.67,8.06,,,,,,3.92,,0.66,,,,7.92,,,,2.37,8.94,,,,,,,4.02,,,,,0.1,,,,,,,0.05,,,,,,,,,,,,,,,,,,,,,,,,,3.62,,,,0.71,,,,,,,,,,,,,,,
Groww Nifty India Defence ETF,,,,,,,,,,,,,,,,,,,,14.88,,,,,,,,,,,,,,,25.71,,33.97,,,,,,,,,,,,,,,20.77,,,,,,,,,,,,,,,,,,,,,,0.78,,,3.83,,,,,,,,,,,
Groww Nifty India Railways PSU ETF,,,,,,,,,,,,,,,,,,,,,,,,,,19.68,,,,,,1.24,,,6.12,,0.34,,,,,,18.54,,,,,,,,,18.84,4.2,,,,,,,,,,,,,7.18,,,1.77,,,,0.79,,,,0.13,2.52,,,,,,,,,18.34,
HDFC BSE 500 ETF,0.1,0.3,0.64,1.18,0.99,1.25,2.77,0.52,0.07,17.79,2.84,0.21,0.4,0.37,0.04,0.33,1.51,0.18,0.07,1.53,2.13,0.07,,7.16,1.47,1.47,0.02,0.9,0.05,0.03,0.05,1.84,0.04,0.01,1.02,0.35,0.7,2.37,0.32,0.15,0.22,0.45,0.79,7.12,0.45,0.82,0.05,1.6,0.73,0.09,1.21,4.6,0.6,,0.74,0.52,1.55,0.42,0.03,0.03,0.52,3.67,0.43,0.28,0.28,2.98,0.02,0.03,5.79,0.02,0.05,0.36,2.1,0.1,0.09,0.4,0.02,2.87,0.05,0.04,0.57,0.01,0.31,1.98,0.38,0.6,0.13,0.38
HDFC BSE SENSEX ETF,,,,,1.49,,5.07,,,32.15,3.54,,,,,,1.58,,,,4.03,,,11.54,,,,1.57,,,,,,,1.41,,,4.47,,,,,,3.53,,,,,,,,3.34,,,1.21,,2.52,,,,,1.79,,,,2.98,,,9.76,,,,1.35,,,,,5.26,,,,,,1.24,,,,
HDFC NIFTY 100 ETF,,,0.76,0.56,1.05,1.7,3.83,0.72,,23.08,3.15,,0.29,,,,1.7,,,0.35,2.86,,,9.06,,0.61,,1.12,,,,1.02,,,0.99,,0.62,3.17,,,,0.08,0.9,6.64,0.49,1.13,,0.58,0.5,,1.17,3.22,0.68,,0.85,0.6,1.77,,,,0.58,2.71,0.28,,,3.53,,,7.71,,,,1.95,,,0.52,,3.85,,,0.79,,,1.84,,0.83,,
HDFC Nifty 50 ETF,,,0.92,,1.26,1.36,4.3,0.86,,27.82,2.78,,,,,,1.35,,,,3.44,,,10.5,,,,1.35,,,,,,,1.19,,,3.81,,,,,,6.17,,0.75,,0.69,,,0.77,2.84,0.82,,1.03,,2.13,,,,,3.05,,,,2.53,,,8.3,,,,2.03,,,0.63,,4.64,,,0.96,,,1.59,,,,
HDFC NIFTY Bank ETF,,,,,,,,,,82.93,16.87,,,,,,,,,,,,,,,,,,,,,,,,,,,,,,,,,,,,,,,,,,,,,,,,,,,,,,,,,,,,,,,,,,,,,,,,,,,,,
HDFC NIFTY Growth Sectors 15 ETF,,,,,,13.36,14.77,,,,,,,,,,,,,,,,,26.58,,,,,,,,,,,,3.82,,,,,,,,,,,,4.53,,,,,,,,2.94,13.9,,,,4.58,15.38,,,,,,,,,,,,,,,,,,,,,,,,,,
HDFC NIFTY IT ETF,,,,,,,,,,,,,,,,,,,,,,,,94.16,5.83,,,,,,,,,,,,,,,,,,,,,,,,,,,,,,,,,,,,,,,,,,,,,,,,,,,,,,,,,,,,,,,
HDFC NIFTY Midcap 150 ETF,,1.62,0.48,2.36,1.05,0.16,,,0.34,5.27,2,0.45,0.39,1.72,,1.19,1.18,0.55,,3.48,,,,3.48,4.74,3.72,,0.56,0.25,,,5.48,,,0.25,1.88,0.38,,1.5,0.16,0.79,0.48,0.62,8.04,,,,4.21,0.69,,1.63,9.88,0.62,,0.44,0.33,0.89,1.92,,,,5.81,0.73,0.81,1.33,2.07,,,1.11,,,1.92,2.97,,,,,1.44,,,,,1.21,1.66,1.3,,0.6,1.79
HDFC NIFTY NEXT 50 ETF,,,,3.32,,3.38,1.54,,,,4.97,,1.7,,,,3.34,,,2.07,,,,2.09,,3.56,,,,,,5.99,,,,,3.62,,,,,0.46,5.28,8.86,2.87,3.02,,,2.93,,3.14,5.07,,,,3.55,,,,,3.42,1.08,1.64,,,8.44,,,4.87,,,,1.54,,,,,,,,,,,3.08,,4.87,,
HDFC NIFTY Private Bank ETF,,,,,,,,,,99.82,,,,,,,,,,,,,,,,,,,,,,,,,,,,,,,,,,,,,,,,,,,,,,,,,,,,,,,,,,,,,,,,,,,,,,,,,,,,,,
HDFC NIFTY PSU BANK ETF,,,,,,,,,,,100,,,,,,,,,,,,,,,,,,,,,,,,,,,,,,,,,,,,,,,,,,,,,,,,,,,,,,,,,,,,,,,,,,,,,,,,,,,,,
HDFC NIFTY Smallcap 250 ETF,0.55,,,3.19,0.34,,,,,3.13,0.56,1.1,1.18,0.54,0.35,0.76,,0.8,0.72,5.57,0.79,0.54,0.19,,5.98,3.64,0.18,,0.51,0.26,0.43,3.06,0.39,,2.77,,2.13,1.02,0.4,1.36,0.86,2.93,0.18,9.53,0.74,,0.49,4.33,2.28,0.49,0.83,10.44,,0.13,0.26,0.25,0.44,0.37,0.35,,1.02,6.13,1.02,0.7,0.32,1.63,0.23,0.26,0.17,0.15,0.68,,1.54,0.94,1.22,0.33,0.4,0.3,,0.41,,0.11,0.91,1.88,1.31,0.11,0.23,0.58
HDFC NIFTY100 Low Volatility 30 ETF,,,,3.72,,3.51,3.98,2.68,,10.12,,,,,,,3.29,,,3,4.02,,,10.64,,,,3.29,,,,,,,,,,2.63,,,,,,5.79,,7.76,,3.93,,,,,,,3.99,3.21,4.41,,,,,10.49,3.27,,,,,,3.01,,,,,,,,,3.12,,,,,,,,,,
HDFC NIFTY200 Momentum 30 ETF,,,,,,3.52,,,,14.96,,,1.43,,,,1.85,,,4.94,,,,2.37,2.72,,,,,,,,,,4.8,2.2,0.88,,,,,,,26.56,,,,4.21,2.2,,,11.35,,,,,,,,,4.19,,,,,,,,,,,,,,,,,5.07,,,,,,1.4,,5.29,,
HDFC NIFTY50 Value 20 ETF,,,2.76,,3.78,1.79,5.26,2.59,,16.47,8.36,,,,,,,,,,10.34,,,28.71,,,,,,,,,,,,,,,,,,,,,,,,,,,2.31,,2.46,,,,,,,,,4.5,,,,7.59,,,,,,,,,,,,,,,2.87,,,,,,,
ICICI Pru BSE 500 ETF,0.1,0.3,0.64,1.18,0.99,1.25,2.77,0.52,0.06,17.81,2.84,0.2,0.4,0.37,0.04,0.33,1.51,0.18,0.07,1.52,2.13,0.07,,7.16,1.47,1.47,0.02,0.9,0.05,0.03,0.05,1.83,0.04,0.01,1.03,0.35,0.7,2.37,0.32,0.15,0.22,0.45,0.79,7.13,0.45,0.82,0.05,1.6,0.73,0.09,1.21,4.59,0.6,,0.74,0.51,1.56,0.42,0.04,0.03,0.52,3.68,0.43,0.27,0.28,2.98,0.02,0.03,5.79,0.02,0.05,0.36,2.1,0.1,0.09,0.4,0.03,2.87,0.06,0.04,0.57,0.01,0.31,1.98,0.38,0.6,0.13,0.37
ICICI Pru BSE Midcap Select ETF,,2.47,,,2.88,,,,,13.25,,,,,,2.33,,,,,,,,6.97,9.12,4.38,,,,,,10.61,,,,5.09,,,4.1,,,,,,,,,6.73,5.28,,,,,,,,2.4,5.58,,,,5.87,2.94,,2.28,,,,2.84,,,,4.77,,,,,,,,,,,,,,,
ICICI Pru BSE Sensex ETF,,,,,1.49,,5.07,,,32.15,3.54,,,,,,1.58,,,,4.03,,,11.54,,,,1.57,,,,,,,1.41,,,4.47,,,,,,3.53,,,,,,,,3.35,,,1.21,,2.52,,,,,1.79,,,,2.98,,,9.76,,,,1.35,,,,,5.26,,,,,,1.24,,,,
ICICI Pru Nifty 100 ETF,,,0.76,0.57,1.05,1.69,3.83,0.71,,23.09,3.15,,0.29,,,,1.69,,,0.35,2.85,,,9.06,,0.61,,1.12,,,,1.01,,,0.99,,0.61,3.16,,,,0.08,0.9,6.64,0.49,1.13,,0.57,0.5,,1.17,3.23,0.68,,0.85,0.61,1.77,,,,0.58,2.72,0.28,,,3.53,,,7.71,,,,1.95,,,0.52,,3.85,,,0.79,,,1.84,,0.83,,
ICICI Pru Nifty 100 Low Volatility 30 ETF,,,,3.73,,3.51,3.98,2.69,,10.14,,,,,,,3.29,,,3,4.02,,,10.66,,,,3.3,,,,,,,,,,2.63,,,,,,5.79,,7.76,,3.94,,,,,,,3.99,3.21,4.41,,,,,10.49,3.27,,,,,,3.01,,,,,,,,,3.12,,,,,,,,,,
ICICI Pru Nifty 200 Momentum 30 ETF,,,,,,3.52,,,,14.95,,,1.43,,,,1.85,,,4.94,,,,2.37,2.72,,,,,,,,,,4.8,2.2,0.88,,,,,,,26.56,,,,4.21,2.2,,,11.35,,,,,,,,,4.19,,,,,,,,,,,,,,,,,5.07,,,,,,1.4,,5.28,,
ICICI Pru Nifty 200 Quality 30 ETF,,,,,,3.36,,4,,,,,,2.48,,,,,,2.65,5.02,,,20.37,3.54,,,,,,,2.13,,,4.48,,3.24,,3.01,,,,,3.14,,9.41,,,,,6.71,1.36,,,4.66,,10,,,,,,,,,,,,2.79,,,2.91,,,,,,,,,,,2.41,,,,2.18,
ICICI Pru Nifty 50 ETF,,,0.92,,1.26,1.36,4.3,0.86,,27.82,2.78,,,,,,1.35,,,,3.44,,,10.5,,,,1.35,,,,,,,1.19,,,3.81,,,,,,6.17,,0.75,,0.69,,,0.77,2.84,0.82,,1.03,,2.13,,,,,3.05,,,,2.53,,,8.3,,,,2.03,,,0.63,,4.64,,,0.96,,,1.59,,,,
ICICI Pru Nifty 50 Value 20 ETF,,,2.76,,3.78,1.79,5.26,2.59,,16.46,8.35,,,,,,,,,,10.34,,,28.7,,,,,,,,,,,,,,,,,,,,,,,,,,,2.31,,2.46,,,,,,,,,4.5,,,,7.59,,,,,,,,,,,,,,,2.87,,,,,,,
ICICI Pru Nifty Alpha Low - Volatility 30 ETF,,,,2.68,,3.33,,,,12.08,,,2.99,,,,6.32,,,3.64,4.22,,,10.97,,,,,,,,,,,,,,,,,,,,19.31,,3.96,,4.48,,,,,,,,,,,,,3.53,10.41,2.88,,,,,,,,,,,,,,,3.88,,,3.08,,2.16,,,,,
ICICI Pru Nifty Auto ETF,,,,7.93,14.9,19.24,40.4,8.1,,,,,,,,2.49,,,,,,,,,,,,,,,,,,,,,,,,,,,,,,,,,,,,,,,,,,,,,,,,,,,,,,,,,2.68,,,,,,,,,,,,,,,3.97
ICICI Pru Nifty Bank ETF,,,,,,,,,,82.95,16.88,,,,,,,,,,,,,,,,,,,,,,,,,,,,,,,,,,,,,,,,,,,,,,,,,,,,,,,,,,,,,,,,,,,,,,,,,,,,,
ICICI Pru Nifty Commodities ETF,,,5.38,,,,,,,,,,,,,,11.91,,,4.65,,,,,,,,,,,,,,,,,,,,,,,,,,,,,,,9.5,,5.91,,,,,3.49,,,,,,,,20.83,,,17.18,,,,15.25,,,,,,,,5.59,,,,,,,
ICICI Pru Nifty EV & New Age Automotive ETF,,,,27.94,8.72,5.2,17.64,8.06,,,,,,3.92,,0.66,,,,7.92,,,,2.37,8.94,,,,,,,4.02,,,,,0.1,,,,,,,0.05,,,,,,,,,,,,,,,,,,,,,,,,,3.63,,,,0.71,,,,,,,,,,,,,,,
ICICI Pru Nifty Financial Services Ex-Bank ETF,,,,,,,,,,,,,,,,,,,,,,,,,3.98,,,,,,,,,,,,,,,,,1.13,8.14,69.01,,,,,,,,17.62,,,,,,,,,,,,,,,,,,,,,,,,,,,,,,,,,,,,
ICICI Pru Nifty FMCG ETF,,,,,,,,,,,,,6.53,,,,,,,,31.65,,,,,,,,,,,,,,,,,,,,,,,,5.74,13.31,,,,,,,,,,8.08,23.43,,,,,,,,,,,,,,,5.1,,,,6.09,,,,,,,,,,,,
ICICI Pru Nifty Healthcare ETF,,,,,,,,,,,,,,,,,,,,,,,,,,,,,,,,,,,,,,,,,,,,,,,,21.95,,,,1.24,,,,,,,,,8.14,63.05,3.89,1.71,,,,,,,,,,,,,,,,,,,,,,,,
ICICI Pru Nifty India Consumption ETF,,,,,,6.81,14.3,2.87,,,,,1.16,,,,,,,,9.59,,,,,1.42,,4.49,,,,1.15,,,,,,,,,,,,,1.96,4.55,,4.88,2,,,8.12,,,3.42,1.5,8,,,,,,,,,3.3,,,,,,,,,,2.08,,9.36,,,,,,5.63,,3.32,,
ICICI Pru Nifty Infrastructure ETF,,,,1.22,1.08,,,,,,,,,,,0.88,6.72,,,,,,,,,2.28,,,,,,2.13,,,,,,12.57,1.54,,,,,,,,,4.84,1.98,,,4.27,2.7,,,,,,,,,,,,,11.03,,,23.55,,,,,,,,,15.31,,,3.15,,,,1.33,3.29,,
ICICI Pru Nifty IT ETF,,,,,,,,,,,,,,,,,,,,,,,,94.19,5.83,,,,,,,,,,,,,,,,,,,,,,,,,,,,,,,,,,,,,,,,,,,,,,,,,,,,,,,,,,,,,,,
ICICI Pru Nifty Metal ETF,,,18.05,,,,,,,,,,,,,,,,,,,,,,,,,,,,,,,,,,,,,,,,,,,,,,,,20.54,,,,,,,,,,,,,,,,,,,,,,52.03,,,,,,,,,,,8.9,,,,
ICICI Pru Nifty Midcap 150 ETF,,1.62,0.48,2.36,1.05,0.16,,,0.34,5.27,2,0.45,0.39,1.72,,1.2,1.18,0.55,,3.48,,,,3.48,4.74,3.72,,0.56,0.25,,,5.48,,,0.25,1.88,0.38,,1.5,0.16,0.79,0.48,0.62,8.04,,,,4.21,0.69,,1.63,9.88,0.62,,0.44,0.33,0.89,1.92,,,,5.81,0.73,0.81,1.33,2.07,,,1.11,,,1.92,2.97,,,,,1.44,,,,,1.21,1.66,1.3,,0.6,1.79
ICICI Pru Nifty Next 50 ETF,,,,3.32,,3.38,1.54,,,,4.96,,1.7,,,,3.34,,,2.07,,,,2.09,,3.55,,,,,,5.99,,,,,3.62,,,,,0.46,5.28,8.86,2.87,3.02,,,2.93,,3.14,5.07,,,,3.55,,,,,3.42,1.08,1.64,,,8.44,,,4.87,,,,1.54,,,,,,,,,,,3.08,,4.87,,
ICICI Pru Nifty Oil & Gas ETF,,,,,,,,,,,,,,,,,,,,1.61,,,,,,,,,,,,,,,,,,,,,,,,,,,,,,,,20.51,18.87,,,,,,,,,,,,,,,,57.21,,,,,,,,,,,,,,,1.42,,,,
ICICI Pru Nifty Private Bank ETF,,,,,,,,,,99.81,,,,,,,,,,,,,,,,,,,,,,,,,,,,,,,,,,,,,,,,,,,,,,,,,,,,,,,,,,,,,,,,,,,,,,,,,,,,,,
ICICI Pru Nifty PSU Bank ETF,,,,,,,,,,,99.97,,,,,,,,,,,,,,,,,,,,,,,,,,,,,,,,,,,,,,,,,,,,,,,,,,,,,,,,,,,,,,,,,,,,,,,,,,,,,
ICICI Pru Nifty Top 15 Equal Weight ETF,,,,,,,14.69,,,25.21,6.85,,,,,,,,,,6.72,,,12.32,,,,,,,,,,,,,,6.79,,,,,,6.46,,,,,,,,,,,,,7.96,,,,,,,,,,,,6.31,,,,,,,,,6.56,,,,,,,,,,
ICICI Pru Nifty200 Value 30 ETF,,,5.45,,,,,,,5.61,17.75,,,,,,,,,,,,,,,,,,,,,,,,,,,,,,,1.18,7.91,3.22,,,,,,,11.33,4.6,5.03,,,,,1.54,,,,,,,,10.1,,,14.33,,,,6.37,,,,,,,,5.05,,,,,,,
Kotak MSCI India ETF,,0.24,0.73,0.57,1.33,1.71,4.04,0.44,,18.42,1.76,,0.29,0.29,,0.22,1.62,,,0.94,0.95,,,9.18,0.61,1.64,,1.15,,,,2.07,,,1.04,0.47,0.67,1.87,0.41,,0.21,,0.78,7.26,0.51,1.09,,1.28,0.68,,1.13,2.86,0.72,,0.65,0.6,1.92,0.47,,,0.56,3.58,0.32,,0.35,3.32,,,7.3,,,0.29,2.28,,,0.49,,4.01,,,0.58,,0.21,2.06,0.34,0.82,0.13,0.39
Kotak Nifty 100 Equal Weight ETF,,,1.07,2.28,1.01,3.46,3.4,1.04,,4.69,3.94,,0.92,,,,3.26,,,1.03,1,,,5.51,,1.72,,1,,,,3.86,,,0.93,,0.94,1.01,,,,0.93,2.69,10.47,1.08,2.03,,1.1,0.99,,1.94,5.12,0.98,,1.12,2.18,1.18,,,,0.95,4,1.12,,,6.87,,,2.9,,,,3.08,,,0.97,,0.97,,,0.99,,,2.89,,1.01,,
Kotak Nifty 100 Low Volatility 30 ETF,,,,3.73,,3.51,3.98,2.69,,10.12,,,,,,,3.29,,,3,4.02,,,10.65,,,,3.29,,,,,,,,,,2.63,,,,,,5.79,,7.76,,3.93,,,,,,,3.99,3.21,4.41,,,,,10.49,3.27,,,,,,3.01,,,,,,,,,3.12,,,,,,,,,,
Kotak Nifty 50 ETF,,,0.92,,1.26,1.36,4.3,0.86,,27.82,2.78,,,,,,1.35,,,,3.44,,,10.49,,,,1.35,,,,,,,1.19,,,3.81,,,,,,6.17,,0.75,,0.69,,,0.77,2.84,0.82,,1.03,,2.13,,,,,3.05,,,,2.52,,,8.29,,,,2.03,,,0.63,,4.64,,,0.96,,,1.59,,,,
Kotak Nifty 50 Value 20 ETF,,,2.76,,3.78,1.79,5.26,2.59,,16.46,8.35,,,,,,,,,,10.33,,,28.7,,,,,,,,,,,,,,,,,,,,,,,,,,,2.31,,2.46,,,,,,,,,4.5,,,,7.59,,,,,,,,,,,,,,,2.87,,,,,,,
Kotak Nifty Alpha 50 ETF,,,,,,,0.41,,,,,,,,,,,,,2.29,,,,2.33,7.42,,,1.59,,,,8.46,,,11.36,2.45,0.8,,,,2.97,1.2,,8.38,,,,5.99,1.13,,,25.52,,,,,,0.81,,,2.1,5.53,,,,3.17,,,,,,,,,,,,4.21,,,,,,0.86,,0.96,,
Kotak Nifty Bank ETF,,,,,,,,,,82.9,16.87,,,,,,,,,,,,,,,,,,,,,,,,,,,,,,,,,,,,,,,,,,,,,,,,,,,,,,,,,,,,,,,,,,,,,,,,,,,,,
Kotak Nifty IT ETF,,,,,,,,,,,,,,,,,,,,,,,,94.15,5.83,,,,,,,,,,,,,,,,,,,,,,,,,,,,,,,,,,,,,,,,,,,,,,,,,,,,,,,,,,,,,,,
Kotak Nifty Midcap 150 ETF,,1.62,0.48,2.36,1.05,0.16,,,0.34,5.27,2,0.45,0.38,1.71,,1.18,1.19,0.55,,3.51,,,,3.46,4.72,3.72,,0.56,0.2,,,5.41,,,0.34,1.93,0.38,,1.5,0.16,0.79,0.49,0.62,8.02,,,,4.21,0.69,,1.62,9.91,0.62,,0.44,0.33,0.89,1.92,,,,5.79,0.73,0.89,1.32,2.06,,,1.1,,,1.92,2.97,,,,,1.42,,,,,1.26,1.66,1.3,,0.6,1.58
Kotak Nifty Midcap 50 ETF,,1.77,,,2.05,,,,,9.52,,,,2.02,,1.67,,,,2.33,,,,6.11,6.57,5.79,,,,,,1.51,,,,3.67,,,2.92,,,,,6.09,,,,4.85,,,1.34,11.06,1.2,,,,1.74,1.69,,,,5.82,,,2.58,2.7,,,2.04,,,2.17,2.76,,,,,1.01,,,,,1.56,,2.53,,1.18,1.64
Kotak Nifty MNC ETF,,,,3.54,3.7,,14.8,,1.21,,,3.7,5.31,,,,3.76,,,2.34,,,,2,,,,,0.88,,,7.91,,,0.88,,,,5.27,,,,,,,15.46,,,,,7.28,1.24,,,,,14.44,,,,,2.57,1.52,1.67,,,,,,,,,,,,,,,,,,,,,,,,
Kotak Nifty PSU Bank ETF,,,,,,,,,,,99.99,,,,,,,,,,,,,,,,,,,,,,,,,,,,,,,,,,,,,,,,,,,,,,,,,,,,,,,,,,,,,,,,,,,,,,,,,,,,,
LIC MF Nifty 50 ETF,,,0.91,,1.26,1.35,4.31,0.86,,27.81,2.79,,,,,,1.36,,,,3.45,,,10.51,,,,1.35,,,,,,,1.2,,,3.82,,,,,,6.15,,0.74,,0.69,,,0.77,2.83,0.82,,1.02,,2.13,,,,,3.05,,,,2.53,,,8.29,,,,2.02,,,0.63,,4.65,,,0.96,,,1.59,,,,
Mirae Asset BSE 200 Equal Weight ETF,,0.55,0.56,2.17,1.02,1.82,1.81,0.52,0.58,4.79,4.85,0.48,0.92,0.6,,0.43,2.09,,,2.35,0.5,,,4.79,1.4,3.06,,1.03,,,,4.24,,,0.49,0.59,0.45,0.51,0.59,,0.51,0.46,1.79,8.42,0.53,1.04,,1.08,1,,2.32,5.95,0.93,,1.09,1.09,1.58,1.07,,,0.48,5.29,0.58,0.95,1.01,4.76,,,1.93,,,1.58,3.5,,,0.5,,1.51,,,0.53,,0.47,2.14,0.46,0.52,0.46,0.98
Mirae Asset BSE Select IPO ETF,,,,3.13,,0.57,3.5,,,,,,,,,,,,,0.65,,,,0.85,7.27,4.41,,1.99,,,,3.65,,,3.08,,0.79,0.3,,,,1.59,3.37,14.67,,,,6.93,3.02,,,19.97,,,,,,,,,,4.98,2.07,,,0.98,0.46,,,,,0.84,0.45,,,,,1.66,,,,,,8.78,,,,
Mirae Asset BSE Sensex ETF,,,,,1.49,,5.07,,,32.14,3.54,,,,,,1.58,,,,4.03,,,11.53,,,,1.57,,,,,,,1.4,,,4.47,,,,,,3.53,,,,,,,,3.34,,,1.2,,2.52,,,,,1.79,,,,2.98,,,9.75,,,,1.35,,,,,5.26,,,,,,1.24,,,,
Mirae Asset Nifty 100 ESG Sector Leaders ETF,,,1.15,0.39,1.57,1.61,5.36,,,19.92,,,,,,,2.54,,,0.53,,,,12.85,,0.91,,1.69,,,,1.09,,,,,,,,,,,0.49,7.7,0.74,,,0.87,0.75,,,4.67,,,1.28,0.91,2.66,,,,,4.09,,,,2.85,,,10.16,,,,2.54,,,0.78,,5.8,,,1.19,,,2.78,,,,
Mirae Asset Nifty 200 Alpha 30 ETF,,,,,,,,,,,,,2.58,,,,,,,4.24,,,,4.54,7.67,,,3.66,,,,,,,1.91,5.67,,,,,,,,16.43,,,,4.4,5.6,,,25.13,,,,,,2.11,,,4.87,4.42,,,,,,,,,,,,,,,,2.95,,,,,,1.59,,2.23,,
Mirae Asset Nifty 50 ETF,,,0.92,,1.26,1.36,4.3,0.86,,27.82,2.78,,,,,,1.35,,,,3.44,,,10.5,,,,1.35,,,,,,,1.19,,,3.81,,,,,,6.17,,0.75,,0.69,,,0.77,2.84,0.82,,1.03,,2.13,,,,,3.05,,,,2.53,,,8.29,,,,2.03,,,0.63,,4.64,,,0.96,,,1.59,,,,
Mirae Asset Nifty Bank ETF,,,,,,,,,,82.9,16.87,,,,,,,,,,,,,,,,,,,,,,,,,,,,,,,,,,,,,,,,,,,,,,,,,,,,,,,,,,,,,,,,,,,,,,,,,,,,,
Mirae Asset Nifty EV and New Age Automotive ETF,,,,27.94,8.72,5.2,17.65,8.06,,,,,,3.92,,0.66,,,,7.92,,,,2.37,8.94,,,,,,,4.02,,,,,0.1,,,,,,,0.05,,,,,,,,,,,,,,,,,,,,,,,,,3.62,,,,0.71,,,,,,,,,,,,,,,
Mirae Asset Nifty Financial Services ETF,,,,,,,,,,68.77,7.12,,,,,,,,,,,,,,,,,,,,,,,,,,,,,,,0.39,2.29,21.24,,,,,,,,,,,,,,,,,,,,,,,,,,,,,,,,,,,,,,,,,,,,
Mirae Asset Nifty India Internet ETF,,,,,,,,,,,,,,,,,,,,,,,,,15.65,,,,,,,,,,,,,,,,,,,8.01,,,,,,,,56.17,,,,,,,,,,,,,,,,,,,,,,,,,,1.48,,,,,,9.99,,,8.67,
Mirae Asset Nifty India Manufacturing ETF,,1.53,2.81,3.13,4.82,6.25,11.33,2.64,0.32,,,,,1.58,,1.13,,,,5.4,,,,,,0.25,,,,,,6.75,,,4.2,1.79,2.19,,1.38,,0.75,,,,,,,,,,2.6,0.89,,,,,,1.83,,,2.15,12.85,1.03,,1.22,,,,7.71,,,,8.81,,,,0.13,,,,,,1.04,,,,,1.29
Mirae Asset Nifty India New Age Consumption ETF,,2.3,,,4.59,7.31,11.81,3.01,,,,,,,,,,,,,,,,,2.6,8.66,,5.74,,,0.33,2.73,,,0.93,2.68,,,,1.13,,,,5.71,,,,,5.4,0.29,,10.84,,,,,,,,,,,,,,,,,,,,,,,,,,6.82,,,,,2.03,9.41,,4.65,0.85,
Mirae Asset Nifty IT ETF,,,,,,,,,,,,,,,,,,,,,,,,94.18,5.83,,,,,,,,,,,,,,,,,,,,,,,,,,,,,,,,,,,,,,,,,,,,,,,,,,,,,,,,,,,,,,,
Mirae Asset Nifty Metal ETF,,,18.05,,,,,,,,,,,,,,,,,,,,,,,,,,,,,,,,,,,,,,,,,,,,,,,,20.54,,,,,,,,,,,,,,,,,,,,,,52.05,,,,,,,,,,,8.9,,,,
Mirae Asset Nifty Midcap 150 ETF,,1.62,0.48,2.36,1.05,0.16,,,0.34,5.27,2,0.45,0.39,1.72,,1.19,1.18,0.55,,3.48,,,,3.48,4.74,3.72,,0.56,0.25,,,5.48,,,0.25,1.88,0.38,,1.5,0.16,0.79,0.48,0.62,8.04,,,,4.21,0.69,,1.63,9.88,0.62,,0.44,0.33,0.89,1.92,,,,5.81,0.73,0.81,1.33,2.07,,,1.11,,,1.92,2.97,,,,,1.44,,,,,1.21,1.66,1.3,,0.6,1.79
Mirae Asset Nifty MidSmallcap400 Momentum Quality 100 ETF,,0.82,,1.32,,,,,0.39,,1.24,,,2.22,,,,,,4.39,1.21,,,5.81,9.09,0.61,,,0.56,,,7.04,,,0.58,3.43,1.49,0.31,2.07,,2.39,0.61,0.33,11.97,0.42,,,1.86,,,0.91,13.04,0.68,,0.98,,2.42,1.54,0.34,,0.59,4.48,0.25,1.63,,,,0.19,,,,2.55,2.58,0.25,,,,,,,,,2.45,0.87,2.04,,,1.94
Mirae Asset Nifty Next 50 ETF,,,,3.32,,3.38,1.54,,,,4.96,,1.7,,,,3.34,,,2.07,,,,2.09,,3.55,,,,,,5.98,,,,,3.62,,,,,0.45,5.28,8.86,2.87,3.02,,,2.93,,3.14,5.07,,,,3.55,,,,,3.42,1.08,1.64,,,8.44,,,4.87,,,,1.54,,,,,,,,,,,3.08,,4.87,,
Mirae Asset Nifty PSU Bank ETF,,,,,,,,,,,100,,,,,,,,,,,,,,,,,,,,,,,,,,,,,,,,,,,,,,,,,,,,,,,,,,,,,,,,,,,,,,,,,,,,,,,,,,,,,
Mirae Asset Nifty Smallcap 250 Momentum Quality 100 ETF,,,,2.15,0.47,,,,,,,,,,0.49,,,,,4.24,3.01,,,,11.92,2.37,,,1.4,,,3.06,,,3.31,,3.26,1.41,,0.41,1.07,4.42,,8.5,1.43,,,5.07,,,1.53,16.73,,,,0.43,1.26,0.72,0.86,,1.47,2.14,2.11,1.89,0.47,,,0.48,0.34,,0.79,,2.47,2,1.98,,,,,,,,0.26,2.87,,,,1.12
Mirae Asset Nifty500 Multicap 50:25:25 ETF,0.14,0.41,0.5,1.66,0.87,0.9,1.93,0.36,0.09,13.71,2.21,0.38,0.54,0.56,0.09,0.49,1.13,0.33,0.18,2.42,1.63,0.13,0.05,5.43,2.65,2.12,0.04,0.7,0.18,0.06,0.11,2.64,0.09,,1.24,0.47,0.94,1.85,0.47,0.38,0.42,0.89,0.64,7.67,0.44,0.57,0.12,2.39,0.97,0.12,1.19,6.65,0.49,0.03,0.6,0.45,1.22,0.57,0.09,,0.54,4.33,0.58,0.36,0.41,2.71,0.06,0.06,4.21,0.04,0.17,0.48,2.09,0.23,0.3,0.34,0.1,2.38,,0.1,0.4,0.03,0.52,1.8,0.65,0.45,0.21,0.57
Motilal Oswal BSE Enhanced Value ETF,,,7.48,,7.33,,,,,7.44,23.01,,,,,,,,,,,,,,,,,,,,,,,,,,,,,1.45,,1.24,5.89,3.14,,,,,,,,9.66,7.63,,,,,,,,,,,,,,,,22.38,,,,2.96,,,,,,,,,,,,,,,
Motilal Oswal BSE Healthcare ETF,,,,,,,,,,,,,,,,,,,,,,,,,,,,,,,,,,,,,,,,,,,,0.02,,,,24.53,,,,1.53,,,,,,,,,8.25,54.29,7.02,4.14,,,,,,,,,,,,,,,,,,,,,,,,
Motilal Oswal BSE Low Volatility ETF,,,,,,,3.54,,,7.33,,,,,,2.72,3.08,,,3.42,3.44,,,8.13,,,,3.33,,,,,,,,,,,,,,,,12.61,,7.62,,3.55,,3.2,,,,,3.48,3.07,3.99,3.08,,,,6.97,,3,,,,,3.29,,,,,,,,,3.38,,,3.26,,,,,,,4.38
Motilal Oswal Nifty 200 Momentum 30 ETF,,,,,,3.52,,,,14.95,,,1.43,,,,1.84,,,4.94,,,,2.37,2.72,,,,,,,,,,4.8,2.2,0.88,,,,,,,26.56,,,,4.21,2.2,,,11.35,,,,,,,,,4.19,,,,,,,,,,,,,,,,,5.07,,,,,,1.4,,5.28,,
Motilal Oswal Nifty 50 Equal Weight ETF,,,2.13,,2.02,4.64,4.38,2.09,,9.33,2.04,,,,,,2.19,,,,2,,,9.04,,,,2.02,,,,,,,1.85,,,2.02,,,,,,11.7,,1.96,,2.2,,,1.95,4.39,1.97,,2.25,,2.38,,,,,5.99,,,,3.95,,,1.88,,,,4.05,,,1.93,,1.96,,,1.99,,,3.57,,,,
Motilal Oswal Nifty 50 ETF,,,0.92,,1.26,1.36,4.3,0.86,,27.81,2.78,,,,,,1.35,,,,3.44,,,10.49,,,,1.35,,,,,,,1.19,,,3.81,,,,,,6.17,,0.75,,0.69,,,0.77,2.84,0.82,,1.03,,2.13,,,,,3.05,,,,2.52,,,8.29,,,,2.03,,,0.63,,4.64,,,0.96,,,1.59,,,,
Motilal Oswal Nifty 500 ETF,0.06,0.3,0.64,1.16,0.97,1.24,2.74,0.51,0.06,17.78,2.68,0.2,0.4,0.37,0.04,0.3,1.43,0.18,0.07,1.44,2.12,0.05,0.02,7.1,1.47,1.48,0.02,0.9,0.1,0.03,0.04,2.05,0.04,,1.04,0.35,0.73,2.37,0.32,0.17,0.23,0.43,0.77,7.19,0.43,0.81,0.05,1.62,0.72,0.05,1.23,5.19,0.6,0.01,0.72,0.51,1.46,0.39,0.04,,0.52,3.62,0.44,0.22,0.27,3.08,0.02,0.03,5.73,0.02,0.07,0.36,2.08,0.1,0.12,0.4,0.04,3.06,,0.04,0.57,0.01,0.31,1.81,0.38,0.6,0.13,0.39
Motilal Oswal Nifty 500 Momentum 50 ETF,,,,,,,,,,4.81,,,1.15,,,0.5,,,,7.14,1.11,,,2.58,4.2,,,,,,,1.84,,,2.02,,1,,,,2.36,0.54,,28.87,0.39,,,8.9,,,1.37,15.28,,,0.82,,,,,,4.59,,0.61,0.65,,1.03,,,,,,,0.67,,,,,0.96,,,,,,0.76,,5.4,,0.43
Motilal Oswal Nifty India Defence ETF,,,,,,,,,,,,,,,,,,,,14.86,,,,,,,,,,,,,,,25.7,,33.96,,,,,,,,,,,,,,,20.76,,,,,,,,,,,,,,,,,,,,,,0.78,,,3.83,,,,,,,,,,,
Motilal Oswal Nifty Midcap 100 ETF,,1.16,0.62,1.41,1.35,0.2,,,0.44,6.77,2.56,,,1.33,,1.1,0.44,,,2.78,,,,4.02,6.08,4.77,,0.72,,,,3.9,,,,2.42,0.49,,1.92,,,0.62,0.8,6.49,,,,3.19,0.89,,1.45,11.23,0.79,,,,1.14,2.46,,,,6.73,,,1.69,2.39,,,1.34,,,2.15,2.89,,,,,1.85,,,,,1.17,2.14,1.66,,0.78,1.61
Motilal Oswal Nifty Realty ETF,,,,,,,,,,,,,,,,,,,,,,,,,,99.01,,,,,,,,,,,,,,,,,,,,,,,,,,,,,,,,,,,,,,,,,,,,,,,,,,,,,,,,,,,,0.95,,
Motilal Oswal Nifty Smallcap 250 ETF,0.55,,,3.19,0.34,,,,,3.13,0.56,1.1,1.18,0.54,0.35,0.76,,0.8,0.72,5.57,0.79,0.54,0.19,,5.98,3.64,0.18,,0.51,0.26,0.43,3.06,0.39,,2.77,,2.13,1.02,0.4,1.36,0.86,2.93,0.18,9.53,0.74,,0.49,4.33,2.28,0.49,0.83,10.44,,0.13,0.26,0.25,0.44,0.37,0.35,,1.02,6.13,1.02,0.7,0.32,1.63,0.23,0.26,0.17,0.15,0.68,,1.54,0.94,1.22,0.33,0.4,0.3,,0.41,,0.11,0.91,1.88,1.31,0.11,0.23,0.58
Nippon India BSE Sensex Next 30 ETF,,,4.25,,,3.5,,4.04,,2.04,,,,,,,,,,,,,,2.97,,,,,,,,,,,,,3.41,,,,,,4.14,14.63,2.77,6.4,,6.81,2.82,,6.56,,3.83,,,,,,,,3.29,7,,,,2.62,,,,,,,4.12,,,2.89,,,,,4.46,,,2.51,,4.63,,
Nippon India ETF Nifty 100,,,0.76,0.57,1.05,1.7,3.83,0.72,,23.08,3.15,,0.29,,,,1.69,,,0.35,2.86,,,9.06,,0.6,,1.12,,,,1.02,,,0.99,,0.62,3.17,,,,0.08,0.9,6.64,0.49,1.13,,0.58,0.5,,1.17,3.22,0.68,,0.85,0.6,1.77,,,,0.58,2.71,0.28,,,3.53,,,7.71,,,,1.95,,,0.52,,3.85,,,0.79,,,1.84,,0.83,,
Nippon India ETF Nifty 50 BeES,,,0.92,,1.26,1.36,4.3,0.86,,27.82,2.78,,,,,,1.35,,,,3.44,,,10.5,,,,1.35,,,,,,,1.19,,,3.81,,,,,,6.17,,0.75,,0.69,,,0.77,2.84,0.82,,1.03,,2.13,,,,,3.05,,,,2.52,,,8.29,,,,2.03,,,0.63,,4.64,,,0.96,,,1.59,,,,
Nippon India ETF Nifty 50 Shariah BeES,,,,,5.24,2.48,,,,,,,,,,,5.63,,,,,,,40.99,,,,,,,,,,,,,,,,,,,,,,3.11,,2.89,,,3.19,,3.41,,4.28,,8.86,,,,,12.68,,,,,,,,,,,,,,2.6,,,,,,,,4.42,,,,
Nippon India ETF Nifty 50 Value 20,,,2.76,,3.78,1.79,5.26,2.59,,16.47,8.35,,,,,,,,,,10.34,,,28.71,,,,,,,,,,,,,,,,,,,,,,,,,,,2.31,,2.46,,,,,,,,,4.5,,,,7.59,,,,,,,,,,,,,,,2.87,,,,,,,
Nippon India ETF Nifty Bank BeES,,,,,,,,,,82.89,16.87,,,,,,,,,,,,,,,,,,,,,,,,,,,,,,,,,,,,,,,,,,,,,,,,,,,,,,,,,,,,,,,,,,,,,,,,,,,,,
Nippon India ETF Nifty Dividend Opportunities 50,,,0.47,,1.02,1.85,,,,,12.14,,,,,,,,,0.27,10.25,,,28.67,0.28,,,,,,,,,,,,,,1.45,,,0.47,3.65,4.53,,1.92,,,,,5.48,2.59,3.14,,,,7.47,,,,,,,,,8.79,,,4.11,,,,0.48,,,,,,,,,,0.78,,,,,
Nippon India ETF Nifty India Consumption,,,,,,6.81,14.3,2.87,,,,,1.16,,,,,,,,9.59,,,,,1.42,,4.49,,,,1.15,,,,,,,,,,,,,1.96,4.55,,4.88,2,,,8.12,,,3.42,1.5,8,,,,,,,,,3.3,,,,,,,,,,2.08,,9.36,,,,,,5.63,,3.32,,
Nippon India ETF Nifty Infrastructure BeES,,,,1.22,1.08,,,,,,,,,,,0.88,6.71,,,,,,,,,2.28,,,,,,2.13,,,,,,12.56,1.54,,,,,,,,,4.83,1.98,,,4.27,2.7,,,,,,,,,,,,,11.02,,,23.53,,,,,,,,,15.3,,,3.15,,,,1.33,3.29,,
Nippon India ETF Nifty IT,,,,,,,,,,,,,,,,,,,,,,,,94.14,5.83,,,,,,,,,,,,,,,,,,,,,,,,,,,,,,,,,,,,,,,,,,,,,,,,,,,,,,,,,,,,,,,
Nippon India ETF Nifty Midcap 150,,1.62,0.49,2.37,1.06,0.16,,,0.34,5.3,2,0.45,0.39,1.72,,1.21,1.19,0.56,,3.51,,,,3.49,4.77,3.74,,0.56,0.25,,,5.51,,,0.25,1.89,0.38,,1.5,0.16,0.79,0.49,0.63,7.65,,,,4.22,0.69,,1.63,9.94,0.62,,0.44,0.33,0.89,1.92,,,,5.82,0.73,0.82,1.33,2.07,,,1.11,,,1.93,2.99,,,,,1.44,,,,,1.21,1.66,1.3,,0.61,1.79
Nippon India ETF Nifty Next 50 Junior BeES,,,,3.32,,3.38,1.54,,,,4.96,,1.7,,,,3.34,,,2.07,,,,2.09,,3.55,,,,,,5.98,,,,,3.62,,,,,0.45,5.28,8.86,2.87,3.02,,,2.93,,3.14,5.07,,,,3.55,,,,,3.42,1.08,1.64,,,8.44,,,4.86,,,,1.54,,,,,,,,,,,3.07,,4.87,,
Nippon India ETF Nifty PSU Bank BeES,,,,,,,,,,,99.96,,,,,,,,,,,,,,,,,,,,,,,,,,,,,,,,,,,,,,,,,,,,,,,,,,,,,,,,,,,,,,,,,,,,,,,,,,,,,
Nippon India Nifty Auto ETF,,,,7.95,14.91,19.23,40.4,8.1,,,,,,,,2.5,,,,,,,,,,,,,,,,,,,,,,,,,,,,,,,,,,,,,,,,,,,,,,,,,,,,,,,,,2.68,,,,,,,,,,,,,,,3.97
Nippon India Nifty Pharma ETF,,,,,,,,,,,,,,,,,,,,,,,,,,,,,,,,,,,,,,,,,,,,,,,,,,,,,,,,,,,,,9.95,79.93,8,2.09,,,,,,,,,,,,,,,,,,,,,,,,
Quantum Nifty 50 ETF,,,0.92,,1.26,1.34,4.3,0.86,,27.85,2.78,,,,,,1.35,,,,3.44,,,10.49,,,,1.35,,,,,,,1.19,,,3.82,,,,,,6.17,,0.74,,0.69,,,0.76,2.84,0.82,,1.03,,2.13,,,,,3.04,,,,2.53,,,8.3,,,,2.03,,,0.62,,4.65,,,0.96,,,1.59,,,,
SBI BSE PSU Bank ETF,,,,,,,,,,,99.98,,,,,,,,,,,,,,,,,,,,,,,,,,,,,,,,,,,,,,,,,,,,,,,,,,,,,,,,,,,,,,,,,,,,,,,,,,,,,
SBI Nifty 200 Quality 30 ETF,,,,,,3.36,,4.01,,,,,,2.48,,,,,,2.65,5.02,,,20.37,3.54,,,,,,,2.13,,,4.48,,3.24,,3.01,,,,,3.14,,9.42,,,,,6.71,1.36,,,4.66,,10,,,,,,,,,,,,2.79,,,2.91,,,,,,,,,,,2.41,,,,2.18,
SBI Nifty 50 ETF,,,0.92,,1.26,1.36,4.3,0.86,,27.82,2.78,,,,,,1.35,,,,3.44,,,10.5,,,,1.35,,,,,,,1.19,,,3.81,,,,,,6.17,,0.75,,0.69,,,0.77,2.84,0.82,,1.03,,2.13,,,,,3.05,,,,2.53,,,8.3,,,,2.03,,,0.63,,4.64,,,0.96,,,1.59,,,,
SBI Nifty Bank ETF,,,,,,,,,,82.92,16.87,,,,,,,,,,,,,,,,,,,,,,,,,,,,,,,,,,,,,,,,,,,,,,,,,,,,,,,,,,,,,,,,,,,,,,,,,,,,,
SBI Nifty IT ETF,,,,,,,,,,,,,,,,,,,,,,,,94.16,5.83,,,,,,,,,,,,,,,,,,,,,,,,,,,,,,,,,,,,,,,,,,,,,,,,,,,,,,,,,,,,,,,
SBI Nifty Next 50 ETF,,,,3.32,,3.38,1.54,,,,4.96,,1.7,,,,3.34,,,2.07,,,,2.09,,3.55,,,,,,5.99,,,,,3.62,,,,,0.46,5.28,8.86,2.87,3.02,,,2.93,,3.14,5.07,,,,3.55,,,,,3.42,1.08,1.64,,,8.44,,,4.87,,,,1.54,,,,,,,,,,,3.08,,4.87,,
SBI Nifty Private Bank ETF,,,,,,,,,,99.82,,,,,,,,,,,,,,,,,,,,,,,,,,,,,,,,,,,,,,,,,,,,,,,,,,,,,,,,,,,,,,,,,,,,,,,,,,,,,,
SBI Nifty50 Equal Weight ETF,,,2.13,,2.02,4.64,4.39,2.1,,9.35,2.04,,,,,,2.19,,,,2.01,,,9.06,,,,2.02,,,,,,,1.85,,,2.03,,,,,,11.71,,1.96,,2.2,,,1.95,4.39,1.97,,2.25,,2.38,,,,,6,,,,3.95,,,1.88,,,,4.05,,,1.93,,1.96,,,2,,,3.57,,,,
Tata Nifty 50 Exchange Traded Fund,,,0.92,,1.26,1.36,4.3,0.86,,27.82,2.78,,,,,,1.35,,,,3.44,,,10.49,,,,1.35,,,,,,,1.19,,,3.81,,,,,,6.17,,0.75,,0.69,,,0.77,2.84,0.82,,1.03,,2.13,,,,,3.05,,,,2.52,,,8.29,,,,2.03,,,0.63,,4.64,,,0.96,,,1.59,,,,
Tata Nifty India Digital Exchange Traded Fund,,,,,,,,,,,,,,,,,,,,,,,,38.52,15.5,,,,,,,,,,,,,,,,,,,,,,,,,,,25.78,,,,,,,,,,,,,,,,,,,,,,,,,,12.66,,,,,,4.51,,,3,
Tata Nifty Private Bank ETF,,,,,,,,,,99.7,,,,,,,,,,,,,,,,,,,,,,,,,,,,,,,,,,,,,,,,,,,,,,,,,,,,,,,,,,,,,,,,,,,,,,,,,,,,,,
UTI-BSE Sensex ETF,,,,,1.49,,5.08,,,32.16,3.54,,,,,,1.58,,,,4.03,,,11.54,,,,1.57,,,,,,,1.41,,,4.47,,,,,,3.53,,,,,,,,3.35,,,1.21,,2.52,,,,,1.79,,,,2.98,,,9.76,,,,1.35,,,,,5.27,,,,,,1.24,,,,
UTI-BSE Sensex Next 50 ETF,,,,1.58,,5.47,,,,4.73,4.35,,1.47,,,,2.88,,,3.38,,,,3.98,4.44,1.83,,,,,,3.9,,,,2.48,,,2,,,,3.79,11.41,2.53,2.64,,3.28,2.57,,2.72,3.82,,,,1.9,1.17,,,,3,1.76,,,,5.23,,,4.24,,,1.48,1.21,,,,,,,,,,,2.73,1.72,,,
UTI-Nifty 50 ETF,,,0.92,,1.26,1.36,4.3,0.86,,27.82,2.78,,,,,,1.35,,,,3.44,,,10.5,,,,1.35,,,,,,,1.19,,,3.82,,,,,,6.17,,0.75,,0.69,,,0.77,2.84,0.82,,1.03,,2.13,,,,,3.05,,,,2.53,,,8.3,,,,2.03,,,0.63,,4.64,,,0.96,,,1.59,,,,
UTI-Nifty Bank Exchange Traded Fund,,,,,,,,,,82.9,16.87,,,,,,,,,,,,,,,,,,,,,,,,,,,,,,,,,,,,,,,,,,,,,,,,,,,,,,,,,,,,,,,,,,,,,,,,,,,,,
UTI-Nifty Midcap 150 ETF,,1.62,0.48,2.35,1.05,0.16,,,0.34,5.27,2,0.45,0.39,1.72,,1.2,1.18,0.55,,3.48,,,,3.48,4.74,3.72,,0.56,0.25,,,5.47,,,0.24,1.89,0.38,,1.5,0.16,0.79,0.48,0.62,8.01,,,,4.19,0.69,,1.63,9.86,0.62,,0.44,0.33,0.89,1.92,,,,5.8,0.73,0.82,1.31,2.07,,,1.11,,,1.92,2.96,,,,,1.44,,,,,1.23,1.68,1.3,,0.6,1.84
UTI-Nifty Next 50 ETF,,,,3.32,,3.38,1.54,,,,4.96,,1.7,,,,3.34,,,2.07,,,,2.09,,3.55,,,,,,5.98,,,,,3.62,,,,,0.45,5.28,8.86,2.87,3.02,,,2.93,,3.14,5.07,,,,3.55,,,,,3.42,1.08,1.64,,,8.44,,,4.86,,,,1.56,,,,,,,,,,,3.07,,4.87,,
Zerodha Nifty 100 ETF,,,0.77,0.57,1.05,1.69,3.84,0.72,,23.11,3.14,,0.29,,,,1.69,,,0.35,2.86,,,9.09,,0.6,,1.12,,,,1,,,0.99,,0.62,3.17,,,,0.08,0.9,6.61,0.49,1.13,,0.57,0.5,,1.16,3.22,0.68,,0.85,0.6,1.77,,,,0.59,2.7,0.27,,,3.54,,,7.73,,,,1.95,,,0.52,,3.85,,,0.79,,,1.83,,0.83,,
Zerodha Nifty Midcap 150 ETF,,1.62,0.48,2.36,1.06,0.16,,,0.34,5.29,2,0.45,0.39,1.72,,1.19,1.18,0.56,,3.48,,,,3.48,4.75,3.72,,0.56,0.26,,,5.49,,,0.26,1.89,0.38,,1.5,0.16,0.79,0.48,0.62,8.02,,,,4.2,0.69,,1.62,9.88,0.62,,0.44,0.33,0.89,1.92,,,,5.8,0.73,0.8,1.33,2.07,,,1.11,,,1.92,2.97,,,,,1.44,,,,,1.2,1.66,1.3,,0.61,1.8
