Scheme_name,Cash & Cash Equivalent,Commercial Paper,Corporate Debts,Equity,Foreign Equity,Gold,Govt. Securities,NCD,Net CA & Others,Preference Shares,Reverse Repo,Silver,T Bills
360 ONE Gold ETF,,,,,,95.54,,,2.52,,1.94,,
Aditya Birla SL BSE Sensex ETF,,,,99.81,,,,,0.15,,0,,
Aditya Birla SL CRISIL Broad Based Gilt ETF,,,,,,,97.61,,1.75,,0.64,,
Aditya Birla SL CRISIL Liquid Overnight ETF,,,,,,,,,0.3,,99.7,,
Aditya Birla SL Gold ETF,,,,,,98.66,,,1.28,,0.06,,
Aditya Birla SL Nifty 200 Momentum 30 ETF,,,,99.94,,,,,0.01,0.04,,,
Aditya Birla SL Nifty 200 Quality 30 ETF,,,,100.01,,,,,0.02,,,,
Aditya Birla SL Nifty 50 ETF,,,,99.87,,,,,0.13,,0,,
Aditya Birla SL Nifty Bank ETF,,,,99.79,,,,,0.21,,0,,
Aditya Birla SL Nifty Healthcare ETF,,,,99.99,,,,,-0.01,,0.03,,
Aditya Birla SL Nifty IT ETF,,,,99.99,,,,,-0.01,,0.02,,
Aditya Birla SL Nifty Next 50 ETF,,,,99.68,,,,,0.29,0.04,,,
Aditya Birla SL Nifty PSE ETF,,,,99.54,,,,,0.45,,,,
Aditya Birla SL Silver ETF,,,,,,,,,2.06,,0.04,97.9,
AXIS BSE Sensex ETF,,,,99.77,,,,,0.15,,0.06,,
AXIS Gold ETF,,,,,,98.42,,,1.49,,0.09,,
AXIS Nifty 50 ETF,,,,99.78,,,,,0.14,,0.09,,
AXIS Nifty AAA Bond Plus SDL Apr 2026 50:50 ETF,,,51.61,,,,43.76,,3.64,,1,,
AXIS Nifty Bank ETF,,,,99.77,,,,,0.18,,0.06,,
AXIS Nifty India Consumption ETF,,,,99.8,,,,,0.03,0.03,0.13,,
AXIS Nifty IT ETF,,,,99.98,,,,,-0.06,,0.08,,
AXIS Nifty500 Value 50 ETF,,,,99.3,,,,,0.55,,0.13,,
AXIS Silver ETF,,,,,,,,,2.18,,0.17,97.65,
Bajaj Finserv Nifty 1D Rate Liquid ETF - Growth,,2.86,,,,,,,-0.06,,96.06,,1.14
Bajaj Finserv Nifty 50 ETF,,,,99.87,,,,,0.13,,,,
Bajaj Finserv Nifty Bank ETF,,,,99.79,,,,,0.21,,,,
Bandhan Nifty 50 ETF,0,,,99.81,,,,,0.1,,0.09,,
Baroda BNP Paribas Gold ETF,,,,,,97.35,,,2.19,,0.46,,
Baroda BNP Paribas NIFTY Bank ETF,,,,99.46,,,,,0.42,,0.12,,
Bharat 22 ETF,,,,99.75,,,,,0.24,,0,,
BHARAT Bond ETF - April 2030,3.47,,1.44,,,,9.77,85.06,0.03,,0.23,,
BHARAT Bond ETF - April 2031,2.08,,3.88,,,,4.83,89.19,-0.01,,0.03,,
BHARAT Bond ETF - April 2032,3.72,,20.1,,,,5.24,70.94,-0.02,,0.02,,
BHARAT Bond ETF - April 2033,3.93,,,,,,9.32,86.68,0,,0.07,,
CPSE ETF,0,,,99.65,,,,,0.33,,0.02,,
DSP BSE Liquid Rate ETF,,,,,,,,,0.6,,99.4,,
DSP BSE Sensex ETF,,,,99.78,,,,,0.18,,0.04,,
DSP BSE SENSEX Next 30 ETF,,,,99.76,,,,,0.21,,0.03,,
DSP Gold ETF,,,,,,98.12,,,1.86,,0.02,,
DSP NIFTY 1D Rate Liquid ETF,,,,,,,,,0.57,,99.43,,
DSP Nifty 50 Equal Weight ETF,,,,99.86,,,,,0.12,,0.02,,
DSP Nifty 50 ETF,,,,99.82,,,,,0.14,,0.04,,
DSP Nifty Bank ETF,,,,99.77,,,,,0.22,,0.01,,
DSP Nifty IT ETF,,,,99.98,,,,,-0.02,,0.04,,
DSP Nifty Midcap 150 Quality 50 ETF,,,,99.85,,,,,0.12,,0.03,,
DSP Nifty Private Bank ETF,,,,99.79,,,,,0.19,,0.02,,
DSP Nifty PSU Bank ETF,,,,99.96,,,,,0.01,,0.03,,
DSP Nifty Top 10 Equal Weight ETF,,,,99.88,,,,,0.1,,0.02,,
DSP Silver ETF,,,,,,,,,2.29,,0,97.71,
Edelweiss Gold ETF,0,,,,,97.64,,,2.31,,0.04,,
Edelweiss Nifty500 Multicap Momentum Quality 50 ETF,0,,,99.7,,,,,0.3,,,,
Edelweiss Silver ETF,0,,,,,,,,2.28,,0.08,97.64,
Groww Gold ETF,,,,,,97.16,,,2.84,,,,
Groww Nifty 1D Rate Liquid ETF,,,,,,,,,0.48,,99.52,,
Groww Nifty 200 ETF,,,,99.3,,,,,0.57,0.01,,,
Groww Nifty 500 Momentum 50 ETF,,,,99.7,,,,,0.27,,,,
Groww Nifty EV & New Age Automotive ETF,,,,99.91,,,,,0.05,0.02,,,
Groww Nifty India Defence ETF,,,,99.94,,,,,0.04,,,,
Groww Nifty India Railways PSU ETF,,,,99.69,,,,,0.3,,,,
Groww Silver ETF,,,,,,,,,3.24,,,96.76,
HDFC BSE 500 ETF,,,,99.72,,,,,0.24,0.01,0.03,,
HDFC BSE SENSEX ETF,,,,99.83,,,,,0.17,,0,,
HDFC Gold ETF,,,,,,98.46,,,1.53,,0.01,,
HDFC NIFTY 100 ETF,,,,99.84,,,,,0.14,0.01,0.01,,
HDFC NIFTY 1D Rate Liquid ETF - Growth,,,,,,,,,0.48,,99.52,,
HDFC Nifty 50 ETF,,,,99.87,,,,,0.12,,0.01,,
HDFC NIFTY Bank ETF,,,,99.8,,,,,0.2,,0,,
HDFC NIFTY Growth Sectors 15 ETF,,,,99.86,,,,,0.08,0.06,0,,
HDFC NIFTY IT ETF,,,,99.99,,,,,-0.01,,0.01,,
HDFC NIFTY Midcap 150 ETF,,,,99.93,,,,,0.07,,0,,
HDFC NIFTY NEXT 50 ETF,,,,99.7,,,,,0.24,0.04,0.02,,
HDFC NIFTY Private Bank ETF,,,,99.82,,,,,0.18,,0,,
HDFC NIFTY PSU BANK ETF,,,,100,,,,,-0.03,,0.03,,
HDFC NIFTY Smallcap 250 ETF,,,,99.96,,,,,0.03,,0.01,,
HDFC NIFTY100 Low Volatility 30 ETF,,,,99.86,,,,,0.13,,0.01,,
HDFC NIFTY200 Momentum 30 ETF,,,,99.94,,,,,0.02,0.04,0,,
HDFC NIFTY50 Value 20 ETF,,,,99.79,,,,,0.2,,0.01,,
HDFC Silver ETF,,,,,,,,,2.28,,0.02,97.7,
ICICI Pru BSE 500 ETF,,,,99.73,,,,,0.11,0.01,0.03,,
ICICI Pru BSE Liquid Rate ETF - Growth,,,,,,,,,0.48,,99.52,,
ICICI Pru BSE Liquid Rate ETF - IDCW,,,,,,,,,0.46,,99.54,,
ICICI Pru BSE Midcap Select ETF,,,,99.89,,,,,0.08,,0,,
ICICI Pru BSE Sensex ETF,,,,99.84,,,,,-0.03,,0.17,,
ICICI Pru Gold ETF,,,,,,98.65,,,1.34,,0.01,,
ICICI Pru Nifty 10 yr Benchmark G-Sec ETF,,,,,,,97.7,,2.02,,0.28,,
ICICI Pru Nifty 100 ETF,,,,99.81,,,,,0.13,0.01,0.04,,
ICICI Pru Nifty 100 Low Volatility 30 ETF,,,,99.94,,,,,0.03,,0.02,,
ICICI Pru Nifty 200 Momentum 30 ETF,,,,99.92,,,,,0.06,0.04,0,,
ICICI Pru Nifty 200 Quality 30 ETF,,,,99.85,,,,,0.13,,0.01,,
ICICI Pru Nifty 5 yr Benchmark G-Sec ETF,,,,,,,93.92,,3.3,,2.78,,
ICICI Pru Nifty 50 ETF,,,,99.87,,,,,-0.03,,0.16,,
ICICI Pru Nifty 50 Value 20 ETF,,,,99.76,,,,,0.13,,0.11,,
ICICI Pru Nifty Alpha Low - Volatility 30 ETF,,,,99.92,,,,,0.02,0.04,0.02,,
ICICI Pru Nifty Auto ETF,,,,99.71,,,,,0.2,0.08,0,,
ICICI Pru Nifty Bank ETF,,,,99.83,,,,,0.17,,0,,
ICICI Pru Nifty Commodities ETF,,,,99.69,,,,,0.16,,0.13,,
ICICI Pru Nifty EV & New Age Automotive ETF,,,,99.88,,,,,0.08,0.02,0.02,,
ICICI Pru Nifty Financial Services Ex-Bank ETF,,,,99.88,,,,,-0.5,,0.61,,
ICICI Pru Nifty FMCG ETF,,,,99.93,,,,,0.07,,0,,
ICICI Pru Nifty Healthcare ETF,,,,99.98,,,,,0.02,,0.01,,
ICICI Pru Nifty India Consumption ETF,,,,99.91,,,,,0.08,0.03,0,,
ICICI Pru Nifty Infrastructure ETF,,,,99.87,,,,,0.06,,0.1,,
ICICI Pru Nifty IT ETF,,,,100.02,,,,,-0.01,,0.01,,
ICICI Pru Nifty Metal ETF,,,,99.52,,,,,0.49,,0,,
ICICI Pru Nifty Midcap 150 ETF,,,,99.94,,,,,0.08,,0.01,,
ICICI Pru Nifty Next 50 ETF,,,,99.68,,,,,0.14,0.04,0.14,,
ICICI Pru Nifty Oil & Gas ETF,,,,99.62,,,,,-0.37,,0.75,,
ICICI Pru Nifty Private Bank ETF,,,,99.81,,,,,0.18,,0.01,,
ICICI Pru Nifty PSU Bank ETF,,,,99.97,,,,,0.01,,0,,
ICICI Pru Nifty Top 15 Equal Weight ETF,,,,99.87,,,,,-28.78,,28.92,,
ICICI Pru Nifty200 Value 30 ETF,,,,99.47,,,,,-6.22,,6.74,,
ICICI Pru Silver ETF,,,,,,,,,1.96,,0.01,98.03,
Invesco India Gold ETF,,,,,,98.43,,,1.4,,0.17,,
Kotak GOLD ETF,,,,,,98.33,,,0.54,,1.13,,
Kotak MSCI India ETF,,,,99.85,,,,,0.14,0.01,,,
Kotak Nifty 100 Equal Weight ETF,,,,99.63,,,,,0.36,0.01,,,
Kotak Nifty 100 Low Volatility 30 ETF,,,,99.89,,,,,0.11,,,,
Kotak Nifty 1D Rate Liquid ETF,,,,,,,,,0.51,,99.49,,
Kotak Nifty 50 ETF,,,,99.84,,,,,0.14,,0.02,,
Kotak Nifty 50 Value 20 ETF,,,,99.75,,,,,0.25,,,,
Kotak Nifty Alpha 50 ETF,,,,99.94,,,,,-0.2,,0.26,,
Kotak Nifty Bank ETF,,,,99.77,,,,,0.22,,0.01,,
Kotak Nifty IT ETF,,,,99.98,,,,,-0.06,,0.08,,
Kotak Nifty Midcap 150 ETF,,,,99.78,,,,,0.22,,,,
Kotak Nifty Midcap 50 ETF,,,,99.89,,,,,0.11,,,,
Kotak Nifty MNC ETF,,,,99.48,,,,,0.52,,,,
Kotak Nifty PSU Bank ETF,,,,99.99,,,,,-0.02,,0.03,,
Kotak Silver ETF,,,,,,,,,2.22,,,97.78,
LIC MF Gold ETF,,,,,,98.15,,,1.7,,0.15,,
LIC MF Nifty 50 ETF,,,,99.85,,,,,0.12,,0.05,,
LIC MF Nifty 8-13 yr G-Sec ETF,,,,,,,99.33,,0.47,,0.21,,
Mirae Asset BSE 200 Equal Weight ETF,,,,99.7,,,,,0.01,0.01,0.29,,
Mirae Asset BSE Select IPO ETF,,,,99.96,,,,,0.01,,0.06,,
Mirae Asset BSE Sensex ETF,,,,99.78,,,,,0.19,,0.01,,
Mirae Asset Gold ETF,,,,,,97.86,,,-1.11,,3.24,,
Mirae Asset Hang Seng TECH ETF,,,,,100.01,,,,-0.04,,0,,
Mirae Asset Nifty 100 ESG Sector Leaders ETF,,,,99.87,,,,,0.13,0.01,0.02,,
Mirae Asset Nifty 1D Rate Liquid ETF - Growth,,,,,,,,,0.48,,99.52,,
Mirae Asset Nifty 1D Rate Liquid ETF-IDCW,,,,,,,,,0.38,,99.62,,
Mirae Asset Nifty 200 Alpha 30 ETF,,,,100,,,,,-0.01,,0,,
Mirae Asset Nifty 50 ETF,,,,99.86,,,,,0.13,,0,,
Mirae Asset Nifty 8-13 yr G-Sec ETF,,,,,,,96.43,,2.94,,0.62,,
Mirae Asset Nifty Bank ETF,,,,99.77,,,,,0.22,,0,,
Mirae Asset Nifty EV and New Age Automotive ETF,,,,99.88,,,,,0.09,0.02,0,,
Mirae Asset Nifty Financial Services ETF,,,,99.81,,,,,0.2,,0,,
Mirae Asset Nifty India Internet ETF,,,,99.97,,,,,0.04,,0,,
Mirae Asset Nifty India Manufacturing ETF,,,,99.8,,,,,0.17,0.03,0.01,,
Mirae Asset Nifty India New Age Consumption ETF,,,,99.82,,,,,0.08,0.03,0.03,,
Mirae Asset Nifty IT ETF,,,,100.01,,,,,-0.01,,0,,
Mirae Asset Nifty Metal ETF,,,,99.54,,,,,0.48,,0,,
Mirae Asset Nifty Midcap 150 ETF,,,,99.93,,,,,0.08,,,,
Mirae Asset Nifty MidSmallcap400 Momentum Quality 100 ETF,,,,99.89,,,,,0.08,,0,,
Mirae Asset Nifty Next 50 ETF,,,,99.66,,,,,0.29,0.04,0.02,,
Mirae Asset Nifty PSU Bank ETF,,,,100,,,,,-0.01,,0,,
Mirae Asset Nifty Smallcap 250 Momentum Quality 100 ETF,,,,99.91,,,,,0.11,,0.01,,
Mirae Asset Nifty500 Multicap 50:25:25 ETF,,,,99.73,,,,,0.13,0,0.14,,
Mirae Asset NYSE FANG+ ETF,,,,,100.07,,,,-0.07,,0,,
Mirae Asset S&P 500 Top 50 ETF,,,,,99.95,,,,0.07,,0,,
Mirae Asset Silver ETF,,,,,,,,,-13.75,,16.12,97.62,
Motilal Oswal BSE Enhanced Value ETF,,,,99.61,,,,,0.39,,,,
Motilal Oswal BSE Healthcare ETF,,,,99.78,,,,,0.21,,,,
Motilal Oswal BSE Low Volatility ETF,,,,99.87,,,,,0.14,,,,
Motilal Oswal Nasdaq Q 50 ETF,,,,,99.77,,,,0.24,,,,
Motilal Oswal NASDAQ-100 ETF,,,,,99.94,,,,0.09,,,,
Motilal Oswal Nifty 200 Momentum 30 ETF,,,,99.91,,,,,0.07,0.04,,,
Motilal Oswal Nifty 5 Year Benchmark G-Sec ETF,,,,,,,99.3,,0.7,,,,
Motilal Oswal Nifty 50 Equal Weight ETF,,,,99.87,,,,,0.12,,,,
Motilal Oswal Nifty 50 ETF,,,,99.83,,,,,0.17,,,,
Motilal Oswal Nifty 500 ETF,,,,99.84,,,,,0.16,0.01,,,
Motilal Oswal Nifty 500 Momentum 50 ETF,,,,99.98,,,,,0.01,,,,
Motilal Oswal Nifty India Defence ETF,,,,99.89,,,,,0.11,,,,
Motilal Oswal Nifty Midcap 100 ETF,,,,99.94,,,,,0.08,,,,
Motilal Oswal Nifty Realty ETF,,,,99.96,,,,,0.04,,,,
Motilal Oswal Nifty Smallcap 250 ETF,,,,99.96,,,,,0.09,,,,
Nippon India BSE Sensex Next 30 ETF,0,,,99.69,,,,,0.28,,0.03,,
Nippon India ETF Gold BeES,0,,,,,98.67,,,1.32,,0.01,,
Nippon India ETF Hang Seng BeES,0,,,,99.72,,,,-0.01,,0.28,,
Nippon India ETF Nifty 100,0,,,99.83,,,,,-0.34,0.01,0.5,,
Nippon India ETF Nifty 1D Rate Liquid BeES,0.04,,,,,,,,-0.15,,100.11,,
Nippon India ETF Nifty 5 yr Benchmark G-Sec,0.27,,,,,,98.66,,1.03,,0.04,,
Nippon India ETF Nifty 50 BeES,0,,,99.85,,,,,0.07,,0.08,,
Nippon India ETF Nifty 50 Shariah BeES,,,,99.78,,,,,0.22,,,,
Nippon India ETF Nifty 50 Value 20,0,,,99.78,,,,,0.17,,0.05,,
Nippon India ETF Nifty 8-13 yr G-Sec Long Term Gilt,0.12,,,,,,96.98,,2.43,,0.47,,
Nippon India ETF Nifty Bank BeES,0,,,99.76,,,,,0.2,,0.04,,
Nippon India ETF Nifty Dividend Opportunities 50,0,,,99.81,,,,,-0.76,,0.95,,
Nippon India ETF Nifty India Consumption,0,,,99.91,,,,,-0.5,0.03,0.56,,
Nippon India ETF Nifty Infrastructure BeES,0,,,99.8,,,,,-0.24,,0.44,,
Nippon India ETF Nifty IT,0,,,99.97,,,,,-0.03,,0.06,,
Nippon India ETF Nifty Midcap 150,0,,,99.92,,,,,0.04,,0.04,,
Nippon India ETF Nifty Next 50 Junior BeES,0,,,99.64,,,,,0.08,0.04,0.24,,
Nippon India ETF Nifty PSU Bank BeES,0,,,99.96,,,,,-0.03,,0.07,,
Nippon India ETF Nifty SDL Apr 2026 Top 20 Equal Weight,0,,,,,,98.12,,1.43,,0.35,,0.1
Nippon India Nifty Auto ETF,0,,,99.74,,,,,0.02,0.08,0.16,,
Nippon India Nifty Pharma ETF,0,,,99.97,,,,,-0.4,,0.43,,
Nippon India Silver ETF,0,,,,,,,,2.18,,0.02,97.8,
Quantum Gold Fund (G),,,,,,99.03,,,0.97,,0,,
Quantum Nifty 50 ETF,,,,99.85,,,,,0.15,,,,
SBI BSE PSU Bank ETF,,,,99.98,,,,,-0.01,,0.03,,
SBI Gold ETF,,,,,,98.55,,,1.45,,0,,
SBI Nifty 10 yr Benchmark G-Sec ETF,,,,,,,97.97,,2.03,,0,,
SBI Nifty 1D Rate Liquid ETF - IDCW,,,,,,,,,0.52,,99.48,,
SBI Nifty 200 Quality 30 ETF,,,,99.87,,,,,0.11,,0.02,,
SBI Nifty 50 ETF,,,,99.87,,,,,0.07,,0.06,,
SBI Nifty Bank ETF,,,,99.79,,,,,0.21,,0,,
SBI Nifty IT ETF,,,,99.99,,,,,-0.01,,0.01,,
SBI Nifty Next 50 ETF,,,0.04,99.68,,,,,0.2,,0.08,,
SBI Nifty Private Bank ETF,,,,99.82,,,,,0.18,,0,,
SBI Nifty50 Equal Weight ETF,,,,99.98,,,,,0.01,,0.02,,
SBI SILVER ETF,,,,,,,,,2.4,,0.01,97.59,
Shriram Nifty 1D Rate Liquid ETF,,,,,,,,,0.57,,99.43,,
Tata Gold ETF,,,,,,97.68,,,2.32,,,,
Tata Nifty 50 Exchange Traded Fund,,,,99.84,,,,,0.15,,0.01,,
Tata Nifty India Digital Exchange Traded Fund,,,,99.97,,,,,0.03,,,,
Tata Nifty Private Bank ETF,,,,99.7,,,,,0.3,,,,
Tata Silver ETF,,,,,,,,,2.32,,0.01,97.67,
Union Gold ETF,,,,,,97.33,,,2.44,,0.23,,
UTI-BSE Sensex ETF,,,,99.87,,,,,0.12,,,,
UTI-BSE Sensex Next 50 ETF,,,,99.69,,,,,0.26,0.04,,,
UTI-Gold ETF,,,,,,99.11,,,0.89,,,,
UTI-Nifty 10 yr Benchmark G-Sec ETF,,,,,,,98.06,,1.94,,,,
UTI-Nifty 5 yr Benchmark G-Sec ETF,,,,,,,98.83,,1.17,,,,
UTI-Nifty 50 ETF,,,,99.88,,,,,0.12,,,,
UTI-Nifty Bank Exchange Traded Fund,,,,99.77,,,,,0.23,,,,
UTI-Nifty Midcap 150 ETF,,,,99.91,,,,,0.09,,,,
UTI-Nifty Next 50 ETF,,,,99.66,,,,,0.3,0.04,,,
UTI-Silver Exchange Traded Fund,,,,,,,,,2.44,,,97.56,
Zerodha Gold ETF,,,,,,97.65,,,2.35,,0,,
Zerodha Nifty 100 ETF,,,,99.83,,,,,0.16,0.01,0.03,,
Zerodha Nifty 1D Rate Liquid ETF,,,,,,,,,0,,99.47,,0.53
Zerodha Nifty Midcap 150 ETF,,,,99.97,,,,,-0.67,,0.77,,
Zerodha Silver ETF,,,,,,,,,2.62,,0.28,97.1,
Grand Total,13.63,2.86,77.07,15972.36,599.46,1960.79,1245.83,331.87,60.52,1.03,1566.13,1366.51,1.77
