,Scheme Name,ISIN,all_sectors,key_sectors,Final Tag,Sub Tag
0,360 ONE Gold ETF,INF579M01BB5,"{'Gold': 95.54, 'Net CA & Others': 2.52, 'Reverse Repo': 1.94}",['Gold'],Gold,
1,Aditya Birla SL BSE Sensex ETF,INF209KB10E8,"{'Equity': 99.81, 'Net CA & Others': 0.15, 'Reverse Repo': 0.0}",['Equity'],Equity,
2,Aditya Birla SL CRISIL Broad Based Gilt ETF,INF209KC1134,"{'Govt. Securities': 97.61, 'Net CA & Others': 1.75, 'Reverse Repo': 0.64}",['Govt. Securities'],Govt Securities,
3,Aditya Birla SL CRISIL Liquid Overnight ETF,INF209KB18T9,"{'Net CA & Others': 0.3, 'Reverse Repo': 99.7}",['Reverse Repo'],Rev Repo,
4,Aditya Birla SL Gold ETF,INF209KB18D3,"{'Gold': 98.66, 'Net CA & Others': 1.28, 'Reverse Repo': 0.06}",['Gold'],Gold,
5,Aditya Birla SL Nifty 200 Momentum 30 ETF,INF209KB14K7,"{'Equity': 99.94, 'Net CA & Others': 0.01, 'Preference Shares': 0.04}",['Equity'],Equity,
6,Aditya Birla SL Nifty 200 Quality 30 ETF,INF209KB15K4,"{'Equity': 100.01, 'Net CA & Others': 0.02}",['Equity'],Equity,
7,Aditya Birla SL Nifty 50 ETF,INF209KB19D1,"{'Equity': 99.87, 'Net CA & Others': 0.13, 'Reverse Repo': 0.0}",['Equity'],Equity,
8,Aditya Birla SL Nifty Bank ETF,INF209KB17D5,"{'Equity': 99.79, 'Net CA & Others': 0.21, 'Reverse Repo': 0.0}",['Equity'],Equity,
9,Aditya Birla SL Nifty Healthcare ETF,INF209KB10C2,"{'Equity': 99.99, 'Net CA & Others': -0.01, 'Reverse Repo': 0.03}",['Equity'],Equity,
10,Aditya Birla SL Nifty IT ETF,INF209KB11D8,"{'Equity': 99.99, 'Net CA & Others': -0.01, 'Reverse Repo': 0.02}",['Equity'],Equity,
11,Aditya Birla SL Nifty Next 50 ETF,INF209KB16D7,"{'Equity': 99.68, 'Net CA & Others': 0.29, 'Preference Shares': 0.04}",['Equity'],Equity,
12,Aditya Birla SL Nifty PSE ETF,INF209KB19Z4,"{'Equity': 99.54, 'Net CA & Others': 0.45}",['Equity'],Equity,
13,Aditya Birla SL Silver ETF,INF209KB19F6,"{'Net CA & Others': 2.06, 'Reverse Repo': 0.04, 'Silver': 97.9}",['Silver'],Silver,
14,AXIS BSE Sensex ETF,INF846K010Q0,"{'Equity': 99.77, 'Net CA & Others': 0.15, 'Reverse Repo': 0.06}",['Equity'],Equity,
15,AXIS Gold ETF,INF846K01W80,"{'Gold': 98.42, 'Net CA & Others': 1.49, 'Reverse Repo': 0.09}",['Gold'],Gold,
16,AXIS Nifty 50 ETF,INF846K01W98,"{'Equity': 99.78, 'Net CA & Others': 0.14, 'Reverse Repo': 0.09}",['Equity'],Equity,
17,AXIS Nifty AAA Bond Plus SDL Apr 2026 50:50 ETF,INF846K01Z04,"{'Corporate Debts': 51.61, 'Govt. Securities': 43.76, 'Net CA & Others': 3.64, 'Reverse Repo': 1.0}",[],Bond,
18,AXIS Nifty Bank ETF,INF846K01X63,"{'Equity': 99.77, 'Net CA & Others': 0.18, 'Reverse Repo': 0.06}",['Equity'],Equity,
19,AXIS Nifty India Consumption ETF,INF846K016C7,"{'Equity': 99.8, 'Net CA & Others': 0.03, 'Preference Shares': 0.03, 'Reverse Repo': 0.13}",['Equity'],Equity,
20,AXIS Nifty IT ETF,INF846K01Y96,"{'Equity': 99.98, 'Net CA & Others': -0.06, 'Reverse Repo': 0.08}",['Equity'],Equity,
21,AXIS Nifty500 Value 50 ETF,INF846KA1119,"{'Equity': 99.3, 'Net CA & Others': 0.55, 'Reverse Repo': 0.13}",['Equity'],Equity,
22,AXIS Silver ETF,INF846K011K1,"{'Net CA & Others': 2.18, 'Reverse Repo': 0.17, 'Silver': 97.65}",['Silver'],Silver,
23,Bajaj Finserv Nifty 1D Rate Liquid ETF - Growth,INF0QA701854,"{'Commercial Paper': 2.86, 'Net CA & Others': -0.06, 'Reverse Repo': 96.06, 'T Bills': 1.14}",['Reverse Repo'],Rev Repo,
24,Bajaj Finserv Nifty 50 ETF,INF0QA701722,"{'Equity': 99.87, 'Net CA & Others': 0.13}",['Equity'],Equity,
25,Bajaj Finserv Nifty Bank ETF,INF0QA701714,"{'Equity': 99.79, 'Net CA & Others': 0.21}",['Equity'],Equity,
26,Bandhan Nifty 50 ETF,INF194KA1U07,"{'Cash & Cash Equivalent': 0.0, 'Equity': 99.81, 'Net CA & Others': 0.1, 'Reverse Repo': 0.09}",['Equity'],Equity,
27,Baroda BNP Paribas Gold ETF,INF251K01SU9,"{'Gold': 97.35, 'Net CA & Others': 2.19, 'Reverse Repo': 0.46}",['Gold'],Gold,
28,Baroda BNP Paribas NIFTY Bank ETF,INF251K01TL6,"{'Equity': 99.46, 'Net CA & Others': 0.42, 'Reverse Repo': 0.12}",['Equity'],Equity,
29,Bharat 22 ETF,INF109KB15Y7,"{'Equity': 99.75, 'Net CA & Others': 0.24, 'Reverse Repo': 0.0}",['Equity'],Equity,
30,BHARAT Bond ETF - April 2030,INF754K01KO2,"{'Cash & Cash Equivalent': 3.47, 'Corporate Debts': 1.44, 'Govt. Securities': 9.77, 'NCD': 85.06, 'Net CA & Others': 0.03, 'Reverse Repo': 0.23}",['NCD'],Bond,
31,BHARAT Bond ETF - April 2031,INF754K01LE1,"{'Cash & Cash Equivalent': 2.08, 'Corporate Debts': 3.88, 'Govt. Securities': 4.83, 'NCD': 89.19, 'Net CA & Others': -0.01, 'Reverse Repo': 0.03}",['NCD'],Bond,
32,BHARAT Bond ETF - April 2032,INF754K01OB1,"{'Cash & Cash Equivalent': 3.72, 'Corporate Debts': 20.1, 'Govt. Securities': 5.24, 'NCD': 70.94, 'Net CA & Others': -0.02, 'Reverse Repo': 0.02}",['NCD'],Bond,
33,BHARAT Bond ETF - April 2033,INF754K01QX0,"{'Cash & Cash Equivalent': 3.93, 'Govt. Securities': 9.32, 'NCD': 86.68, 'Net CA & Others': 0.0, 'Reverse Repo': 0.07}",['NCD'],Bond,
34,CPSE ETF,INF457M01133,"{'Cash & Cash Equivalent': 0.0, 'Equity': 99.65, 'Net CA & Others': 0.33, 'Reverse Repo': 0.02}",['Equity'],Equity,
35,DSP BSE Liquid Rate ETF,INF740KA1UM0,"{'Net CA & Others': 0.6, 'Reverse Repo': 99.4}",['Reverse Repo'],Rev Repo,
36,DSP BSE Sensex ETF,INF740KA1SZ6,"{'Equity': 99.78, 'Net CA & Others': 0.18, 'Reverse Repo': 0.04}",['Equity'],Equity,
37,DSP BSE SENSEX Next 30 ETF,INF740KA1VE5,"{'Equity': 99.76, 'Net CA & Others': 0.21, 'Reverse Repo': 0.03}",['Equity'],Equity,
38,DSP Gold ETF,INF740KA1SW3,"{'Gold': 98.12, 'Net CA & Others': 1.86, 'Reverse Repo': 0.02}",['Gold'],Gold,
39,DSP NIFTY 1D Rate Liquid ETF,0,"{'Net CA & Others': 0.57, 'Reverse Repo': 99.43}",['Reverse Repo'],Rev Repo,
40,DSP Nifty 50 Equal Weight ETF,INF740KA1QK2,"{'Equity': 99.86, 'Net CA & Others': 0.12, 'Reverse Repo': 0.02}",['Equity'],Equity,
41,DSP Nifty 50 ETF,INF740KA1CL0,"{'Equity': 99.82, 'Net CA & Others': 0.14, 'Reverse Repo': 0.04}",['Equity'],Equity,
42,DSP Nifty Bank ETF,INF740KA1RX3,"{'Equity': 99.77, 'Net CA & Others': 0.22, 'Reverse Repo': 0.01}",['Equity'],Equity,
43,DSP Nifty IT ETF,INF740KA1SX1,"{'Equity': 99.98, 'Net CA & Others': -0.02, 'Reverse Repo': 0.04}",['Equity'],Equity,
44,DSP Nifty Midcap 150 Quality 50 ETF,INF740KA1QL0,"{'Equity': 99.85, 'Net CA & Others': 0.12, 'Reverse Repo': 0.03}",['Equity'],Equity,
45,DSP Nifty Private Bank ETF,INF740KA1TA7,"{'Equity': 99.79, 'Net CA & Others': 0.19, 'Reverse Repo': 0.02}",['Equity'],Equity,
46,DSP Nifty PSU Bank ETF,INF740KA1SY9,"{'Equity': 99.96, 'Net CA & Others': 0.01, 'Reverse Repo': 0.03}",['Equity'],Equity,
47,DSP Nifty Top 10 Equal Weight ETF,INF740KA1UR9,"{'Equity': 99.88, 'Net CA & Others': 0.1, 'Reverse Repo': 0.02}",['Equity'],Equity,
48,DSP Silver ETF,INF740KA1RE3,"{'Net CA & Others': 2.29, 'Reverse Repo': 0.0, 'Silver': 97.71}",['Silver'],Silver,
49,Edelweiss Gold ETF,INF754K01SE6,"{'Cash & Cash Equivalent': 0.0, 'Gold': 97.64, 'Net CA & Others': 2.31, 'Reverse Repo': 0.04}",['Gold'],Gold,
50,Edelweiss Nifty500 Multicap Momentum Quality 50 ETF,INF754K01TF1,"{'Cash & Cash Equivalent': 0.0, 'Equity': 99.7, 'Net CA & Others': 0.3}",['Equity'],Equity,
51,Edelweiss Silver ETF,INF754K01SF3,"{'Cash & Cash Equivalent': 0.0, 'Net CA & Others': 2.28, 'Reverse Repo': 0.08, 'Silver': 97.64}",['Silver'],Silver,
52,Groww Gold ETF,INF666M01IW1,"{'Gold': 97.16, 'Net CA & Others': 2.84}",['Gold'],Gold,
53,Groww Nifty 1D Rate Liquid ETF,INF666M01IP5,"{'Net CA & Others': 0.48, 'Reverse Repo': 99.52}",['Reverse Repo'],Rev Repo,
54,Groww Nifty 200 ETF,INF666M01JV1,"{'Equity': 99.3, 'Net CA & Others': 0.57, 'Preference Shares': 0.01}",['Equity'],Equity,
55,Groww Nifty 500 Momentum 50 ETF,INF666M01KJ4,"{'Equity': 99.7, 'Net CA & Others': 0.27}",['Equity'],Equity,
56,Groww Nifty EV & New Age Automotive ETF,INF666M01IH2,"{'Equity': 99.91, 'Net CA & Others': 0.05, 'Preference Shares': 0.02}",['Equity'],Equity,
57,Groww Nifty India Defence ETF,INF666M01IO8,"{'Equity': 99.94, 'Net CA & Others': 0.04}",['Equity'],Equity,
58,Groww Nifty India Railways PSU ETF,INF666M01JJ6,"{'Equity': 99.69, 'Net CA & Others': 0.3}",['Equity'],Equity,
59,Groww Silver ETF,INF666M01LA1,"{'Net CA & Others': 3.24, 'Silver': 96.76}",['Silver'],Silver,
60,HDFC BSE 500 ETF,INF179KC1EZ4,"{'Equity': 99.72, 'Net CA & Others': 0.24, 'Preference Shares': 0.01, 'Reverse Repo': 0.03}",['Equity'],Equity,
61,HDFC BSE SENSEX ETF,INF179KC1HX2,"{'Equity': 99.83, 'Net CA & Others': 0.17, 'Reverse Repo': 0.0}",['Equity'],Equity,
62,HDFC Gold ETF,INF179KC1981,"{'Gold': 98.46, 'Net CA & Others': 1.53, 'Reverse Repo': 0.01}",['Gold'],Gold,
63,HDFC NIFTY 100 ETF,INF179KC1HR4,"{'Equity': 99.84, 'Net CA & Others': 0.14, 'Preference Shares': 0.01, 'Reverse Repo': 0.01}",['Equity'],Equity,
64,HDFC NIFTY 1D Rate Liquid ETF - Growth,INF179KC1JG3,"{'Net CA & Others': 0.48, 'Reverse Repo': 99.52}",['Reverse Repo'],Rev Repo,
65,HDFC Nifty 50 ETF,INF179KC1965,"{'Equity': 99.87, 'Net CA & Others': 0.12, 'Reverse Repo': 0.01}",['Equity'],Equity,
66,HDFC NIFTY Bank ETF,INF179KC1HY0,"{'Equity': 99.8, 'Net CA & Others': 0.2, 'Reverse Repo': 0.0}",['Equity'],Equity,
67,HDFC NIFTY Growth Sectors 15 ETF,INF179KC1DJ0,"{'Equity': 99.86, 'Net CA & Others': 0.08, 'Preference Shares': 0.06, 'Reverse Repo': 0.0}",['Equity'],Equity,
68,HDFC NIFTY IT ETF,INF179KC1IA8,"{'Equity': 99.99, 'Net CA & Others': -0.01, 'Reverse Repo': 0.01}",['Equity'],Equity,
69,HDFC NIFTY Midcap 150 ETF,INF179KC1HT0,"{'Equity': 99.93, 'Net CA & Others': 0.07, 'Reverse Repo': 0.0}",['Equity'],Equity,
70,HDFC NIFTY NEXT 50 ETF,INF179KC1HS2,"{'Equity': 99.7, 'Net CA & Others': 0.24, 'Preference Shares': 0.04, 'Reverse Repo': 0.02}",['Equity'],Equity,
71,HDFC NIFTY Private Bank ETF,INF179KC1HZ7,"{'Equity': 99.82, 'Net CA & Others': 0.18, 'Reverse Repo': 0.0}",['Equity'],Equity,
72,HDFC NIFTY PSU BANK ETF,INF179KC1HW4,"{'Equity': 100.0, 'Net CA & Others': -0.03, 'Reverse Repo': 0.03}",['Equity'],Equity,
73,HDFC NIFTY Smallcap 250 ETF,INF179KC1FB2,"{'Equity': 99.96, 'Net CA & Others': 0.03, 'Reverse Repo': 0.01}",['Equity'],Equity,
74,HDFC NIFTY100 Low Volatility 30 ETF,INF179KC1HU8,"{'Equity': 99.86, 'Net CA & Others': 0.13, 'Reverse Repo': 0.01}",['Equity'],Equity,
75,HDFC NIFTY200 Momentum 30 ETF,INF179KC1HV6,"{'Equity': 99.94, 'Net CA & Others': 0.02, 'Preference Shares': 0.04, 'Reverse Repo': 0.0}",['Equity'],Equity,
76,HDFC NIFTY50 Value 20 ETF,INF179KC1DK8,"{'Equity': 99.79, 'Net CA & Others': 0.2, 'Reverse Repo': 0.01}",['Equity'],Equity,
77,HDFC Silver ETF,INF179KC1DI2,"{'Net CA & Others': 2.28, 'Reverse Repo': 0.02, 'Silver': 97.7}",['Silver'],Silver,
78,ICICI Pru BSE 500 ETF,INF109KC1V59,"{'Equity': 99.73, 'Net CA & Others': 0.11, 'Preference Shares': 0.01, 'Reverse Repo': 0.03}",['Equity'],Equity,
79,ICICI Pru BSE Liquid Rate ETF - Growth,INF109K1A021,"{'Net CA & Others': 0.48, 'Reverse Repo': 99.52}",['Reverse Repo'],Rev Repo,
80,ICICI Pru BSE Liquid Rate ETF - IDCW,INF109KC1KT9,"{'Net CA & Others': 0.46, 'Reverse Repo': 99.54}",['Reverse Repo'],Rev Repo,
81,ICICI Pru BSE Midcap Select ETF,INF109KC10W0,"{'Equity': 99.89, 'Net CA & Others': 0.08, 'Reverse Repo': 0.0}",['Equity'],Equity,
82,ICICI Pru BSE Sensex ETF,INF346A01034,"{'Equity': 99.84, 'Net CA & Others': -0.03, 'Reverse Repo': 0.17}",['Equity'],Equity,
83,ICICI Pru Gold ETF,INF109KC1NT3,"{'Gold': 98.65, 'Net CA & Others': 1.34, 'Reverse Repo': 0.01}",['Gold'],Gold,
84,ICICI Pru Nifty 10 yr Benchmark G-Sec ETF,INF109KC18O0,"{'Govt. Securities': 97.7, 'Net CA & Others': 2.02, 'Reverse Repo': 0.28}",['Govt. Securities'],Govt Securities,
85,ICICI Pru Nifty 100 ETF,INF109KC16V9,"{'Equity': 99.81, 'Net CA & Others': 0.13, 'Preference Shares': 0.01, 'Reverse Repo': 0.04}",['Equity'],Equity,
86,ICICI Pru Nifty 100 Low Volatility 30 ETF,INF109KC19U5,"{'Equity': 99.94, 'Net CA & Others': 0.03, 'Reverse Repo': 0.02}",['Equity'],Equity,
87,ICICI Pru Nifty 200 Momentum 30 ETF,INF109KC17C7,"{'Equity': 99.92, 'Net CA & Others': 0.06, 'Preference Shares': 0.04, 'Reverse Repo': 0.0}",['Equity'],Equity,
88,ICICI Pru Nifty 200 Quality 30 ETF,INF109KC18V5,"{'Equity': 99.85, 'Net CA & Others': 0.13, 'Reverse Repo': 0.01}",['Equity'],Equity,
89,ICICI Pru Nifty 5 yr Benchmark G-Sec ETF,INF109KC14A8,"{'Govt. Securities': 93.92, 'Net CA & Others': 3.3, 'Reverse Repo': 2.78}",['Govt. Securities'],Govt Securities,
90,ICICI Pru Nifty 50 ETF,INF109K012R6,"{'Equity': 99.87, 'Net CA & Others': -0.03, 'Reverse Repo': 0.16}",['Equity'],Equity,
91,ICICI Pru Nifty 50 Value 20 ETF,INF109KC11V0,"{'Equity': 99.76, 'Net CA & Others': 0.13, 'Reverse Repo': 0.11}",['Equity'],Equity,
92,ICICI Pru Nifty Alpha Low - Volatility 30 ETF,INF109KC17V7,"{'Equity': 99.92, 'Net CA & Others': 0.02, 'Preference Shares': 0.04, 'Reverse Repo': 0.02}",['Equity'],Equity,
93,ICICI Pru Nifty Auto ETF,INF109KC10V2,"{'Equity': 99.71, 'Net CA & Others': 0.2, 'Preference Shares': 0.08, 'Reverse Repo': 0.0}",['Equity'],Equity,
94,ICICI Pru Nifty Bank ETF,INF109KC15I8,"{'Equity': 99.83, 'Net CA & Others': 0.17, 'Reverse Repo': 0.0}",['Equity'],Equity,
95,ICICI Pru Nifty Commodities ETF,INF109KC19O8,"{'Equity': 99.69, 'Net CA & Others': 0.16, 'Reverse Repo': 0.13}",['Equity'],Equity,
96,ICICI Pru Nifty EV & New Age Automotive ETF,INF109K1A153,"{'Equity': 99.88, 'Net CA & Others': 0.08, 'Preference Shares': 0.02, 'Reverse Repo': 0.02}",['Equity'],Equity,
97,ICICI Pru Nifty Financial Services Ex-Bank ETF,INF109KC17L8,"{'Equity': 99.88, 'Net CA & Others': -0.5, 'Reverse Repo': 0.61}",['Equity'],Equity,
98,ICICI Pru Nifty FMCG ETF,INF109KC19V3,"{'Equity': 99.93, 'Net CA & Others': 0.07, 'Reverse Repo': 0.0}",['Equity'],Equity,
99,ICICI Pru Nifty Healthcare ETF,INF109KC1Q72,"{'Equity': 99.98, 'Net CA & Others': 0.02, 'Reverse Repo': 0.01}",['Equity'],Equity,
100,ICICI Pru Nifty India Consumption ETF,INF109KC1V42,"{'Equity': 99.91, 'Net CA & Others': 0.08, 'Preference Shares': 0.03, 'Reverse Repo': 0.0}",['Equity'],Equity,
101,ICICI Pru Nifty Infrastructure ETF,INF109KC16E5,"{'Equity': 99.87, 'Net CA & Others': 0.06, 'Reverse Repo': 0.1}",['Equity'],Equity,
102,ICICI Pru Nifty IT ETF,INF109KC16I6,"{'Equity': 100.02, 'Net CA & Others': -0.01, 'Reverse Repo': 0.01}",['Equity'],Equity,
103,ICICI Pru Nifty Metal ETF,INF109KC19W1,"{'Equity': 99.52, 'Net CA & Others': 0.49, 'Reverse Repo': 0.0}",['Equity'],Equity,
104,ICICI Pru Nifty Midcap 150 ETF,INF109KC11W8,"{'Equity': 99.94, 'Net CA & Others': 0.08, 'Reverse Repo': 0.01}",['Equity'],Equity,
105,ICICI Pru Nifty Next 50 ETF,INF109KC1NS5,"{'Equity': 99.68, 'Net CA & Others': 0.14, 'Preference Shares': 0.04, 'Reverse Repo': 0.14}",['Equity'],Equity,
106,ICICI Pru Nifty Oil & Gas ETF,INF109KC18W3,"{'Equity': 99.62, 'Net CA & Others': -0.37, 'Reverse Repo': 0.75}",['Equity'],Equity,
107,ICICI Pru Nifty Private Bank ETF,INF109KC18U7,"{'Equity': 99.81, 'Net CA & Others': 0.18, 'Reverse Repo': 0.01}",['Equity'],Equity,
108,ICICI Pru Nifty PSU Bank ETF,INF109KC10S8,"{'Equity': 99.97, 'Net CA & Others': 0.01, 'Reverse Repo': 0.0}",['Equity'],Equity,
109,ICICI Pru Nifty Top 15 Equal Weight ETF,INF109K1A344,"{'Equity': 99.87, 'Net CA & Others': -28.78, 'Reverse Repo': 28.92}",['Equity'],Equity,
110,ICICI Pru Nifty200 Value 30 ETF,INF109KC16X5,"{'Equity': 99.47, 'Net CA & Others': -6.22, 'Reverse Repo': 6.74}",['Equity'],Equity,
111,ICICI Pru Silver ETF,INF109KC1Y56,"{'Net CA & Others': 1.96, 'Reverse Repo': 0.01, 'Silver': 98.03}",['Silver'],Silver,
112,Invesco India Gold ETF,INF205K01361,"{'Gold': 98.43, 'Net CA & Others': 1.4, 'Reverse Repo': 0.17}",['Gold'],Gold,
113,Kotak GOLD ETF,INF174KA1HJ8,"{'Gold': 98.33, 'Net CA & Others': 0.54, 'Reverse Repo': 1.13}",['Gold'],Gold,
114,Kotak MSCI India ETF,INF174KA1VD2,"{'Equity': 99.85, 'Net CA & Others': 0.14, 'Preference Shares': 0.01}",['Equity'],Equity,
115,Kotak Nifty 100 Equal Weight ETF,INF174KA1UW4,"{'Equity': 99.63, 'Net CA & Others': 0.36, 'Preference Shares': 0.01}",['Equity'],Equity,
116,Kotak Nifty 100 Low Volatility 30 ETF,INF174KA1IY5,"{'Equity': 99.89, 'Net CA & Others': 0.11}",['Equity'],Equity,
117,Kotak Nifty 1D Rate Liquid ETF,INF174KA1LV5,"{'Net CA & Others': 0.51, 'Reverse Repo': 99.49}",['Reverse Repo'],Rev Repo,
118,Kotak Nifty 50 ETF,INF174K014P6,"{'Equity': 99.84, 'Net CA & Others': 0.14, 'Reverse Repo': 0.02}",['Equity'],Equity,
119,Kotak Nifty 50 Value 20 ETF,INF174K01Z71,"{'Equity': 99.75, 'Net CA & Others': 0.25}",['Equity'],Equity,
120,Kotak Nifty Alpha 50 ETF,INF174KA1IA5,"{'Equity': 99.94, 'Net CA & Others': -0.2, 'Reverse Repo': 0.26}",['Equity'],Equity,
121,Kotak Nifty Bank ETF,INF174K01F59,"{'Equity': 99.77, 'Net CA & Others': 0.22, 'Reverse Repo': 0.01}",['Equity'],Equity,
122,Kotak Nifty IT ETF,INF174KA1GC5,"{'Equity': 99.98, 'Net CA & Others': -0.06, 'Reverse Repo': 0.08}",['Equity'],Equity,
123,Kotak Nifty Midcap 150 ETF,INF174KA1VW2,"{'Equity': 99.78, 'Net CA & Others': 0.22}",['Equity'],Equity,
124,Kotak Nifty Midcap 50 ETF,INF174KA1IB3,"{'Equity': 99.89, 'Net CA & Others': 0.11}",['Equity'],Equity,
125,Kotak Nifty MNC ETF,INF174KA1JF2,"{'Equity': 99.48, 'Net CA & Others': 0.52}",['Equity'],Equity,
126,Kotak Nifty PSU Bank ETF,INF373I01023,"{'Equity': 99.99, 'Net CA & Others': -0.02, 'Reverse Repo': 0.03}",['Equity'],Equity,
127,Kotak Silver ETF,INF174KA1KU9,"{'Net CA & Others': 2.22, 'Silver': 97.78}",['Silver'],Silver,
128,LIC MF Gold ETF,INF397L01554,"{'Gold': 98.15, 'Net CA & Others': 1.7, 'Reverse Repo': 0.15}",['Gold'],Gold,
129,LIC MF Nifty 50 ETF,INF767K01OS7,"{'Equity': 99.85, 'Net CA & Others': 0.12, 'Reverse Repo': 0.05}",['Equity'],Equity,
130,LIC MF Nifty 8-13 yr G-Sec ETF,INF767K01MV5,"{'Govt. Securities': 99.33, 'Net CA & Others': 0.47, 'Reverse Repo': 0.21}",['Govt. Securities'],Govt Securities,
131,Mirae Asset BSE 200 Equal Weight ETF,INF769K01OA1,"{'Equity': 99.7, 'Net CA & Others': 0.01, 'Preference Shares': 0.01, 'Reverse Repo': 0.29}",['Equity'],Equity,
132,Mirae Asset BSE Select IPO ETF,INF769K01ON4,"{'Equity': 99.96, 'Net CA & Others': 0.01, 'Reverse Repo': 0.06}",['Equity'],Equity,
133,Mirae Asset BSE Sensex ETF,INF769K01KT9,"{'Equity': 99.78, 'Net CA & Others': 0.19, 'Reverse Repo': 0.01}",['Equity'],Equity,
134,Mirae Asset Gold ETF,INF769K01JP9,"{'Gold': 97.86, 'Net CA & Others': -1.11, 'Reverse Repo': 3.24}",['Gold'],Gold,
135,Mirae Asset Hang Seng TECH ETF,INF769K01HS7,"{'Foreign Equity': 100.01, 'Net CA & Others': -0.04, 'Reverse Repo': 0.0}",['Foreign Equity'],Foreign Equity,
136,Mirae Asset Nifty 100 ESG Sector Leaders ETF,INF769K01GS9,"{'Equity': 99.87, 'Net CA & Others': 0.13, 'Preference Shares': 0.01, 'Reverse Repo': 0.02}",['Equity'],Equity,
137,Mirae Asset Nifty 1D Rate Liquid ETF - Growth,INF769K01MY5,"{'Net CA & Others': 0.48, 'Reverse Repo': 99.52}",['Reverse Repo'],Rev Repo,
138,Mirae Asset Nifty 1D Rate Liquid ETF-IDCW,INF769K01KS1,"{'Net CA & Others': 0.38, 'Reverse Repo': 99.62}",['Reverse Repo'],Rev Repo,
139,Mirae Asset Nifty 200 Alpha 30 ETF,INF769K01KU7,"{'Equity': 100.0, 'Net CA & Others': -0.01, 'Reverse Repo': 0.0}",['Equity'],Equity,
140,Mirae Asset Nifty 50 ETF,INF769K01EG9,"{'Equity': 99.86, 'Net CA & Others': 0.13, 'Reverse Repo': 0.0}",['Equity'],Equity,
141,Mirae Asset Nifty 8-13 yr G-Sec ETF,INF769K01KF8,"{'Govt. Securities': 96.43, 'Net CA & Others': 2.94, 'Reverse Repo': 0.62}",['Govt. Securities'],Govt Securities,
142,Mirae Asset Nifty Bank ETF,INF769K01KR3,"{'Equity': 99.77, 'Net CA & Others': 0.22, 'Reverse Repo': 0.0}",['Equity'],Equity,
143,Mirae Asset Nifty EV and New Age Automotive ETF,INF769K01LQ3,"{'Equity': 99.88, 'Net CA & Others': 0.09, 'Preference Shares': 0.02, 'Reverse Repo': 0.0}",['Equity'],Equity,
144,Mirae Asset Nifty Financial Services ETF,INF769K01HI8,"{'Equity': 99.81, 'Net CA & Others': 0.2, 'Reverse Repo': 0.0}",['Equity'],Equity,
145,Mirae Asset Nifty India Internet ETF,INF769K01PB6,"{'Equity': 99.97, 'Net CA & Others': 0.04, 'Reverse Repo': 0.0}",['Equity'],Equity,
146,Mirae Asset Nifty India Manufacturing ETF,INF769K01IB1,"{'Equity': 99.8, 'Net CA & Others': 0.17, 'Preference Shares': 0.03, 'Reverse Repo': 0.01}",['Equity'],Equity,
147,Mirae Asset Nifty India New Age Consumption ETF,INF769K01NS5,"{'Equity': 99.82, 'Net CA & Others': 0.08, 'Preference Shares': 0.03, 'Reverse Repo': 0.03}",['Equity'],Equity,
148,Mirae Asset Nifty IT ETF,INF769K01KV5,"{'Equity': 100.01, 'Net CA & Others': -0.01, 'Reverse Repo': 0.0}",['Equity'],Equity,
149,Mirae Asset Nifty Metal ETF,INF769K01LY7,"{'Equity': 99.54, 'Net CA & Others': 0.48, 'Reverse Repo': 0.0}",['Equity'],Equity,
150,Mirae Asset Nifty Midcap 150 ETF,INF769K01IC9,"{'Equity': 99.93, 'Net CA & Others': 0.08}",['Equity'],Equity,
151,Mirae Asset Nifty MidSmallcap400 Momentum Quality 100 ETF,INF769K01LJ8,"{'Equity': 99.89, 'Net CA & Others': 0.08, 'Reverse Repo': 0.0}",['Equity'],Equity,
152,Mirae Asset Nifty Next 50 ETF,INF769K01FN2,"{'Equity': 99.66, 'Net CA & Others': 0.29, 'Preference Shares': 0.04, 'Reverse Repo': 0.02}",['Equity'],Equity,
153,Mirae Asset Nifty PSU Bank ETF,INF769K01LZ4,"{'Equity': 100.0, 'Net CA & Others': -0.01, 'Reverse Repo': 0.0}",['Equity'],Equity,
154,Mirae Asset Nifty Smallcap 250 Momentum Quality 100 ETF,INF769K01LC3,"{'Equity': 99.91, 'Net CA & Others': 0.11, 'Reverse Repo': 0.01}",['Equity'],Equity,
155,Mirae Asset Nifty500 Multicap 50:25:25 ETF,INF769K01LX9,"{'Equity': 99.73, 'Net CA & Others': 0.13, 'Preference Shares': 0.0, 'Reverse Repo': 0.14}",['Equity'],Equity,
156,Mirae Asset NYSE FANG+ ETF,INF769K01HF4,"{'Foreign Equity': 100.07, 'Net CA & Others': -0.07, 'Reverse Repo': 0.0}",['Foreign Equity'],Foreign Equity,
157,Mirae Asset S&P 500 Top 50 ETF,INF769K01HP3,"{'Foreign Equity': 99.95, 'Net CA & Others': 0.07, 'Reverse Repo': 0.0}",['Foreign Equity'],Foreign Equity,
158,Mirae Asset Silver ETF,INF769K01KG6,"{'Net CA & Others': -13.75, 'Reverse Repo': 16.12, 'Silver': 97.62}",['Silver'],Silver,
159,Motilal Oswal BSE Enhanced Value ETF,INF247L01BE5,"{'Equity': 99.61, 'Net CA & Others': 0.39}",['Equity'],Equity,
160,Motilal Oswal BSE Healthcare ETF,INF247L01BB1,"{'Equity': 99.78, 'Net CA & Others': 0.21}",['Equity'],Equity,
161,Motilal Oswal BSE Low Volatility ETF,INF247L01BL0,"{'Equity': 99.87, 'Net CA & Others': 0.14}",['Equity'],Equity,
162,Motilal Oswal Nasdaq Q 50 ETF,INF247L01AU3,"{'Foreign Equity': 99.77, 'Net CA & Others': 0.24}",['Foreign Equity'],Foreign Equity,
163,Motilal Oswal NASDAQ-100 ETF,INF247L01AP3,"{'Foreign Equity': 99.94, 'Net CA & Others': 0.09}",['Foreign Equity'],Foreign Equity,
164,Motilal Oswal Nifty 200 Momentum 30 ETF,INF247L01BK2,"{'Equity': 99.91, 'Net CA & Others': 0.07, 'Preference Shares': 0.04}",['Equity'],Equity,
165,Motilal Oswal Nifty 5 Year Benchmark G-Sec ETF,INF247L01AK4,"{'Govt. Securities': 99.3, 'Net CA & Others': 0.7}",['Govt. Securities'],Govt Securities,
166,Motilal Oswal Nifty 50 Equal Weight ETF,INF247L01FC0,"{'Equity': 99.87, 'Net CA & Others': 0.12}",['Equity'],Equity,
167,Motilal Oswal Nifty 50 ETF,INF247L01536,"{'Equity': 99.83, 'Net CA & Others': 0.17}",['Equity'],Equity,
168,Motilal Oswal Nifty 500 ETF,INF247L01BU1,"{'Equity': 99.84, 'Net CA & Others': 0.16, 'Preference Shares': 0.01}",['Equity'],Equity,
169,Motilal Oswal Nifty 500 Momentum 50 ETF,INF247L01DK8,"{'Equity': 99.98, 'Net CA & Others': 0.01}",['Equity'],Equity,
170,Motilal Oswal Nifty India Defence ETF,INF247L01DJ0,"{'Equity': 99.89, 'Net CA & Others': 0.11}",['Equity'],Equity,
171,Motilal Oswal Nifty Midcap 100 ETF,INF247L01023,"{'Equity': 99.94, 'Net CA & Others': 0.08}",['Equity'],Equity,
172,Motilal Oswal Nifty Realty ETF,INF247L01CI4,"{'Equity': 99.96, 'Net CA & Others': 0.04}",['Equity'],Equity,
173,Motilal Oswal Nifty Smallcap 250 ETF,INF247L01CH6,"{'Equity': 99.96, 'Net CA & Others': 0.09}",['Equity'],Equity,
174,Nippon India BSE Sensex Next 30 ETF,INF204KC1EZ3,"{'Cash & Cash Equivalent': 0.0, 'Equity': 99.69, 'Net CA & Others': 0.28, 'Reverse Repo': 0.03}",['Equity'],Equity,
175,Nippon India ETF Gold BeES,INF204KB17I5,"{'Cash & Cash Equivalent': 0.0, 'Gold': 98.67, 'Net CA & Others': 1.32, 'Reverse Repo': 0.01}",['Gold'],Gold,
176,Nippon India ETF Hang Seng BeES,INF204KB19I1,"{'Cash & Cash Equivalent': 0.0, 'Foreign Equity': 99.72, 'Net CA & Others': -0.01, 'Reverse Repo': 0.28}",['Foreign Equity'],Foreign Equity,
177,Nippon India ETF Nifty 100,INF204K014N5,"{'Cash & Cash Equivalent': 0.0, 'Equity': 99.83, 'Net CA & Others': -0.34, 'Preference Shares': 0.01, 'Reverse Repo': 0.5}",['Equity'],Equity,
178,Nippon India ETF Nifty 1D Rate Liquid BeES,INF732E01037,"{'Cash & Cash Equivalent': 0.04, 'Net CA & Others': -0.15, 'Reverse Repo': 100.11}",['Reverse Repo'],Rev Repo,
179,Nippon India ETF Nifty 5 yr Benchmark G-Sec,INF204KC1030,"{'Cash & Cash Equivalent': 0.27, 'Govt. Securities': 98.66, 'Net CA & Others': 1.03, 'Reverse Repo': 0.04}",['Govt. Securities'],Govt Securities,
180,Nippon India ETF Nifty 50 BeES,INF204KB14I2,"{'Cash & Cash Equivalent': 0.0, 'Equity': 99.85, 'Net CA & Others': 0.07, 'Reverse Repo': 0.08}",['Equity'],Equity,
181,Nippon India ETF Nifty 50 Shariah BeES,INF732E01128,"{'Equity': 99.78, 'Net CA & Others': 0.22}",['Equity'],Equity,
182,Nippon India ETF Nifty 50 Value 20,INF204KB18I3,"{'Cash & Cash Equivalent': 0.0, 'Equity': 99.78, 'Net CA & Others': 0.17, 'Reverse Repo': 0.05}",['Equity'],Equity,
183,Nippon India ETF Nifty 8-13 yr G-Sec Long Term Gilt,INF204KB1882,"{'Cash & Cash Equivalent': 0.12, 'Govt. Securities': 96.98, 'Net CA & Others': 2.43, 'Reverse Repo': 0.47}",['Govt. Securities'],Govt Securities,
184,Nippon India ETF Nifty Bank BeES,INF204KB15I9,"{'Cash & Cash Equivalent': 0.0, 'Equity': 99.76, 'Net CA & Others': 0.2, 'Reverse Repo': 0.04}",['Equity'],Equity,
185,Nippon India ETF Nifty Dividend Opportunities 50,INF204KA1MS3,"{'Cash & Cash Equivalent': 0.0, 'Equity': 99.81, 'Net CA & Others': -0.76, 'Reverse Repo': 0.95}",['Equity'],Equity,
186,Nippon India ETF Nifty India Consumption,INF204KA1LD7,"{'Cash & Cash Equivalent': 0.0, 'Equity': 99.91, 'Net CA & Others': -0.5, 'Preference Shares': 0.03, 'Reverse Repo': 0.56}",['Equity'],Equity,
187,Nippon India ETF Nifty Infrastructure BeES,INF732E01268,"{'Cash & Cash Equivalent': 0.0, 'Equity': 99.8, 'Net CA & Others': -0.24, 'Reverse Repo': 0.44}",['Equity'],Equity,
188,Nippon India ETF Nifty IT,INF204KB15V2,"{'Cash & Cash Equivalent': 0.0, 'Equity': 99.97, 'Net CA & Others': -0.03, 'Reverse Repo': 0.06}",['Equity'],Equity,
189,Nippon India ETF Nifty Midcap 150,INF204KB1V68,"{'Cash & Cash Equivalent': 0.0, 'Equity': 99.92, 'Net CA & Others': 0.04, 'Reverse Repo': 0.04}",['Equity'],Equity,
190,Nippon India ETF Nifty Next 50 Junior BeES,INF732E01045,"{'Cash & Cash Equivalent': 0.0, 'Equity': 99.64, 'Net CA & Others': 0.08, 'Preference Shares': 0.04, 'Reverse Repo': 0.24}",['Equity'],Equity,
191,Nippon India ETF Nifty PSU Bank BeES,INF204KB16I7,"{'Cash & Cash Equivalent': 0.0, 'Equity': 99.96, 'Net CA & Others': -0.03, 'Reverse Repo': 0.07}",['Equity'],Equity,
192,Nippon India ETF Nifty SDL Apr 2026 Top 20 Equal Weight,INF204KC1022,"{'Cash & Cash Equivalent': 0.0, 'Govt. Securities': 98.12, 'Net CA & Others': 1.43, 'Reverse Repo': 0.35, 'T Bills': 0.1}",['Govt. Securities'],Govt Securities,
193,Nippon India Nifty Auto ETF,INF204KC1337,"{'Cash & Cash Equivalent': 0.0, 'Equity': 99.74, 'Net CA & Others': 0.02, 'Preference Shares': 0.08, 'Reverse Repo': 0.16}",['Equity'],Equity,
194,Nippon India Nifty Pharma ETF,INF204KC1089,"{'Cash & Cash Equivalent': 0.0, 'Equity': 99.97, 'Net CA & Others': -0.4, 'Reverse Repo': 0.43}",['Equity'],Equity,
195,Nippon India Silver ETF,INF204KC1402,"{'Cash & Cash Equivalent': 0.0, 'Net CA & Others': 2.18, 'Reverse Repo': 0.02, 'Silver': 97.8}",['Silver'],Silver,
196,Quantum Gold Fund (G),INF082J01408,"{'Gold': 99.03, 'Net CA & Others': 0.97, 'Reverse Repo': 0.0}",['Gold'],Gold,
197,Quantum Nifty 50 ETF,INF082J01028,"{'Equity': 99.85, 'Net CA & Others': 0.15}",['Equity'],Equity,
198,SBI BSE PSU Bank ETF,INF200KB1712,"{'Equity': 99.98, 'Net CA & Others': -0.01, 'Reverse Repo': 0.03}",['Equity'],Equity,
199,SBI Gold ETF,INF200KA16D8,"{'Gold': 98.55, 'Net CA & Others': 1.45, 'Reverse Repo': 0.0}",['Gold'],Gold,
200,SBI Nifty 10 yr Benchmark G-Sec ETF,INF200KA1JT1,"{'Govt. Securities': 97.97, 'Net CA & Others': 2.03, 'Reverse Repo': 0.0}",['Govt. Securities'],Govt Securities,
201,SBI Nifty 1D Rate Liquid ETF - IDCW,INF200KA13Z8,"{'Net CA & Others': 0.52, 'Reverse Repo': 99.48}",['Reverse Repo'],Rev Repo,
202,SBI Nifty 200 Quality 30 ETF,INF200KA1WX6,"{'Equity': 99.87, 'Net CA & Others': 0.11, 'Reverse Repo': 0.02}",['Equity'],Equity,
203,SBI Nifty 50 ETF,INF200KA1FS1,"{'Equity': 99.87, 'Net CA & Others': 0.07, 'Reverse Repo': 0.06}",['Equity'],Equity,
204,SBI Nifty Bank ETF,INF200KA1580,"{'Equity': 99.79, 'Net CA & Others': 0.21, 'Reverse Repo': 0.0}",['Equity'],Equity,
205,SBI Nifty IT ETF,INF200KA1S14,"{'Equity': 99.99, 'Net CA & Others': -0.01, 'Reverse Repo': 0.01}",['Equity'],Equity,
206,SBI Nifty Next 50 ETF,INF200KA1598,"{'Corporate Debts': 0.04, 'Equity': 99.68, 'Net CA & Others': 0.2, 'Reverse Repo': 0.08}",['Equity'],Equity,
207,SBI Nifty Private Bank ETF,INF200KA1S22,"{'Equity': 99.82, 'Net CA & Others': 0.18, 'Reverse Repo': 0.0}",['Equity'],Equity,
208,SBI Nifty50 Equal Weight ETF,INF200KB1282,"{'Equity': 99.98, 'Net CA & Others': 0.01, 'Reverse Repo': 0.02}",['Equity'],Equity,
209,SBI SILVER ETF,INF200KB1217,"{'Net CA & Others': 2.4, 'Reverse Repo': 0.01, 'Silver': 97.59}",['Silver'],Silver,
210,Shriram Nifty 1D Rate Liquid ETF,INF680P01422,"{'Net CA & Others': 0.57, 'Reverse Repo': 99.43}",['Reverse Repo'],Rev Repo,
211,Tata Gold ETF,INF277KA1976,"{'Gold': 97.68, 'Net CA & Others': 2.32}",['Gold'],Gold,
212,Tata Nifty 50 Exchange Traded Fund,INF277K015R5,"{'Equity': 99.84, 'Net CA & Others': 0.15, 'Reverse Repo': 0.01}",['Equity'],Equity,
213,Tata Nifty India Digital Exchange Traded Fund,INF277KA1364,"{'Equity': 99.97, 'Net CA & Others': 0.03}",['Equity'],Equity,
214,Tata Nifty Private Bank ETF,INF277K010X4,"{'Equity': 99.7, 'Net CA & Others': 0.3}",['Equity'],Equity,
215,Tata Silver ETF,INF277KA1984,"{'Net CA & Others': 2.32, 'Reverse Repo': 0.01, 'Silver': 97.67}",['Silver'],Silver,
216,Union Gold ETF,INF582M01KS4,"{'Gold': 97.33, 'Net CA & Others': 2.44, 'Reverse Repo': 0.23}",['Gold'],Gold,
217,UTI-BSE Sensex ETF,INF789FB1X58,"{'Equity': 99.87, 'Net CA & Others': 0.12}",['Equity'],Equity,
218,UTI-BSE Sensex Next 50 ETF,INF789F1AUU3,"{'Equity': 99.69, 'Net CA & Others': 0.26, 'Preference Shares': 0.04}",['Equity'],Equity,
219,UTI-Gold ETF,INF789F1AUX7,"{'Gold': 99.11, 'Net CA & Others': 0.89}",['Gold'],Gold,
220,UTI-Nifty 10 yr Benchmark G-Sec ETF,INF789F1AZF3,"{'Govt. Securities': 98.06, 'Net CA & Others': 1.94}",['Govt. Securities'],Govt Securities,
221,UTI-Nifty 5 yr Benchmark G-Sec ETF,INF789F1AZE6,"{'Govt. Securities': 98.83, 'Net CA & Others': 1.17}",['Govt. Securities'],Govt Securities,
222,UTI-Nifty 50 ETF,INF789F1AZC0,"{'Equity': 99.88, 'Net CA & Others': 0.12}",['Equity'],Equity,
223,UTI-Nifty Bank Exchange Traded Fund,INF789F1AUV1,"{'Equity': 99.77, 'Net CA & Others': 0.23}",['Equity'],Equity,
224,UTI-Nifty Midcap 150 ETF,INF789F1AYX9,"{'Equity': 99.91, 'Net CA & Others': 0.09}",['Equity'],Equity,
225,UTI-Nifty Next 50 ETF,INF789F1AUW9,"{'Equity': 99.66, 'Net CA & Others': 0.3, 'Preference Shares': 0.04}",['Equity'],Equity,
226,UTI-Silver Exchange Traded Fund,INF789F1AYK6,"{'Net CA & Others': 2.44, 'Silver': 97.56}",['Silver'],Silver,
227,Zerodha Gold ETF,INF0R8F01042,"{'Gold': 97.65, 'Net CA & Others': 2.35, 'Reverse Repo': 0.0}",['Gold'],Gold,
228,Zerodha Nifty 100 ETF,INF0R8F01067,"{'Equity': 99.83, 'Net CA & Others': 0.16, 'Preference Shares': 0.01, 'Reverse Repo': 0.03}",['Equity'],Equity,
229,Zerodha Nifty 1D Rate Liquid ETF,INF0R8F01034,"{'Net CA & Others': 0.0, 'Reverse Repo': 99.47, 'T Bills': 0.53}",['Reverse Repo'],Rev Repo,
230,Zerodha Nifty Midcap 150 ETF,INF0R8F01059,"{'Equity': 99.97, 'Net CA & Others': -0.67, 'Reverse Repo': 0.77}",['Equity'],Equity,
231,Zerodha Silver ETF,INF0R8F01091,"{'Net CA & Others': 2.62, 'Reverse Repo': 0.28, 'Silver': 97.1}",['Silver'],Silver,
