Scheme Name,ISIN,Asset Type,Company Name,Co_Name,Equity Rating,Rating,Sector,Fund Manager,Mkt Value,No Shares/Units,Perc Hold(%),Price(BSE),Mkt cap,% of Equity Shares,YTM,YTC
DSP NIFTY 1D Rate Liquid ETF,INF740KA1EU7,Net CA & Others,Net CA & Others,,,,,Anil Ghelani,2.78,,0.51,,,,0,0
DSP NIFTY 1D Rate Liquid ETF,INF740KA1EU7,Reverse Repo,TREPS,,,,,Anil Ghelani,540.88,,99.49,,,,0,0
Motilal Oswal Gold ETF,INF247L01FY4,Gold,GOLD .995 1KG BAR,,,,,Dishant Mehta,6.86,7,100,,,,0,0
Motilal Oswal Gold ETF,INF247L01FY4,Net CA & Others,Net CA & Others,,,,,Dishant Mehta,,,0,,,,0,0
Motilal Oswal Nifty Alpha 50 ETF,INF247L01FR8,Equity,Aegis Logistics Ltd,Aegis Logistics,Good,,Trading,Swapnil Mayekar,0.01,204,0.28,719.2,"25,243.92",,0,0
Motilal Oswal Nifty Alpha 50 ETF,INF247L01FR8,Equity,Amber Enterprises India Ltd,Amber Enterp.,Bluechip,,Electronics - Components,Swapnil Mayekar,0.18,222,3.42,"7,958.70","26,966.41",,0,0
Motilal Oswal Nifty Alpha 50 ETF,INF247L01FR8,Equity,Bajaj Finance Ltd,Bajaj Finance,Bluechip,,Finance & Investments,Swapnil Mayekar,0.06,734,1.25,880.75,"547,323.29",,0,0
Motilal Oswal Nifty Alpha 50 ETF,INF247L01FR8,Equity,Bajaj Holdings & Investment Ltd,Bajaj Holdings,Average,,Finance & Investments,Swapnil Mayekar,0.14,99,2.67,"13,989.10","155,684.69",,0,0
Motilal Oswal Nifty Alpha 50 ETF,INF247L01FR8,Equity,Bharat Dynamics Ltd,Bharat Dynamics,Good,,Engineering,Swapnil Mayekar,0.04,271,0.85,"1,619.25","59,355.63",,0,0
Motilal Oswal Nifty Alpha 50 ETF,INF247L01FR8,Equity,Bharat Electronics Ltd,Bharat Electron,Bluechip,,Electronics - Components,Swapnil Mayekar,0.04,1043,0.77,383,"279,964.53",,0,0
Motilal Oswal Nifty Alpha 50 ETF,INF247L01FR8,Equity,Bharti Airtel Ltd,Bharti Airtel,Bluechip,,Telecommunications - Service Provider,Swapnil Mayekar,0.06,333,1.23,"1,913.20","1,147,398.56",,0,0
Motilal Oswal Nifty Alpha 50 ETF,INF247L01FR8,Equity,Bharti Hexacom Ltd,Bharti Hexacom,Good,,Telecommunications - Service Provider,Swapnil Mayekar,0.15,801,2.86,"1,850.00","92,500.00",,0,0
Motilal Oswal Nifty Alpha 50 ETF,INF247L01FR8,Equity,BSE Ltd,BSE,Poor,,Miscellaneous,Swapnil Mayekar,0.27,1098,5.16,,,,0,0
Motilal Oswal Nifty Alpha 50 ETF,INF247L01FR8,Equity,Central Depository Services (India) Ltd,C D S L,Poor,,Miscellaneous,Swapnil Mayekar,0.07,492,1.41,,,,0,0
Motilal Oswal Nifty Alpha 50 ETF,INF247L01FR8,Equity,Coforge Ltd,Coforge,Bluechip,,Computers - Software - Medium / Small,Swapnil Mayekar,0.13,748,2.53,"1,747.00","58,441.40",,0,0
Motilal Oswal Nifty Alpha 50 ETF,INF247L01FR8,Equity,Coromandel International Ltd,Coromandel Inter,Good,,Fertilizers,Swapnil Mayekar,0.17,625,3.25,"2,691.65","79,360.06",,0,0
Motilal Oswal Nifty Alpha 50 ETF,INF247L01FR8,Equity,Divis Laboratories Ltd,Divi's Lab.,Bluechip,,Pharmaceuticals - Indian - Bulk Drugs,Swapnil Mayekar,0.11,167,2.13,"6,600.65","175,226.52",,0,0
Motilal Oswal Nifty Alpha 50 ETF,INF247L01FR8,Equity,Dixon Technologies (India) Ltd,Dixon Technolog.,Good,,Electronics - Consumer,Swapnil Mayekar,0.12,71,2.31,"16,839.40","101,881.59",,0,0
Motilal Oswal Nifty Alpha 50 ETF,INF247L01FR8,Equity,Eternal Ltd,Eternal Ltd,Good,,Miscellaneous,Swapnil Mayekar,0.07,2294,1.37,307.85,"297,086.04",,0,0
Motilal Oswal Nifty Alpha 50 ETF,INF247L01FR8,Equity,Firstsource Solutions Ltd,Firstsour.Solu.,Good,,Computers - Software - Medium / Small,Swapnil Mayekar,0.17,4847,3.2,341.5,"24,145.01",,0,0
Motilal Oswal Nifty Alpha 50 ETF,INF247L01FR8,Equity,Fortis Healthcare Ltd,Fortis Health.,Bluechip,,Healthcare,Swapnil Mayekar,0.11,1274,2.11,857.45,"64,733.89",,0,0
Motilal Oswal Nifty Alpha 50 ETF,INF247L01FR8,Equity,GE Vernova T&D India Ltd,GE T&D India,Good,,Electric Equipment,Swapnil Mayekar,0.15,533,2.81,"2,734.45","70,015.59",,0,0
Motilal Oswal Nifty Alpha 50 ETF,INF247L01FR8,Equity,Glenmark Pharmaceuticals Ltd,Glenmark Pharma.,Bluechip,,Pharmaceuticals - Indian - Bulk Drugs & Formln,Swapnil Mayekar,0.05,255,1.05,"2,133.20","60,199.08",,0,0
Motilal Oswal Nifty Alpha 50 ETF,INF247L01FR8,Equity,HDFC Life Insurance Company Ltd,HDFC Life Insur.,Good,,Finance & Investments,Swapnil Mayekar,0.08,1049,1.53,755.55,"162,797.89",,0,0
Motilal Oswal Nifty Alpha 50 ETF,INF247L01FR8,Equity,Hitachi Energy India Ltd,Hitachi Energy,Good,,Electric Equipment,Swapnil Mayekar,0.15,76,2.96,"20,095.05","89,568.39",,0,0
Motilal Oswal Nifty Alpha 50 ETF,INF247L01FR8,Equity,Info Edge (India) Ltd,Info Edg.(India),Good,,Miscellaneous,Swapnil Mayekar,0.03,247,0.67,"1,392.35","90,213.22",,0,0
Motilal Oswal Nifty Alpha 50 ETF,INF247L01FR8,Equity,Inox Wind Ltd,Inox Wind,Poor,,Electric Equipment,Swapnil Mayekar,0.04,2552,0.74,150.65,"26,035.90",,0,0
Motilal Oswal Nifty Alpha 50 ETF,INF247L01FR8,Rights,Inox Wind Ltd,,,,Electric Equipment,Swapnil Mayekar,,163,0.01,150.65,"26,035.90",,0,0
Motilal Oswal Nifty Alpha 50 ETF,INF247L01FR8,Equity,Interglobe Aviation Ltd,Interglobe Aviat,Bluechip,,Transport - Airlines,Swapnil Mayekar,0.05,82,0.94,"5,909.30","228,407.37",,0,0
Motilal Oswal Nifty Alpha 50 ETF,INF247L01FR8,Equity,Jubilant Foodworks Ltd,Jubilant Food.,Bluechip,,Hotels,Swapnil Mayekar,0.06,876,1.11,655.6,"43,259.45",,0,0
Motilal Oswal Nifty Alpha 50 ETF,INF247L01FR8,Equity,Kalyan Jewellers India Ltd,Kalyan Jewellers,Bluechip,,Diamond Cutting / Jewellery,Swapnil Mayekar,0.09,1534,1.77,595.1,"61,408.08",,0,0
Motilal Oswal Nifty Alpha 50 ETF,INF247L01FR8,Equity,Kaynes Technology India Ltd,Kaynes Tech,Good,,Electronics - Components,Swapnil Mayekar,0.14,233,2.78,"6,175.10","41,346.67",,0,0
Motilal Oswal Nifty Alpha 50 ETF,INF247L01FR8,Equity,KFin Technologies Ltd,KFin Technolog.,Good,,Miscellaneous,Swapnil Mayekar,0.08,763,1.6,"1,082.65","18,641.91",,0,0
Motilal Oswal Nifty Alpha 50 ETF,INF247L01FR8,Equity,Laurus Labs Ltd,Laurus Labs,Bluechip,,Pharmaceuticals - Indian - Bulk Drugs & Formln,Swapnil Mayekar,0.11,1270,2.15,874.25,"47,194.19",,0,0
Motilal Oswal Nifty Alpha 50 ETF,INF247L01FR8,Equity,Lupin Ltd,Lupin,Bluechip,,Pharmaceuticals - Indian - Bulk Drugs & Formln,Swapnil Mayekar,0.04,214,0.8,"1,928.80","88,097.43",,0,0
Motilal Oswal Nifty Alpha 50 ETF,INF247L01FR8,Equity,Mahindra & Mahindra Ltd,M & M,Bluechip,,Automobiles - Passenger Cars,Swapnil Mayekar,0.02,63,0.39,"3,203.55","398,370.68",,0,0
Motilal Oswal Nifty Alpha 50 ETF,INF247L01FR8,Equity,Max Financial Services Ltd,Max Financial,Good,,Finance & Investments,Swapnil Mayekar,0.12,791,2.3,"1,504.95","51,938.05",,0,0
Motilal Oswal Nifty Alpha 50 ETF,INF247L01FR8,Equity,Max Healthcare Institute Ltd,Max Healthcare,Bluechip,,Healthcare,Swapnil Mayekar,0.1,801,1.93,"1,243.80","120,915.62",,0,0
Motilal Oswal Nifty Alpha 50 ETF,INF247L01FR8,Equity,Mazagon Dock Shipbuilders Ltd,Mazagon Dock,Bluechip,,Miscellaneous,Swapnil Mayekar,0.18,640,3.43,"2,772.40","111,833.07",,0,0
Motilal Oswal Nifty Alpha 50 ETF,INF247L01FR8,Equity,Motilal Oswal Financial Services Ltd,Motil.Oswal.Fin.,Good,,Finance & Investments,Swapnil Mayekar,0.08,868,1.53,911.15,"54,624.42",,0,0
Motilal Oswal Nifty Alpha 50 ETF,INF247L01FR8,Equity,Multi Commodity Exchange of India Ltd,Multi Comm. Exc.,Good,,Miscellaneous,Swapnil Mayekar,0.13,172,2.56,"7,694.80","39,242.22",,0,0
Motilal Oswal Nifty Alpha 50 ETF,INF247L01FR8,Equity,Muthoot Finance Ltd,Muthoot Finance,Bluechip,,Finance & Investments,Swapnil Mayekar,0.06,232,1.17,"2,612.70","104,891.67",,0,0
Motilal Oswal Nifty Alpha 50 ETF,INF247L01FR8,Equity,Narayana Hrudayalaya Ltd,Narayana Hrudaya,Good,,Healthcare,Swapnil Mayekar,0.09,472,1.75,"1,916.05","39,156.55",,0,0
Motilal Oswal Nifty Alpha 50 ETF,INF247L01FR8,Net CA & Others,Net CA & Others,,,,,Swapnil Mayekar,,,0.05,,,,0,0
Motilal Oswal Nifty Alpha 50 ETF,INF247L01FR8,Equity,One 97 Communications Ltd,One 97,Average,,Miscellaneous,Swapnil Mayekar,0.3,2786,5.87,"1,085.85","69,308.71",,0,0
Motilal Oswal Nifty Alpha 50 ETF,INF247L01FR8,Equity,Oracle Financial Services Software Ltd,Oracle Fin.Serv.,Bluechip,,Computers - Software - Large,Swapnil Mayekar,0.01,6,0.1,"8,474.60","73,646.78",,0,0
Motilal Oswal Nifty Alpha 50 ETF,INF247L01FR8,Equity,PB Fintech Ltd,PB Fintech.,Good,,Computers - Software - Medium / Small,Swapnil Mayekar,0.06,347,1.22,"1,812.45","83,238.09",,0,0
Motilal Oswal Nifty Alpha 50 ETF,INF247L01FR8,Equity,Persistent Systems Ltd,Persistent Sys,Bluechip,,Computers - Software - Large,Swapnil Mayekar,0.11,204,2.04,"5,160.55","80,711.00",,0,0
Motilal Oswal Nifty Alpha 50 ETF,INF247L01FR8,Equity,PG Electroplast Ltd,PG Electroplast,Good,,Electronics - Components,Swapnil Mayekar,0.32,3927,6.17,811.8,"23,004.03",,0,0
Motilal Oswal Nifty Alpha 50 ETF,INF247L01FR8,Equity,Piramal Pharma Ltd,Piramal Pharma,Bluechip,,Pharmaceuticals - Indian - Bulk Drugs & Formln,Swapnil Mayekar,0.08,3849,1.47,197.1,"26,199.48",,0,0
Motilal Oswal Nifty Alpha 50 ETF,INF247L01FR8,Equity,PNB Housing Finance Ltd,PNB Housing,Bluechip,,Finance - Housing,Swapnil Mayekar,0.08,777,1.48,986.2,"25,654.41",,0,0
Motilal Oswal Nifty Alpha 50 ETF,INF247L01FR8,Equity,Reliance Power Ltd,Reliance Power,Poor,,Power Generation And Supply,Swapnil Mayekar,0.19,35100,3.58,52.85,"21,857.55",,0,0
Motilal Oswal Nifty Alpha 50 ETF,INF247L01FR8,Equity,Solar Industries India Ltd,Solar Industries,Bluechip,,Chemicals,Swapnil Mayekar,0.12,81,2.23,"14,226.50","128,735.68",,0,0
Motilal Oswal Nifty Alpha 50 ETF,INF247L01FR8,Equity,Suzlon Energy Ltd,Suzlon Energy,Good,,Electric Equipment,Swapnil Mayekar,0.09,14438,1.72,61.59,"83,711.16",,0,0
Motilal Oswal Nifty Alpha 50 ETF,INF247L01FR8,Equity,Trent Ltd,Trent,Bluechip,,Trading,Swapnil Mayekar,0.03,53,0.51,"5,019.45","178,435.15",,0,0
Motilal Oswal Nifty Alpha 50 ETF,INF247L01FR8,Equity,UPL Ltd,UPL,Bluechip,,Pesticides / Agrochemicals - Indian,Swapnil Mayekar,0.04,552,0.75,702.9,"57,604.60",,0,0
Nippon India ETF Nifty 8-13 yr G-Sec Long Term Gilt,INF204KB1882,Cash & Cash Equivalent,Clearing Corporation of India Ltd,,,,Miscellaneous,Pranay Sinha,1.69,,0.06,,,,0,0
Nippon India ETF Nifty 8-13 yr G-Sec Long Term Gilt,INF204KB1882,Govt. Securities,GSEC,,,Sovereign,,Pranay Sinha,"1,490.03",145336900,50.82,,,,6.52,0
Nippon India ETF Nifty 8-13 yr G-Sec Long Term Gilt,INF204KB1882,Govt. Securities,GSEC,,,Sovereign,,Pranay Sinha,645.69,64790200,22.02,,,,6.48,0
Nippon India ETF Nifty 8-13 yr G-Sec Long Term Gilt,INF204KB1882,Govt. Securities,GSEC,,,Sovereign,,Pranay Sinha,727.73,69822500,24.82,,,,6.56,0
Nippon India ETF Nifty 8-13 yr G-Sec Long Term Gilt,INF204KB1882,Net CA & Others,Net CA & Others,,,,,Pranay Sinha,59.61,,2.04,,,,0,0
Nippon India ETF Nifty 8-13 yr G-Sec Long Term Gilt,INF204KB1882,Reverse Repo,TREPS,,,,,Pranay Sinha,7.1,,0.24,,,,0,0
Nippon India ETF Nifty SDL Apr 2026 Top 20 Equal Weight,INF204KC1022,Cash & Cash Equivalent,Clearing Corporation of India Ltd,,,,Miscellaneous,Vivek Sharma,1.25,,0.02,,,,0,0
Nippon India ETF Nifty SDL Apr 2026 Top 20 Equal Weight,INF204KC1022,Govt. Securities,GSEC,,,Sovereign,,Vivek Sharma,175.38,17440700,3.44,,,,5.57,0
Nippon India ETF Nifty SDL Apr 2026 Top 20 Equal Weight,INF204KC1022,Govt. Securities,GSEC,,,Sovereign,,Vivek Sharma,15.13,1500000,0.3,,,,5.57,0
Nippon India ETF Nifty SDL Apr 2026 Top 20 Equal Weight,INF204KC1022,Govt. Securities,GSEC,,,Sovereign,,Vivek Sharma,5.04,500000,0.1,,,,5.59,0
Nippon India ETF Nifty SDL Apr 2026 Top 20 Equal Weight,INF204KC1022,Govt. Securities,GSEC,,,Sovereign,,Vivek Sharma,19.93,1974900,0.39,,,,5.61,0
Nippon India ETF Nifty SDL Apr 2026 Top 20 Equal Weight,INF204KC1022,Govt. Securities,GSEC,,,Sovereign,,Vivek Sharma,98.19,9750000,1.93,,,,5.61,0
Nippon India ETF Nifty SDL Apr 2026 Top 20 Equal Weight,INF204KC1022,Govt. Securities,GSEC,,,Sovereign,,Vivek Sharma,98.13,9747400,1.93,,,,5.57,0
Nippon India ETF Nifty SDL Apr 2026 Top 20 Equal Weight,INF204KC1022,Govt. Securities,GSEC,,,Sovereign,,Vivek Sharma,366.57,36260300,7.19,,,,5.7,0
Nippon India ETF Nifty SDL Apr 2026 Top 20 Equal Weight,INF204KC1022,Govt. Securities,GSEC,,,Sovereign,,Vivek Sharma,6.67,659500,0.13,,,,5.71,0
Nippon India ETF Nifty SDL Apr 2026 Top 20 Equal Weight,INF204KC1022,Govt. Securities,GSEC,,,Sovereign,,Vivek Sharma,25.28,2500000,0.5,,,,5.72,0
Nippon India ETF Nifty SDL Apr 2026 Top 20 Equal Weight,INF204KC1022,Govt. Securities,GSEC,,,Sovereign,,Vivek Sharma,93.97,9245000,1.84,,,,5.81,0
Nippon India ETF Nifty SDL Apr 2026 Top 20 Equal Weight,INF204KC1022,Govt. Securities,GSEC,,,Sovereign,,Vivek Sharma,88.46,8700000,1.74,,,,5.81,0
Nippon India ETF Nifty SDL Apr 2026 Top 20 Equal Weight,INF204KC1022,Govt. Securities,GSEC,,,Sovereign,,Vivek Sharma,246.68,24251000,4.84,,,,5.75,0
Nippon India ETF Nifty SDL Apr 2026 Top 20 Equal Weight,INF204KC1022,Govt. Securities,GSEC,,,Sovereign,,Vivek Sharma,78.95,7795800,1.55,,,,5.74,0
Nippon India ETF Nifty SDL Apr 2026 Top 20 Equal Weight,INF204KC1022,Govt. Securities,GSEC,,,Sovereign,,Vivek Sharma,20.32,2000000,0.4,,,,5.77,0
Nippon India ETF Nifty SDL Apr 2026 Top 20 Equal Weight,INF204KC1022,Govt. Securities,GSEC,,,Sovereign,,Vivek Sharma,30.23,3000000,0.59,,,,5.61,0
Nippon India ETF Nifty SDL Apr 2026 Top 20 Equal Weight,INF204KC1022,Govt. Securities,GSEC,,,Sovereign,,Vivek Sharma,80.97,8014900,1.59,,,,5.57,0
Nippon India ETF Nifty SDL Apr 2026 Top 20 Equal Weight,INF204KC1022,Govt. Securities,GSEC,,,Sovereign,,Vivek Sharma,154.42,15190000,3.03,,,,5.82,0
Nippon India ETF Nifty SDL Apr 2026 Top 20 Equal Weight,INF204KC1022,Govt. Securities,GSEC,,,Sovereign,,Vivek Sharma,117.35,11545000,2.3,,,,5.74,0
Nippon India ETF Nifty SDL Apr 2026 Top 20 Equal Weight,INF204KC1022,Govt. Securities,GSEC,,,Sovereign,,Vivek Sharma,208.51,20620600,4.09,,,,5.72,0
Nippon India ETF Nifty SDL Apr 2026 Top 20 Equal Weight,INF204KC1022,Govt. Securities,GSEC,,,Sovereign,,Vivek Sharma,156.15,15419000,3.07,,,,5.7,0
Nippon India ETF Nifty SDL Apr 2026 Top 20 Equal Weight,INF204KC1022,Govt. Securities,GSEC,,,Sovereign,,Vivek Sharma,87.62,8617400,1.72,,,,5.79,0
Nippon India ETF Nifty SDL Apr 2026 Top 20 Equal Weight,INF204KC1022,Govt. Securities,GSEC,,,Sovereign,,Vivek Sharma,3.5,347000,0.07,,,,5.61,0
Nippon India ETF Nifty SDL Apr 2026 Top 20 Equal Weight,INF204KC1022,Govt. Securities,GSEC,,,Sovereign,,Vivek Sharma,154.55,15260000,3.03,,,,5.73,0
Nippon India ETF Nifty SDL Apr 2026 Top 20 Equal Weight,INF204KC1022,Govt. Securities,GSEC,,,Sovereign,,Vivek Sharma,93.33,9200000,1.83,,,,5.76,0
Nippon India ETF Nifty SDL Apr 2026 Top 20 Equal Weight,INF204KC1022,Govt. Securities,GSEC,,,Sovereign,,Vivek Sharma,15.24,1500000,0.3,,,,5.85,0
Nippon India ETF Nifty SDL Apr 2026 Top 20 Equal Weight,INF204KC1022,Govt. Securities,GSEC,,,Sovereign,,Vivek Sharma,326.9,32208800,6.41,,,,5.78,0
Nippon India ETF Nifty SDL Apr 2026 Top 20 Equal Weight,INF204KC1022,Govt. Securities,GSEC,,,Sovereign,,Vivek Sharma,142.46,14138700,2.8,,,,5.61,0
Nippon India ETF Nifty SDL Apr 2026 Top 20 Equal Weight,INF204KC1022,Govt. Securities,GSEC,,,Sovereign,,Vivek Sharma,41.98,4152500,0.82,,,,5.68,0
Nippon India ETF Nifty SDL Apr 2026 Top 20 Equal Weight,INF204KC1022,Govt. Securities,GSEC,,,Sovereign,,Vivek Sharma,12.97,1285000,0.25,,,,5.57,0
Nippon India ETF Nifty SDL Apr 2026 Top 20 Equal Weight,INF204KC1022,Govt. Securities,GSEC,,,Sovereign,,Vivek Sharma,46.89,4647000,0.92,,,,5.57,0
Nippon India ETF Nifty SDL Apr 2026 Top 20 Equal Weight,INF204KC1022,Govt. Securities,GSEC,,,Sovereign,,Vivek Sharma,41.28,4100000,0.81,,,,5.6,0
Nippon India ETF Nifty SDL Apr 2026 Top 20 Equal Weight,INF204KC1022,Govt. Securities,GSEC,,,Sovereign,,Vivek Sharma,140.17,13820300,2.75,,,,5.77,0
Nippon India ETF Nifty SDL Apr 2026 Top 20 Equal Weight,INF204KC1022,Govt. Securities,GSEC,,,Sovereign,,Vivek Sharma,81.15,8000000,1.59,,,,5.75,0
Nippon India ETF Nifty SDL Apr 2026 Top 20 Equal Weight,INF204KC1022,Govt. Securities,GSEC,,,Sovereign,,Vivek Sharma,76.09,7500000,1.49,,,,5.77,0
Nippon India ETF Nifty SDL Apr 2026 Top 20 Equal Weight,INF204KC1022,Govt. Securities,GSEC,,,Sovereign,,Vivek Sharma,183.42,18113000,3.61,,,,5.71,0
Nippon India ETF Nifty SDL Apr 2026 Top 20 Equal Weight,INF204KC1022,Govt. Securities,GSEC,,,Sovereign,,Vivek Sharma,50.84,5000000,1,,,,5.75,0
Nippon India ETF Nifty SDL Apr 2026 Top 20 Equal Weight,INF204KC1022,Govt. Securities,GSEC,,,Sovereign,,Vivek Sharma,45.29,4464600,0.89,,,,5.74,0
Nippon India ETF Nifty SDL Apr 2026 Top 20 Equal Weight,INF204KC1022,Govt. Securities,GSEC,,,Sovereign,,Vivek Sharma,135.36,13341600,2.66,,,,5.81,0
Nippon India ETF Nifty SDL Apr 2026 Top 20 Equal Weight,INF204KC1022,Govt. Securities,GSEC,,,Sovereign,,Vivek Sharma,45.75,4500000,0.9,,,,5.74,0
Nippon India ETF Nifty SDL Apr 2026 Top 20 Equal Weight,INF204KC1022,Govt. Securities,GSEC,,,Sovereign,,Vivek Sharma,10.1,1000000,0.2,,,,5.85,0
Nippon India ETF Nifty SDL Apr 2026 Top 20 Equal Weight,INF204KC1022,Govt. Securities,GSEC,,,Sovereign,,Vivek Sharma,25.39,2500000,0.5,,,,5.83,0
Nippon India ETF Nifty SDL Apr 2026 Top 20 Equal Weight,INF204KC1022,Govt. Securities,GSEC,,,Sovereign,,Vivek Sharma,107.5,10600000,2.11,,,,5.76,0
Nippon India ETF Nifty SDL Apr 2026 Top 20 Equal Weight,INF204KC1022,Govt. Securities,GSEC,,,Sovereign,,Vivek Sharma,0.6,60000,0.01,,,,5.61,0
Nippon India ETF Nifty SDL Apr 2026 Top 20 Equal Weight,INF204KC1022,Govt. Securities,GSEC,,,Sovereign,,Vivek Sharma,1.46,144400,0.03,,,,5.8,0
Nippon India ETF Nifty SDL Apr 2026 Top 20 Equal Weight,INF204KC1022,Govt. Securities,GSEC,,,Sovereign,,Vivek Sharma,27.36,2724000,0.53,,,,5.57,0
Nippon India ETF Nifty SDL Apr 2026 Top 20 Equal Weight,INF204KC1022,Govt. Securities,GSEC,,,Sovereign,,Vivek Sharma,65.9,6500000,1.29,,,,5.87,0
Nippon India ETF Nifty SDL Apr 2026 Top 20 Equal Weight,INF204KC1022,Govt. Securities,GSEC,,,Sovereign,,Vivek Sharma,5.08,500000,0.1,,,,5.86,0
Nippon India ETF Nifty SDL Apr 2026 Top 20 Equal Weight,INF204KC1022,Govt. Securities,GSEC,,,Sovereign,,Vivek Sharma,201.08,19827000,3.95,,,,5.8,0
Nippon India ETF Nifty SDL Apr 2026 Top 20 Equal Weight,INF204KC1022,Govt. Securities,GSEC,,,Sovereign,,Vivek Sharma,182.75,17979500,3.59,,,,5.75,0
Nippon India ETF Nifty SDL Apr 2026 Top 20 Equal Weight,INF204KC1022,Govt. Securities,GSEC,,,Sovereign,,Vivek Sharma,241.26,23715000,4.73,,,,5.78,0
Nippon India ETF Nifty SDL Apr 2026 Top 20 Equal Weight,INF204KC1022,Govt. Securities,GSEC,,,Sovereign,,Vivek Sharma,23.05,2300000,0.45,,,,5.7,0
Nippon India ETF Nifty SDL Apr 2026 Top 20 Equal Weight,INF204KC1022,Govt. Securities,GSEC,,,Sovereign,,Vivek Sharma,157.54,15490100,3.09,,,,5.78,0
Nippon India ETF Nifty SDL Apr 2026 Top 20 Equal Weight,INF204KC1022,Govt. Securities,GSEC,,,Sovereign,,Vivek Sharma,50.13,5000000,0.98,,,,5.74,0
Nippon India ETF Nifty SDL Apr 2026 Top 20 Equal Weight,INF204KC1022,Govt. Securities,GSEC,,,Sovereign,,Vivek Sharma,40.02,4000000,0.79,,,,5.68,0
Nippon India ETF Nifty SDL Apr 2026 Top 20 Equal Weight,INF204KC1022,Govt. Securities,GSEC 6.09,,,Sovereign,,Vivek Sharma,5.01,500000,0.1,,,,5.74,0
Nippon India ETF Nifty SDL Apr 2026 Top 20 Equal Weight,INF204KC1022,Net CA & Others,Net CA & Others,,,,,Vivek Sharma,93.19,,1.82,,,,0,0
Nippon India ETF Nifty SDL Apr 2026 Top 20 Equal Weight,INF204KC1022,T Bills,TBILL-364D,,,,,Vivek Sharma,4.91,500000,0.1,,,,5.45,0
Nippon India ETF Nifty SDL Apr 2026 Top 20 Equal Weight,INF204KC1022,Reverse Repo,TREPS,,,,,Vivek Sharma,41.32,,0.81,,,,0,0
Nippon India Nifty 1D Rate Liquid ETF - Growth,INF204KC1FU1,Cash & Cash Equivalent,Clearing Corporation of India Ltd,,,,Miscellaneous,Vikas Agrawal,0.11,,0.59,,,,0,0
Nippon India Nifty 1D Rate Liquid ETF - Growth,INF204KC1FU1,Net CA & Others,Net CA & Others,,,,,Vikas Agrawal,,,0,,,,0,0
Nippon India Nifty 1D Rate Liquid ETF - Growth,INF204KC1FU1,Reverse Repo,TREPS,,,,,Vikas Agrawal,17.98,0,99.41,0,0,0,0,0
Edelweiss Nifty500 Multicap Momentum Quality 50 ETF,INF754K01TF1,Equity,360 ONE WAM Ltd,360 ONE,Good,,Finance & Investments,Bhavesh Jain,0.32,2650,1.14,"1,193.40","48,241.85",,0,0
Edelweiss Nifty500 Multicap Momentum Quality 50 ETF,INF754K01TF1,Cash & Cash Equivalent,Accrued Interest,,,,,Bhavesh Jain,,,0,,,,0,0
Edelweiss Nifty500 Multicap Momentum Quality 50 ETF,INF754K01TF1,Equity,Action Construction Equipment Ltd,Action Const.Eq.,Good,,Engineering,Bhavesh Jain,0.06,496,0.22,"1,218.55","14,510.88",,0,0
Edelweiss Nifty500 Multicap Momentum Quality 50 ETF,INF754K01TF1,Equity,Affle 3i Ltd,Affle 3i,Average,,Computers - Software - Medium / Small,Bhavesh Jain,0.21,1039,0.75,"2,000.00","28,117.73",,0,0
Edelweiss Nifty500 Multicap Momentum Quality 50 ETF,INF754K01TF1,Equity,Angel One Ltd,Angel One,Bluechip,,Finance & Investments,Bhavesh Jain,0.24,806,0.85,"2,923.15","26,447.87",,0,0
Edelweiss Nifty500 Multicap Momentum Quality 50 ETF,INF754K01TF1,Equity,Astrazeneca Pharma India Ltd,Astrazeneca Phar,Good,,Pharmaceuticals - Multinational,Bhavesh Jain,0.09,106,0.34,"8,871.70","22,179.25",,0,0
Edelweiss Nifty500 Multicap Momentum Quality 50 ETF,INF754K01TF1,Equity,Bajaj Finance Ltd,Bajaj Finance,Bluechip,,Finance & Investments,Bhavesh Jain,1.39,14818,4.99,936.2,"581,781.50",,0,0
Edelweiss Nifty500 Multicap Momentum Quality 50 ETF,INF754K01TF1,Equity,Bharat Electronics Ltd,Bharat Electron,Bluechip,,Electronics - Components,Bhavesh Jain,1.41,33345,5.05,421.7,"308,253.37",,0,0
Edelweiss Nifty500 Multicap Momentum Quality 50 ETF,INF754K01TF1,Equity,Bharat Petroleum Corporation Ltd,B P C L,Good,,Refineries,Bhavesh Jain,0.9,26982,3.22,331.95,"144,016.69",,0,0
Edelweiss Nifty500 Multicap Momentum Quality 50 ETF,INF754K01TF1,Equity,BLS International Services Ltd,BLS Internat.,Average,,Computers - Software - Medium / Small,Bhavesh Jain,0.07,1841,0.24,369.05,"15,195.30",,0,0
Edelweiss Nifty500 Multicap Momentum Quality 50 ETF,INF754K01TF1,Equity,Britannia Industries Ltd,Britannia Inds.,Bluechip,,Food - Processing - MNC,Bhavesh Jain,1.32,2261,4.76,"5,852.00","140,956.13",,0,0
Edelweiss Nifty500 Multicap Momentum Quality 50 ETF,INF754K01TF1,Equity,BSE Ltd,BSE,Poor,,Miscellaneous,Bhavesh Jain,1.35,4869,4.85,,,,0,0
Edelweiss Nifty500 Multicap Momentum Quality 50 ETF,INF754K01TF1,Equity,Caplin Point Laboratories Ltd,Caplin Point Lab,Good,,Pharmaceuticals - Indian - Formulations,Bhavesh Jain,0.07,318,0.24,"2,116.75","16,089.78",,0,0
Edelweiss Nifty500 Multicap Momentum Quality 50 ETF,INF754K01TF1,Equity,Castrol India Ltd,Castrol India,Good,,Chemicals,Bhavesh Jain,0.17,7740,0.62,221.7,"21,928.84",,0,0
Edelweiss Nifty500 Multicap Momentum Quality 50 ETF,INF754K01TF1,Equity,Central Depository Services (India) Ltd,C D S L,Poor,,Miscellaneous,Bhavesh Jain,0.47,2627,1.69,,,,0,0
Edelweiss Nifty500 Multicap Momentum Quality 50 ETF,INF754K01TF1,Equity,CG Power & Industrial Solutions Ltd,CG Power & Indu.,Bluechip,,Electric Equipment,Bhavesh Jain,0.55,8005,1.96,682.1,"104,298.47",,0,0
Edelweiss Nifty500 Multicap Momentum Quality 50 ETF,INF754K01TF1,Equity,Coforge Ltd,Coforge,Bluechip,,Computers - Software - Medium / Small,Bhavesh Jain,1.1,5705,3.95,"1,925.20","64,383.69",,0,0
Edelweiss Nifty500 Multicap Momentum Quality 50 ETF,INF754K01TF1,Equity,Cohance Lifesciences Ltd,Cohance Life,Good,,Pharmaceuticals - Indian - Bulk Drugs & Formln,Bhavesh Jain,0.17,1739,0.61,966.65,"36,980.85",,0,0
Edelweiss Nifty500 Multicap Momentum Quality 50 ETF,INF754K01TF1,Equity,Computer Age Management Services Ltd,Cams Services,Good,,Miscellaneous,Bhavesh Jain,0.27,640,0.99,"4,299.45","21,271.43",,0,0
Edelweiss Nifty500 Multicap Momentum Quality 50 ETF,INF754K01TF1,Equity,Coromandel International Ltd,Coromandel Inter,Good,,Fertilizers,Bhavesh Jain,0.69,2769,2.49,"2,502.60","73,786.15",,0,0
Edelweiss Nifty500 Multicap Momentum Quality 50 ETF,INF754K01TF1,Equity,Divis Laboratories Ltd,Divi's Lab.,Bluechip,,Pharmaceuticals - Indian - Bulk Drugs,Bhavesh Jain,1.4,2055,5.03,"6,811.45","180,822.60",,0,0
Edelweiss Nifty500 Multicap Momentum Quality 50 ETF,INF754K01TF1,Equity,Dixon Technologies (India) Ltd,Dixon Technolog.,Good,,Electronics - Consumer,Bhavesh Jain,0.82,549,2.96,"14,951.20","90,421.38",,0,0
Edelweiss Nifty500 Multicap Momentum Quality 50 ETF,INF754K01TF1,Equity,eClerx Services Ltd,eClerx Services,Good,,Computers - Software - Medium / Small,Bhavesh Jain,0.13,362,0.46,"3,498.35","17,150.79",,0,0
Edelweiss Nifty500 Multicap Momentum Quality 50 ETF,INF754K01TF1,Equity,Eicher Motors Ltd,Eicher Motors,Bluechip,,Automobiles - Motorcycles / Mopeds,Bhavesh Jain,1.23,2179,4.43,"5,654.25","155,069.07",,0,0
Edelweiss Nifty500 Multicap Momentum Quality 50 ETF,INF754K01TF1,Equity,Elecon Engineering Company Ltd,Elecon Engg.Co,Good,,Engineering,Bhavesh Jain,0.08,1285,0.3,655,"14,698.20",,0,0
Edelweiss Nifty500 Multicap Momentum Quality 50 ETF,INF754K01TF1,Equity,Garden Reach Shipbuilders & Engineers Ltd,Garden Reach Sh.,Good,,Miscellaneous,Bhavesh Jain,0.21,705,0.76,"3,015.95","34,548.31",,0,0
Edelweiss Nifty500 Multicap Momentum Quality 50 ETF,INF754K01TF1,Equity,Gillette India Ltd,Gillette India,Good,,Personal Care - Multinational,Bhavesh Jain,0.15,134,0.53,"10,913.30","35,566.44",,0,0
Edelweiss Nifty500 Multicap Momentum Quality 50 ETF,INF754K01TF1,Equity,Glaxosmithkline Pharmaceuticals Ltd,Glaxosmi. Pharma,Good,,Pharmaceuticals - Multinational,Bhavesh Jain,0.29,845,1.03,"3,386.70","57,372.74",,0,0
Edelweiss Nifty500 Multicap Momentum Quality 50 ETF,INF754K01TF1,Equity,Godfrey Phillips India Ltd,Godfrey Phillips,Good,,Cigarettes,Bhavesh Jain,0.26,293,0.95,"8,984.15","46,712.12",,0,0
Edelweiss Nifty500 Multicap Momentum Quality 50 ETF,INF754K01TF1,Equity,HCL Technologies Ltd,HCL Technologies,Bluechip,,Computers - Software - Large,Bhavesh Jain,1.36,7885,4.9,"1,727.70","468,839.92",,0,0
Edelweiss Nifty500 Multicap Momentum Quality 50 ETF,INF754K01TF1,Equity,HDFC Asset Management Company Ltd,HDFC AMC,Good,,Finance & Investments,Bhavesh Jain,0.87,1681,3.14,"5,190.15","111,022.27",,0,0
Edelweiss Nifty500 Multicap Momentum Quality 50 ETF,INF754K01TF1,Equity,Hindustan Aeronautics Ltd,Hind.Aeronautics,Bluechip,,Engineering,Bhavesh Jain,1.2,2470,4.32,"4,872.35","325,850.59",,0,0
Edelweiss Nifty500 Multicap Momentum Quality 50 ETF,INF754K01TF1,Equity,Indian Energy Exchange Ltd,Indian Energy Ex,Good,,Miscellaneous,Bhavesh Jain,0.28,14248,0.99,193.1,"17,218.59",,0,0
Edelweiss Nifty500 Multicap Momentum Quality 50 ETF,INF754K01TF1,Equity,Intellect Design Arena Ltd,Intellect Design,Good,,Computers - Software - Medium / Small,Bhavesh Jain,0.22,1880,0.78,"1,147.85","15,957.42",,0,0
Edelweiss Nifty500 Multicap Momentum Quality 50 ETF,INF754K01TF1,Equity,L T Foods Ltd,L T Foods,Good,,Food - Processing - Indian,Bhavesh Jain,0.13,2652,0.46,486.3,"16,886.91",,0,0
Edelweiss Nifty500 Multicap Momentum Quality 50 ETF,INF754K01TF1,Equity,Mahanagar Gas Ltd,Mahanagar Gas,Good,,Miscellaneous,Bhavesh Jain,0.12,819,0.44,"1,483.75","14,656.15",,0,0
Edelweiss Nifty500 Multicap Momentum Quality 50 ETF,INF754K01TF1,Equity,Manappuram Finance Ltd,Manappuram Fin.,Bluechip,,Finance & Investments,Bhavesh Jain,0.32,11782,1.17,275.45,"23,315.04",,0,0
Edelweiss Nifty500 Multicap Momentum Quality 50 ETF,INF754K01TF1,Equity,Marico Ltd,Marico,Bluechip,,Solvent Extraction,Bhavesh Jain,0.68,9399,2.44,722.3,"93,609.85",,0,0
Edelweiss Nifty500 Multicap Momentum Quality 50 ETF,INF754K01TF1,Equity,Mazagon Dock Shipbuilders Ltd,Mazagon Dock,Bluechip,,Miscellaneous,Bhavesh Jain,0.54,1661,1.94,"3,244.00","130,856.47",,0,0
Edelweiss Nifty500 Multicap Momentum Quality 50 ETF,INF754K01TF1,Equity,Motilal Oswal Financial Services Ltd,Motil.Oswal.Fin.,Good,,Finance & Investments,Bhavesh Jain,0.19,2168,0.68,870.1,"52,163.42",,0,0
Edelweiss Nifty500 Multicap Momentum Quality 50 ETF,INF754K01TF1,Equity,Narayana Hrudayalaya Ltd,Narayana Hrudaya,Good,,Healthcare,Bhavesh Jain,0.34,1582,1.23,"2,171.10","44,368.77",,0,0
Edelweiss Nifty500 Multicap Momentum Quality 50 ETF,INF754K01TF1,Equity,Nestle India Ltd,Nestle India,Bluechip,,Food - Processing - MNC,Bhavesh Jain,1.39,5631,4.99,"2,465.55","237,717.77",,0,0
Edelweiss Nifty500 Multicap Momentum Quality 50 ETF,INF754K01TF1,Net CA & Others,Net CA & Others,,,,,Bhavesh Jain,0.06,,0.16,,,,0,0
Edelweiss Nifty500 Multicap Momentum Quality 50 ETF,INF754K01TF1,Equity,Newgen Software Technologies Ltd,Newgen Software,Good,,Computers - Software - Medium / Small,Bhavesh Jain,0.11,900,0.38,"1,171.30","16,588.56",,0,0
Edelweiss Nifty500 Multicap Momentum Quality 50 ETF,INF754K01TF1,Equity,Nippon Life India Asset Management Ltd,Nippon Life Ind.,Good,,Finance & Investments,Bhavesh Jain,0.21,2620,0.75,800.1,"50,834.72",,0,0
Edelweiss Nifty500 Multicap Momentum Quality 50 ETF,INF754K01TF1,Equity,Page Industries Ltd,Page Industries,Good,,Textiles - Products,Bhavesh Jain,0.55,112,1.99,"49,404.05","55,104.65",,0,0
Edelweiss Nifty500 Multicap Momentum Quality 50 ETF,INF754K01TF1,Equity,Persistent Systems Ltd,Persistent Sys,Bluechip,,Computers - Software - Large,Bhavesh Jain,1.04,1729,3.76,"6,044.65","94,538.33",,0,0
Edelweiss Nifty500 Multicap Momentum Quality 50 ETF,INF754K01TF1,Equity,Schneider Electric Infrastructure Ltd,Schneider Elect.,Average,,Electric Equipment,Bhavesh Jain,0.07,856,0.26,832.4,"19,902.68",,0,0
Edelweiss Nifty500 Multicap Momentum Quality 50 ETF,INF754K01TF1,Equity,Solar Industries India Ltd,Solar Industries,Bluechip,,Chemicals,Bhavesh Jain,1.06,601,3.8,"17,588.15","159,155.27",,0,0
Edelweiss Nifty500 Multicap Momentum Quality 50 ETF,INF754K01TF1,Equity,Suzlon Energy Ltd,Suzlon Energy,Good,,Electric Equipment,Bhavesh Jain,1.34,197813,4.82,67.78,"92,103.85",,0,0
Edelweiss Nifty500 Multicap Momentum Quality 50 ETF,INF754K01TF1,Equity,Zen Technologies Ltd,Zen Technologies,Average,,Miscellaneous,Bhavesh Jain,0.18,906,0.65,"1,981.90","17,894.65",,0,0
Edelweiss Nifty500 Multicap Momentum Quality 50 ETF,INF754K01TF1,Equity,Zensar Technologies Ltd,Zensar Tech.,Good,,Computers - Software - Medium / Small,Bhavesh Jain,0.15,1788,0.54,842.6,"19,141.29",,0,0
Mirae Asset Nifty MidSmallcap400 Momentum Quality 100 ETF,INF769K01LJ8,Equity,360 ONE WAM Ltd,360 ONE,Good,,Finance & Investments,Ekta Gala,3.97,33219,1.08,"1,193.40","48,241.85",0.01,0,0
Mirae Asset Nifty MidSmallcap400 Momentum Quality 100 ETF,INF769K01LJ8,Equity,Action Construction Equipment Ltd,Action Const.Eq.,Good,,Engineering,Ekta Gala,0.76,6215,0.21,"1,218.55","14,510.88",0.01,0,0
Mirae Asset Nifty MidSmallcap400 Momentum Quality 100 ETF,INF769K01LJ8,Equity,Affle 3i Ltd,Affle 3i,Average,,Computers - Software - Medium / Small,Ekta Gala,2.6,13018,0.71,"2,000.00","28,117.73",0.01,0,0
Mirae Asset Nifty MidSmallcap400 Momentum Quality 100 ETF,INF769K01LJ8,Equity,Angel One Ltd,Angel One,Bluechip,,Finance & Investments,Ekta Gala,2.96,10128,0.8,"2,923.15","26,447.87",0.01,0,0
Mirae Asset Nifty MidSmallcap400 Momentum Quality 100 ETF,INF769K01LJ8,Equity,Apar Industries Ltd,Apar Inds.,Good,,Electric Equipment,Ekta Gala,1.97,2255,0.53,"8,708.60","34,980.98",0.01,0,0
Mirae Asset Nifty MidSmallcap400 Momentum Quality 100 ETF,INF769K01LJ8,Equity,APL Apollo Tubes Ltd,APL Apollo Tubes,Bluechip,,Steel - Large,Ekta Gala,6.23,35812,1.69,"1,737.15","48,210.18",0.01,0,0
Mirae Asset Nifty MidSmallcap400 Momentum Quality 100 ETF,INF769K01LJ8,Equity,Astrazeneca Pharma India Ltd,Astrazeneca Phar,Good,,Pharmaceuticals - Multinational,Ekta Gala,1.18,1324,0.32,"8,871.70","22,179.25",0.01,0,0
Mirae Asset Nifty MidSmallcap400 Momentum Quality 100 ETF,INF769K01LJ8,Equity,Aurobindo Pharma Ltd,Aurobindo Pharma,Bluechip,,Pharmaceuticals - Indian - Bulk Drugs & Formln,Ekta Gala,3.38,29824,0.92,"1,135.10","66,509.89",0.01,0,0
Mirae Asset Nifty MidSmallcap400 Momentum Quality 100 ETF,INF769K01LJ8,Equity,Bank of Maharashtra,Bank of Maha,Average,,Banks - Public Sector,Ekta Gala,1.01,176579,0.27,57.1,"43,918.78",,0,0
Mirae Asset Nifty MidSmallcap400 Momentum Quality 100 ETF,INF769K01LJ8,Equity,BASF India Ltd,BASF India,Good,,Chemicals,Ekta Gala,0.83,1617,0.23,"5,160.95","22,339.50",,0,0
Mirae Asset Nifty MidSmallcap400 Momentum Quality 100 ETF,INF769K01LJ8,Equity,Bayer CropScience Ltd,Bayer Crop Sci.,Good,,Pesticides / Agrochemicals - Multinational,Ekta Gala,1.38,2195,0.38,"6,283.55","28,239.59",,0,0
Mirae Asset Nifty MidSmallcap400 Momentum Quality 100 ETF,INF769K01LJ8,Equity,Berger Paints India Ltd,Berger Paints,Good,,Paints / Varnishes,Ekta Gala,3.64,61440,0.99,593.05,"69,143.39",0.01,0,0
Mirae Asset Nifty MidSmallcap400 Momentum Quality 100 ETF,INF769K01LJ8,Equity,Bharat Dynamics Ltd,Bharat Dynamics,Good,,Engineering,Ekta Gala,4.61,23704,1.25,"1,944.60","71,281.74",0.01,0,0
Mirae Asset Nifty MidSmallcap400 Momentum Quality 100 ETF,INF769K01LJ8,Equity,BLS International Services Ltd,BLS Internat.,Average,,Computers - Software - Medium / Small,Ekta Gala,0.85,23083,0.23,369.05,"15,195.30",0.01,0,0
Mirae Asset Nifty MidSmallcap400 Momentum Quality 100 ETF,INF769K01LJ8,Equity,Blue Star Ltd,Blue Star,Bluechip,,Air-conditioners,Ekta Gala,2.38,14559,0.65,"1,636.90","33,657.08",0.01,0,0
Mirae Asset Nifty MidSmallcap400 Momentum Quality 100 ETF,INF769K01LJ8,Equity,BSE Ltd,BSE,Poor,,Miscellaneous,Ekta Gala,17.92,64698,4.87,,,,0,0
Mirae Asset Nifty MidSmallcap400 Momentum Quality 100 ETF,INF769K01LJ8,Equity,Caplin Point Laboratories Ltd,Caplin Point Lab,Good,,Pharmaceuticals - Indian - Formulations,Ekta Gala,0.84,3983,0.23,"2,116.75","16,089.78",0.01,0,0
Mirae Asset Nifty MidSmallcap400 Momentum Quality 100 ETF,INF769K01LJ8,Equity,Castrol India Ltd,Castrol India,Good,,Chemicals,Ekta Gala,2.15,97001,0.58,221.7,"21,928.84",0.01,0,0
Mirae Asset Nifty MidSmallcap400 Momentum Quality 100 ETF,INF769K01LJ8,Equity,CEAT Ltd,CEAT,Good,,Tyres,Ekta Gala,1.78,4841,0.48,"3,684.00","14,901.81",0.01,0,0
Mirae Asset Nifty MidSmallcap400 Momentum Quality 100 ETF,INF769K01LJ8,Equity,Central Depository Services (India) Ltd,C D S L,Poor,,Miscellaneous,Ekta Gala,5.91,32918,1.61,,,,0,0
Mirae Asset Nifty MidSmallcap400 Momentum Quality 100 ETF,INF769K01LJ8,Equity,Cochin Shipyard Ltd,Cochin Shipyard,Good,,Miscellaneous,Ekta Gala,2.73,13197,0.74,"2,065.00","54,326.18",0.01,0,0
Mirae Asset Nifty MidSmallcap400 Momentum Quality 100 ETF,INF769K01LJ8,Equity,Coforge Ltd,Coforge,Bluechip,,Computers - Software - Medium / Small,Ekta Gala,13.76,71504,3.74,"1,925.20","64,383.69",0.02,0,0
Mirae Asset Nifty MidSmallcap400 Momentum Quality 100 ETF,INF769K01LJ8,Equity,Cohance Lifesciences Ltd,Cohance Life,Good,,Pharmaceuticals - Indian - Bulk Drugs & Formln,Ekta Gala,2.11,21840,0.57,966.65,"36,980.85",0.01,0,0
Mirae Asset Nifty MidSmallcap400 Momentum Quality 100 ETF,INF769K01LJ8,Equity,Colgate-Palmolive (India) Ltd,Colgate-Palmoliv,Good,,Personal Care - Multinational,Ekta Gala,6.63,27524,1.8,"2,407.65","65,484.62",0.01,0,0
Mirae Asset Nifty MidSmallcap400 Momentum Quality 100 ETF,INF769K01LJ8,Equity,Computer Age Management Services Ltd,Cams Services,Good,,Miscellaneous,Ekta Gala,3.44,8018,0.94,"4,299.45","21,271.43",0.02,0,0
Mirae Asset Nifty MidSmallcap400 Momentum Quality 100 ETF,INF769K01LJ8,Equity,Coromandel International Ltd,Coromandel Inter,Good,,Fertilizers,Ekta Gala,8.69,34705,2.36,"2,502.60","73,786.15",0.01,0,0
Mirae Asset Nifty MidSmallcap400 Momentum Quality 100 ETF,INF769K01LJ8,Equity,CreditAccess Grameen Ltd,CreditAcc. Gram.,Good,,Finance & Investments,Ekta Gala,1.13,9355,0.31,"1,210.55","19,337.36",0.01,0,0
Mirae Asset Nifty MidSmallcap400 Momentum Quality 100 ETF,INF769K01LJ8,Equity,Cummins India Ltd,Cummins India,Bluechip,,Engines,Ekta Gala,6.16,18112,1.67,"3,399.15","94,224.44",0.01,0,0
Mirae Asset Nifty MidSmallcap400 Momentum Quality 100 ETF,INF769K01LJ8,Equity,Dixon Technologies (India) Ltd,Dixon Technolog.,Good,,Electronics - Consumer,Ekta Gala,10.31,6882,2.8,"14,951.20","90,421.38",0.01,0,0
Mirae Asset Nifty MidSmallcap400 Momentum Quality 100 ETF,INF769K01LJ8,Equity,Dr Lal Pathlabs Ltd,Dr Lal Pathlabs,Good,,Healthcare,Ekta Gala,1.42,5082,0.39,"2,794.70","23,412.74",0.01,0,0
Mirae Asset Nifty MidSmallcap400 Momentum Quality 100 ETF,INF769K01LJ8,Equity,eClerx Services Ltd,eClerx Services,Good,,Computers - Software - Medium / Small,Ekta Gala,1.59,4535,0.43,"3,498.35","17,150.79",0.01,0,0
Mirae Asset Nifty MidSmallcap400 Momentum Quality 100 ETF,INF769K01LJ8,Equity,Elecon Engineering Company Ltd,Elecon Engg.Co,Good,,Engineering,Ekta Gala,1.05,16100,0.29,655,"14,698.20",0.01,0,0
Mirae Asset Nifty MidSmallcap400 Momentum Quality 100 ETF,INF769K01LJ8,Equity,Escorts Kubota Ltd,Escorts Kubota,Good,,Automobiles - Tractors,Ekta Gala,1.21,3638,0.33,"3,333.40","37,293.33",,0,0
Mirae Asset Nifty MidSmallcap400 Momentum Quality 100 ETF,INF769K01LJ8,Equity,Firstsource Solutions Ltd,Firstsour.Solu.,Good,,Computers - Software - Medium / Small,Ekta Gala,2.39,63788,0.65,374.3,"26,464.06",0.01,0,0
Mirae Asset Nifty MidSmallcap400 Momentum Quality 100 ETF,INF769K01LJ8,Equity,Garden Reach Shipbuilders & Engineers Ltd,Garden Reach Sh.,Good,,Miscellaneous,Ekta Gala,2.67,8840,0.72,"3,015.95","34,548.31",0.01,0,0
Mirae Asset Nifty MidSmallcap400 Momentum Quality 100 ETF,INF769K01LJ8,Equity,Gillette India Ltd,Gillette India,Good,,Personal Care - Multinational,Ekta Gala,1.83,1674,0.5,"10,913.30","35,566.44",0.01,0,0
Mirae Asset Nifty MidSmallcap400 Momentum Quality 100 ETF,INF769K01LJ8,Equity,Glaxosmithkline Pharmaceuticals Ltd,Glaxosmi. Pharma,Good,,Pharmaceuticals - Multinational,Ekta Gala,3.59,10583,0.97,"3,386.70","57,372.74",0.01,0,0
Mirae Asset Nifty MidSmallcap400 Momentum Quality 100 ETF,INF769K01LJ8,Equity,Glenmark Pharmaceuticals Ltd,Glenmark Pharma.,Bluechip,,Pharmaceuticals - Indian - Bulk Drugs & Formln,Ekta Gala,3.14,17883,0.85,"1,753.10","49,472.62",0.01,0,0
Mirae Asset Nifty MidSmallcap400 Momentum Quality 100 ETF,INF769K01LJ8,Equity,Godawari Power & Ispat Ltd,Godawari Power,Good,,Steel - Medium / Small,Ekta Gala,0.69,36661,0.19,189.2,"12,662.38",0.01,0,0
Mirae Asset Nifty MidSmallcap400 Momentum Quality 100 ETF,INF769K01LJ8,Equity,Godfrey Phillips India Ltd,Godfrey Phillips,Good,,Cigarettes,Ekta Gala,3.29,3670,0.9,"8,984.15","46,712.12",0.01,0,0
Mirae Asset Nifty MidSmallcap400 Momentum Quality 100 ETF,INF769K01LJ8,Equity,HBL Engineering Ltd,HBL Engineering,Good,,Auto Ancillaries,Ekta Gala,1.07,18045,0.29,592.75,"16,430.73",0.01,0,0
Mirae Asset Nifty MidSmallcap400 Momentum Quality 100 ETF,INF769K01LJ8,Equity,HDFC Asset Management Company Ltd,HDFC AMC,Good,,Finance & Investments,Ekta Gala,10.94,21065,2.97,"5,190.15","111,022.27",0.01,0,0
Mirae Asset Nifty MidSmallcap400 Momentum Quality 100 ETF,INF769K01LJ8,Equity,Himadri Speciality Chemical Ltd,Himadri Special,Good,,Chemicals,Ekta Gala,1.93,37233,0.52,517.75,"25,569.06",0.01,0,0
Mirae Asset Nifty MidSmallcap400 Momentum Quality 100 ETF,INF769K01LJ8,Equity,Hitachi Energy India Ltd,Hitachi Energy,Good,,Electric Equipment,Ekta Gala,6.35,3172,1.73,"19,983.00","89,068.96",0.01,0,0
Mirae Asset Nifty MidSmallcap400 Momentum Quality 100 ETF,INF769K01LJ8,Equity,Home First Finance Company India Ltd,Home First Finan,Good,,Finance - Housing,Ekta Gala,2.29,16638,0.62,"1,377.70","14,223.85",0.02,0,0
Mirae Asset Nifty MidSmallcap400 Momentum Quality 100 ETF,INF769K01LJ8,Equity,Housing & Urban Development Corporation Ltd,H U D C O,Bluechip,,Finance - Housing,Ekta Gala,1.28,53914,0.35,237.55,"47,555.13",,0,0
Mirae Asset Nifty MidSmallcap400 Momentum Quality 100 ETF,INF769K01LJ8,Equity,Indian Bank,Indian Bank,Bluechip,,Banks - Public Sector,Ekta Gala,3.21,49952,0.87,643.35,"86,656.93",,0,0
Mirae Asset Nifty MidSmallcap400 Momentum Quality 100 ETF,INF769K01LJ8,Equity,Indian Energy Exchange Ltd,Indian Energy Ex,Good,,Miscellaneous,Ekta Gala,3.42,177232,0.93,193.1,"17,218.59",0.02,0,0
Mirae Asset Nifty MidSmallcap400 Momentum Quality 100 ETF,INF769K01LJ8,Equity,Indraprastha Gas Ltd,Indraprastha Gas,Bluechip,,Miscellaneous,Ekta Gala,2.59,118928,0.7,217.85,"30,499.03",0.01,0,0
Mirae Asset Nifty MidSmallcap400 Momentum Quality 100 ETF,INF769K01LJ8,Equity,Indus Towers Ltd,Indus Towers,Bluechip,,Transmisson Line Towers / Equipment,Ekta Gala,8.51,202048,2.31,421.05,"113,470.32",0.01,0,0
Mirae Asset Nifty MidSmallcap400 Momentum Quality 100 ETF,INF769K01LJ8,Equity,Intellect Design Arena Ltd,Intellect Design,Good,,Computers - Software - Medium / Small,Ekta Gala,2.71,23558,0.74,"1,147.85","15,957.42",0.02,0,0
Mirae Asset Nifty MidSmallcap400 Momentum Quality 100 ETF,INF769K01LJ8,Equity,K P R Mill Ltd,K P R Mill Ltd,Good,,Textiles - Products,Ekta Gala,2.29,20042,0.62,"1,140.80","38,994.14",0.01,0,0
Mirae Asset Nifty MidSmallcap400 Momentum Quality 100 ETF,INF769K01LJ8,Equity,KEI Industries Ltd,KEI Industries,Bluechip,,Cables - Power,Ekta Gala,2.86,7551,0.78,"3,794.85","36,260.78",0.01,0,0
Mirae Asset Nifty MidSmallcap400 Momentum Quality 100 ETF,INF769K01LJ8,Equity,Kirloskar Brothers Ltd,Kirl. Brothers,Good,,Pumps,Ekta Gala,0.78,3297,0.21,"2,359.35","18,735.34",,0,0
Mirae Asset Nifty MidSmallcap400 Momentum Quality 100 ETF,INF769K01LJ8,Equity,KPIT Technologies Ltd,KPIT Technologi.,Bluechip,,Computers - Software - Medium / Small,Ekta Gala,3,23869,0.82,"1,258.85","34,510.59",0.01,0,0
Mirae Asset Nifty MidSmallcap400 Momentum Quality 100 ETF,INF769K01LJ8,Equity,L T Foods Ltd,L T Foods,Good,,Food - Processing - Indian,Ekta Gala,1.62,33235,0.44,486.3,"16,886.91",0.01,0,0
Mirae Asset Nifty MidSmallcap400 Momentum Quality 100 ETF,INF769K01LJ8,Equity,L&T Technology Services Ltd,L&T Technology,Good,,Computers - Software - Large,Ekta Gala,1.55,3529,0.42,"4,397.10","46,598.01",,0,0
Mirae Asset Nifty MidSmallcap400 Momentum Quality 100 ETF,INF769K01LJ8,Equity,Lupin Ltd,Lupin,Bluechip,,Pharmaceuticals - Indian - Bulk Drugs & Formln,Ekta Gala,6.73,34706,1.83,"1,937.80","88,502.45",0.01,0,0
Mirae Asset Nifty MidSmallcap400 Momentum Quality 100 ETF,INF769K01LJ8,Equity,Mahanagar Gas Ltd,Mahanagar Gas,Good,,Miscellaneous,Ekta Gala,1.52,10259,0.41,"1,483.75","14,656.15",0.01,0,0
Mirae Asset Nifty MidSmallcap400 Momentum Quality 100 ETF,INF769K01LJ8,Equity,Maharashtra Seamless Ltd,Mah. Seamless,Good,,Steel - Large,Ekta Gala,0.52,6816,0.14,761.7,"10,206.14",0.01,0,0
Mirae Asset Nifty MidSmallcap400 Momentum Quality 100 ETF,INF769K01LJ8,Equity,Manappuram Finance Ltd,Manappuram Fin.,Bluechip,,Finance & Investments,Ekta Gala,4.07,147642,1.11,275.45,"23,315.04",0.02,0,0
Mirae Asset Nifty MidSmallcap400 Momentum Quality 100 ETF,INF769K01LJ8,Equity,Marico Ltd,Marico,Bluechip,,Solvent Extraction,Ekta Gala,8.51,117812,2.31,722.3,"93,609.85",0.01,0,0
Mirae Asset Nifty MidSmallcap400 Momentum Quality 100 ETF,INF769K01LJ8,Equity,Mazagon Dock Shipbuilders Ltd,Mazagon Dock,Bluechip,,Miscellaneous,Ekta Gala,6.75,20820,1.84,"3,244.00","130,856.47",0.01,0,0
Mirae Asset Nifty MidSmallcap400 Momentum Quality 100 ETF,INF769K01LJ8,Equity,Motilal Oswal Financial Services Ltd,Motil.Oswal.Fin.,Good,,Finance & Investments,Ekta Gala,2.36,27172,0.64,870.1,"52,163.42",,0,0
Mirae Asset Nifty MidSmallcap400 Momentum Quality 100 ETF,INF769K01LJ8,Equity,Mphasis Ltd,Mphasis,Bluechip,,Computers - Software - Large,Ekta Gala,3.87,13593,1.05,"2,844.80","54,122.17",0.01,0,0
Mirae Asset Nifty MidSmallcap400 Momentum Quality 100 ETF,INF769K01LJ8,Equity,MRF Ltd,MRF,Good,,Tyres,Ekta Gala,5.05,355,1.37,"142,367.10","60,379.92",0.01,0,0
Mirae Asset Nifty MidSmallcap400 Momentum Quality 100 ETF,INF769K01LJ8,Equity,Muthoot Finance Ltd,Muthoot Finance,Bluechip,,Finance & Investments,Ekta Gala,5.68,21651,1.54,"2,625.15","105,390.29",0.01,0,0
Mirae Asset Nifty MidSmallcap400 Momentum Quality 100 ETF,INF769K01LJ8,Equity,Narayana Hrudayalaya Ltd,Narayana Hrudaya,Good,,Healthcare,Ekta Gala,4.3,19795,1.17,"2,171.10","44,368.77",0.01,0,0
Mirae Asset Nifty MidSmallcap400 Momentum Quality 100 ETF,INF769K01LJ8,Equity,Nava Ltd,Nava,Average,,Diversified - Large,Ekta Gala,1.66,27282,0.45,606.2,"17,592.00",0.01,0,0
Mirae Asset Nifty MidSmallcap400 Momentum Quality 100 ETF,INF769K01LJ8,Equity,NBCC (India) Ltd,NBCC,Bluechip,,Miscellaneous,Ekta Gala,2.39,195110,0.65,122.8,"33,156.00",0.01,0,0
Mirae Asset Nifty MidSmallcap400 Momentum Quality 100 ETF,INF769K01LJ8,Net CA & Others,Net CA & Others,,,,,Ekta Gala,-2.35,,-0.64,,,,0,0
Mirae Asset Nifty MidSmallcap400 Momentum Quality 100 ETF,INF769K01LJ8,Equity,Neuland Laboratories Ltd,Neuland Labs.,Good,,Pharmaceuticals - Indian - Bulk Drugs,Ekta Gala,1.76,1468,0.48,"12,006.15","15,403.76",0.01,0,0
Mirae Asset Nifty MidSmallcap400 Momentum Quality 100 ETF,INF769K01LJ8,Equity,Newgen Software Technologies Ltd,Newgen Software,Good,,Computers - Software - Medium / Small,Ekta Gala,1.32,11282,0.36,"1,171.30","16,588.56",0.01,0,0
Mirae Asset Nifty MidSmallcap400 Momentum Quality 100 ETF,INF769K01LJ8,Equity,Nippon Life India Asset Management Ltd,Nippon Life Ind.,Good,,Finance & Investments,Ekta Gala,2.63,32843,0.71,800.1,"50,834.72",0.01,0,0
Mirae Asset Nifty MidSmallcap400 Momentum Quality 100 ETF,INF769K01LJ8,Equity,NMDC Ltd,NMDC,Bluechip,,Mining / Minerals / Metals,Ekta Gala,3.11,444772,0.85,70.02,"61,560.31",0.01,0,0
Mirae Asset Nifty MidSmallcap400 Momentum Quality 100 ETF,INF769K01LJ8,Equity,Oil India Ltd,Oil India,Bluechip,,Oil Drilling / Allied Services,Ekta Gala,2.55,58611,0.69,434.3,"70,643.58",,0,0
Mirae Asset Nifty MidSmallcap400 Momentum Quality 100 ETF,INF769K01LJ8,Equity,Oracle Financial Services Software Ltd,Oracle Fin.Serv.,Bluechip,,Computers - Software - Large,Ekta Gala,2.92,3244,0.79,"8,986.80","78,095.95",,0,0
Mirae Asset Nifty MidSmallcap400 Momentum Quality 100 ETF,INF769K01LJ8,Equity,P I Industries Ltd,P I Industries,Bluechip,,Pesticides / Agrochemicals - Indian,Ekta Gala,4.64,11308,1.26,"4,104.30","62,269.67",0.01,0,0
Mirae Asset Nifty MidSmallcap400 Momentum Quality 100 ETF,INF769K01LJ8,Equity,Page Industries Ltd,Page Industries,Good,,Textiles - Products,Ekta Gala,6.96,1408,1.89,"49,404.05","55,104.65",0.01,0,0
Mirae Asset Nifty MidSmallcap400 Momentum Quality 100 ETF,INF769K01LJ8,Equity,Persistent Systems Ltd,Persistent Sys,Bluechip,,Computers - Software - Large,Ekta Gala,13.09,21668,3.56,"6,044.65","94,538.33",0.01,0,0
Mirae Asset Nifty MidSmallcap400 Momentum Quality 100 ETF,INF769K01LJ8,Equity,Petronet LNG Ltd,Petronet LNG,Good,,Miscellaneous,Ekta Gala,2.97,98402,0.81,301.8,"45,270.00",0.01,0,0
Mirae Asset Nifty MidSmallcap400 Momentum Quality 100 ETF,INF769K01LJ8,Equity,Pfizer Ltd,Pfizer,Good,,Pharmaceuticals - Multinational,Ekta Gala,1.56,2755,0.43,"5,679.30","25,981.51",0.01,0,0
Mirae Asset Nifty MidSmallcap400 Momentum Quality 100 ETF,INF769K01LJ8,Equity,PG Electroplast Ltd,PG Electroplast,Good,,Electronics - Components,Ekta Gala,2.73,36137,0.74,754.2,"21,370.01",0.01,0,0
Mirae Asset Nifty MidSmallcap400 Momentum Quality 100 ETF,INF769K01LJ8,Equity,Poly Medicure Ltd,Poly Medicure,Good,,Healthcare,Ekta Gala,1.16,5195,0.31,"2,218.50","22,479.11",0.01,0,0
Mirae Asset Nifty MidSmallcap400 Momentum Quality 100 ETF,INF769K01LJ8,Equity,Polycab India Ltd,Polycab India,Bluechip,,Cables - Power,Ekta Gala,4.2,6405,1.14,"6,548.65","98,561.22",,0,0
Mirae Asset Nifty MidSmallcap400 Momentum Quality 100 ETF,INF769K01LJ8,Equity,Rail Vikas Nigam Ltd,Rail Vikas,Good,,Construction,Ekta Gala,2.69,67725,0.73,397.75,"82,931.67",,0,0
Mirae Asset Nifty MidSmallcap400 Momentum Quality 100 ETF,INF769K01LJ8,Equity,Redington Ltd,Redington,Good,,Trading,Ekta Gala,3.94,121161,1.07,325.55,"25,450.67",0.02,0,0
Mirae Asset Nifty MidSmallcap400 Momentum Quality 100 ETF,INF769K01LJ8,Equity,Rites Ltd,Rites,Good,,Miscellaneous,Ekta Gala,0.5,17977,0.14,280,"13,456.91",,0,0
Mirae Asset Nifty MidSmallcap400 Momentum Quality 100 ETF,INF769K01LJ8,Equity,SBI Cards & Payment Services Ltd,SBI Cards,Bluechip,,Finance & Investments,Ekta Gala,7.5,78741,2.04,950.9,"90,480.77",0.01,0,0
Mirae Asset Nifty MidSmallcap400 Momentum Quality 100 ETF,INF769K01LJ8,Equity,Schneider Electric Infrastructure Ltd,Schneider Elect.,Average,,Electric Equipment,Ekta Gala,0.89,10723,0.24,832.4,"19,902.68",,0,0
Mirae Asset Nifty MidSmallcap400 Momentum Quality 100 ETF,INF769K01LJ8,Equity,Solar Industries India Ltd,Solar Industries,Bluechip,,Chemicals,Ekta Gala,13.25,7527,3.6,"17,588.15","159,155.27",0.01,0,0
Mirae Asset Nifty MidSmallcap400 Momentum Quality 100 ETF,INF769K01LJ8,Equity,Sumitomo Chemical India Ltd,Sumitomo Chemi.,Good,,Pesticides / Agrochemicals - Indian,Ekta Gala,0.9,16992,0.24,529.45,"26,427.27",,0,0
Mirae Asset Nifty MidSmallcap400 Momentum Quality 100 ETF,INF769K01LJ8,Equity,Suzlon Energy Ltd,Suzlon Energy,Good,,Electric Equipment,Ekta Gala,16.79,2479183,4.56,67.78,"92,103.85",0.02,0,0
Mirae Asset Nifty MidSmallcap400 Momentum Quality 100 ETF,INF769K01LJ8,Equity,Tata Elxsi Ltd,Tata Elxsi,Good,,Computers - Software - Medium / Small,Ekta Gala,3.34,5293,0.91,"6,310.00","39,301.64",0.01,0,0
Mirae Asset Nifty MidSmallcap400 Momentum Quality 100 ETF,INF769K01LJ8,Equity,Techno Electric & Engineering Company Ltd,Techno Elec.Engg,Good,,Engineering - Turnkey Services,Ekta Gala,1.09,6807,0.3,"1,600.65","18,615.49",0.01,0,0
Mirae Asset Nifty MidSmallcap400 Momentum Quality 100 ETF,INF769K01LJ8,Reverse Repo,TREPS,,,,,Ekta Gala,2.52,,0.69,,,,5.35,0
Mirae Asset Nifty MidSmallcap400 Momentum Quality 100 ETF,INF769K01LJ8,Equity,Triveni Turbine Ltd,Triveni Turbine,Good,,Electric Equipment,Ekta Gala,1.03,16743,0.28,612.8,"19,479.50",0.01,0,0
Mirae Asset Nifty MidSmallcap400 Momentum Quality 100 ETF,INF769K01LJ8,Equity,Uno Minda Ltd,Uno Minda,Bluechip,,Auto Ancillaries,Ekta Gala,2.58,23384,0.7,"1,104.60","63,422.14",,0,0
Mirae Asset Nifty MidSmallcap400 Momentum Quality 100 ETF,INF769K01LJ8,Equity,UTI Asset Management Company Ltd,UTI AMC,Good,,Finance & Investments,Ekta Gala,0.79,6122,0.21,"1,289.90","16,518.27",,0,0
Mirae Asset Nifty MidSmallcap400 Momentum Quality 100 ETF,INF769K01LJ8,Equity,Welspun Corp Ltd,Welspun Corp,Good,,Steel - Large,Ekta Gala,2.68,28942,0.73,925.4,"24,358.55",0.01,0,0
Mirae Asset Nifty MidSmallcap400 Momentum Quality 100 ETF,INF769K01LJ8,Equity,Zen Technologies Ltd,Zen Technologies,Average,,Miscellaneous,Ekta Gala,2.24,11322,0.61,"1,981.90","17,894.65",0.01,0,0
Mirae Asset Nifty MidSmallcap400 Momentum Quality 100 ETF,INF769K01LJ8,Equity,Zensar Technologies Ltd,Zensar Tech.,Good,,Computers - Software - Medium / Small,Ekta Gala,1.88,22261,0.51,842.6,"19,141.29",0.01,0,0
Mirae Asset Nifty Smallcap 250 Momentum Quality 100 ETF,INF769K01LC3,Equity,AAVAS Financiers Ltd,AAVAS Financiers,Good,,Finance - Housing,Ekta Gala,6.43,30733,0.95,"2,091.30","16,554.08",0.04,0,0
Mirae Asset Nifty Smallcap 250 Momentum Quality 100 ETF,INF769K01LC3,Equity,Action Construction Equipment Ltd,Action Const.Eq.,Good,,Engineering,Ekta Gala,3.46,28381,0.51,"1,218.55","14,510.88",0.02,0,0
Mirae Asset Nifty Smallcap 250 Momentum Quality 100 ETF,INF769K01LC3,Equity,Aditya Birla Real Estate Ltd,A B Real Estate,Good,,Construction,Ekta Gala,5.31,21812,0.79,"2,437.65","27,227.50",0.02,0,0
Mirae Asset Nifty Smallcap 250 Momentum Quality 100 ETF,INF769K01LC3,Equity,Aegis Logistics Ltd,Aegis Logistics,Good,,Trading,Ekta Gala,4.96,63897,0.73,775.75,"27,228.83",0.02,0,0
Mirae Asset Nifty Smallcap 250 Momentum Quality 100 ETF,INF769K01LC3,Equity,Affle 3i Ltd,Affle 3i,Average,,Computers - Software - Medium / Small,Ekta Gala,11.88,59447,1.76,"2,000.00","28,117.73",0.04,0,0
Mirae Asset Nifty Smallcap 250 Momentum Quality 100 ETF,INF769K01LC3,Equity,Amara Raja Energy & Mobility Ltd,Amara Raja Ener.,Good,,Auto Ancillaries,Ekta Gala,6.41,66448,0.95,965.65,"17,673.84",0.04,0,0
Mirae Asset Nifty Smallcap 250 Momentum Quality 100 ETF,INF769K01LC3,Equity,Amber Enterprises India Ltd,Amber Enterp.,Bluechip,,Electronics - Components,Ekta Gala,10.76,15900,1.59,"6,768.50","22,933.66",0.05,0,0
Mirae Asset Nifty Smallcap 250 Momentum Quality 100 ETF,INF769K01LC3,Equity,Anand Rathi Wealth Ltd,Anand Rathi Wea.,Average,,Finance & Investments,Ekta Gala,6.2,28707,0.92,"2,161.10","17,941.59",0.03,0,0
Mirae Asset Nifty Smallcap 250 Momentum Quality 100 ETF,INF769K01LC3,Equity,Anant Raj Ltd,Anant Raj,Average,,Construction,Ekta Gala,4.67,82434,0.69,566.2,"19,435.42",0.02,0,0
Mirae Asset Nifty Smallcap 250 Momentum Quality 100 ETF,INF769K01LC3,Equity,Angel One Ltd,Angel One,Bluechip,,Finance & Investments,Ekta Gala,13.52,46251,2,"2,923.15","26,447.87",0.05,0,0
Mirae Asset Nifty Smallcap 250 Momentum Quality 100 ETF,INF769K01LC3,Equity,Astrazeneca Pharma India Ltd,Astrazeneca Phar,Good,,Pharmaceuticals - Multinational,Ekta Gala,5.39,6045,0.8,"8,871.70","22,179.25",0.02,0,0
Mirae Asset Nifty Smallcap 250 Momentum Quality 100 ETF,INF769K01LC3,Equity,BASF India Ltd,BASF India,Good,,Chemicals,Ekta Gala,3.81,7388,0.56,"5,160.95","22,339.50",0.02,0,0
Mirae Asset Nifty Smallcap 250 Momentum Quality 100 ETF,INF769K01LC3,Equity,Bayer CropScience Ltd,Bayer Crop Sci.,Good,,Pesticides / Agrochemicals - Multinational,Ekta Gala,6.31,10026,0.93,"6,283.55","28,239.59",0.02,0,0
Mirae Asset Nifty Smallcap 250 Momentum Quality 100 ETF,INF769K01LC3,Equity,BEML Ltd,BEML Ltd,Good,,Engineering,Ekta Gala,5.08,11398,0.75,"4,460.10","18,573.86",0.03,0,0
Mirae Asset Nifty Smallcap 250 Momentum Quality 100 ETF,INF769K01LC3,Equity,Birlasoft Ltd,Birlasoft Ltd,Good,,Computers - Software - Medium / Small,Ekta Gala,3.62,83456,0.54,433.4,"12,043.80",0.03,0,0
Mirae Asset Nifty Smallcap 250 Momentum Quality 100 ETF,INF769K01LC3,Equity,BLS International Services Ltd,BLS Internat.,Average,,Computers - Software - Medium / Small,Ekta Gala,3.89,105405,0.58,369.05,"15,195.30",0.03,0,0
Mirae Asset Nifty Smallcap 250 Momentum Quality 100 ETF,INF769K01LC3,Equity,Can Fin Homes Ltd,Can Fin Homes,Good,,Finance - Housing,Ekta Gala,4.16,52527,0.62,792.65,"10,554.46",0.04,0,0
Mirae Asset Nifty Smallcap 250 Momentum Quality 100 ETF,INF769K01LC3,Equity,Caplin Point Laboratories Ltd,Caplin Point Lab,Good,,Pharmaceuticals - Indian - Formulations,Ekta Gala,3.85,18189,0.57,"2,116.75","16,089.78",0.02,0,0
Mirae Asset Nifty Smallcap 250 Momentum Quality 100 ETF,INF769K01LC3,Equity,Castrol India Ltd,Castrol India,Good,,Chemicals,Ekta Gala,9.82,442936,1.45,221.7,"21,928.84",0.04,0,0
Mirae Asset Nifty Smallcap 250 Momentum Quality 100 ETF,INF769K01LC3,Equity,CEAT Ltd,CEAT,Good,,Tyres,Ekta Gala,8.14,22108,1.2,"3,684.00","14,901.81",0.05,0,0
Mirae Asset Nifty Smallcap 250 Momentum Quality 100 ETF,INF769K01LC3,Equity,Central Depository Services (India) Ltd,C D S L,Poor,,Miscellaneous,Ekta Gala,20.44,113910,3.02,,,,0,0
Mirae Asset Nifty Smallcap 250 Momentum Quality 100 ETF,INF769K01LC3,Equity,Century Plyboards (India) Ltd,Century Plyboard,Good,,Miscellaneous,Ekta Gala,3.47,45650,0.51,760.25,"16,890.70",0.02,0,0
Mirae Asset Nifty Smallcap 250 Momentum Quality 100 ETF,INF769K01LC3,Equity,Chambal Fertilisers & Chemicals Ltd,Chambal Fert.,Good,,Fertilizers,Ekta Gala,6.9,122012,1.02,565.25,"22,646.87",0.03,0,0
Mirae Asset Nifty Smallcap 250 Momentum Quality 100 ETF,INF769K01LC3,Equity,Chennai Petroleum Corporation Ltd,C P C L,Average,,Refineries,Ekta Gala,2.2,32443,0.33,679.6,"10,120.02",0.02,0,0
Mirae Asset Nifty Smallcap 250 Momentum Quality 100 ETF,INF769K01LC3,Equity,Cohance Lifesciences Ltd,Cohance Life,Good,,Pharmaceuticals - Indian - Bulk Drugs & Formln,Ekta Gala,9.65,99728,1.43,966.65,"36,980.85",0.03,0,0
Mirae Asset Nifty Smallcap 250 Momentum Quality 100 ETF,INF769K01LC3,Equity,Computer Age Management Services Ltd,Cams Services,Good,,Miscellaneous,Ekta Gala,15.71,36614,2.32,"4,299.45","21,271.43",0.07,0,0
Mirae Asset Nifty Smallcap 250 Momentum Quality 100 ETF,INF769K01LC3,Equity,CreditAccess Grameen Ltd,CreditAcc. Gram.,Good,,Finance & Investments,Ekta Gala,5.17,42721,0.76,"1,210.55","19,337.36",0.03,0,0
Mirae Asset Nifty Smallcap 250 Momentum Quality 100 ETF,INF769K01LC3,Equity,Crompton Greaves Consumer Electricals Ltd,Crompton Gr. Con,Bluechip,,Electric Equipment,Ekta Gala,11.42,321662,1.69,355.25,"22,872.87",0.05,0,0
Mirae Asset Nifty Smallcap 250 Momentum Quality 100 ETF,INF769K01LC3,Equity,Cyient Ltd,Cyient,Bluechip,,Computers - Software - Medium / Small,Ekta Gala,5.59,43389,0.83,"1,289.35","14,318.33",0.04,0,0
Mirae Asset Nifty Smallcap 250 Momentum Quality 100 ETF,INF769K01LC3,Equity,Dr Lal Pathlabs Ltd,Dr Lal Pathlabs,Good,,Healthcare,Ekta Gala,6.49,23207,0.96,"2,794.70","23,412.74",0.03,0,0
Mirae Asset Nifty Smallcap 250 Momentum Quality 100 ETF,INF769K01LC3,Equity,eClerx Services Ltd,eClerx Services,Good,,Computers - Software - Medium / Small,Ekta Gala,7.25,20711,1.07,"3,498.35","17,150.79",0.04,0,0
Mirae Asset Nifty Smallcap 250 Momentum Quality 100 ETF,INF769K01LC3,Equity,EID Parry (India) Ltd,EID Parry,Good,,Sugar,Ekta Gala,9.79,88229,1.45,"1,109.50","19,724.50",0.05,0,0
Mirae Asset Nifty Smallcap 250 Momentum Quality 100 ETF,INF769K01LC3,Equity,Elecon Engineering Company Ltd,Elecon Engg.Co,Good,,Engineering,Ekta Gala,4.81,73519,0.71,655,"14,698.20",0.03,0,0
Mirae Asset Nifty Smallcap 250 Momentum Quality 100 ETF,INF769K01LC3,Equity,Engineers India Ltd,Engineers India,Good,,Engineering - Turnkey Services,Ekta Gala,4.78,198325,0.71,240.7,"13,528.36",0.04,0,0
Mirae Asset Nifty Smallcap 250 Momentum Quality 100 ETF,INF769K01LC3,Equity,ERIS Lifesciences Ltd,ERIS Lifescience,Average,,Pharmaceuticals - Indian - Formulations,Ekta Gala,8.54,50731,1.26,"1,684.60","22,943.80",0.04,0,0
Mirae Asset Nifty Smallcap 250 Momentum Quality 100 ETF,INF769K01LC3,Equity,Finolex Industries Ltd,Finolex Inds.,Good,,Plastics Products,Ekta Gala,2.94,134743,0.43,218,"13,526.40",0.02,0,0
Mirae Asset Nifty Smallcap 250 Momentum Quality 100 ETF,INF769K01LC3,Equity,Firstsource Solutions Ltd,Firstsour.Solu.,Good,,Computers - Software - Medium / Small,Ekta Gala,10.91,291279,1.61,374.3,"26,464.06",0.04,0,0
Mirae Asset Nifty Smallcap 250 Momentum Quality 100 ETF,INF769K01LC3,Equity,Garden Reach Shipbuilders & Engineers Ltd,Garden Reach Sh.,Good,,Miscellaneous,Ekta Gala,12.17,40367,1.8,"3,015.95","34,548.31",0.04,0,0
Mirae Asset Nifty Smallcap 250 Momentum Quality 100 ETF,INF769K01LC3,Equity,Gillette India Ltd,Gillette India,Good,,Personal Care - Multinational,Ekta Gala,8.34,7646,1.23,"10,913.30","35,566.44",0.02,0,0
Mirae Asset Nifty Smallcap 250 Momentum Quality 100 ETF,INF769K01LC3,Equity,Godawari Power & Ispat Ltd,Godawari Power,Good,,Steel - Medium / Small,Ekta Gala,3.17,167407,0.47,189.2,"12,662.38",0.03,0,0
Mirae Asset Nifty Smallcap 250 Momentum Quality 100 ETF,INF769K01LC3,Equity,Godfrey Phillips India Ltd,Godfrey Phillips,Good,,Cigarettes,Ekta Gala,15.05,16761,2.23,"8,984.15","46,712.12",0.03,0,0
Mirae Asset Nifty Smallcap 250 Momentum Quality 100 ETF,INF769K01LC3,Equity,Godrej Agrovet Ltd,Godrej Agrovet,Good,,Food - Processing - Indian,Ekta Gala,2.5,32033,0.37,782,"15,040.09",0.02,0,0
Mirae Asset Nifty Smallcap 250 Momentum Quality 100 ETF,INF769K01LC3,Equity,Gravita India Ltd,Gravita India,Average,,Mining / Minerals / Metals,Ekta Gala,4.01,21312,0.59,"1,877.85","13,860.12",0.03,0,0
Mirae Asset Nifty Smallcap 250 Momentum Quality 100 ETF,INF769K01LC3,Equity,Great Eastern Shipping Company Ltd,GE Shipping Co,Good,,Shipping,Ekta Gala,5.09,51955,0.75,979.65,"13,986.18",0.04,0,0
Mirae Asset Nifty Smallcap 250 Momentum Quality 100 ETF,INF769K01LC3,Equity,Gujarat Mineral Development Corporation Ltd,G M D C,Good,,Mining / Minerals / Metals,Ekta Gala,2.11,51219,0.31,411.8,"13,095.24",0.02,0,0
Mirae Asset Nifty Smallcap 250 Momentum Quality 100 ETF,INF769K01LC3,Equity,Gujarat Narmada Valley Fertilizers & Chemicals Ltd,G N F C,Good,,Chemicals,Ekta Gala,2.25,40654,0.33,552.85,"8,123.62",0.03,0,0
Mirae Asset Nifty Smallcap 250 Momentum Quality 100 ETF,INF769K01LC3,Equity,Gujarat Pipavav Port Ltd,Guj Pipavav Port,Good,,Miscellaneous,Ekta Gala,2.31,143213,0.34,161.5,"7,807.55",0.03,0,0
Mirae Asset Nifty Smallcap 250 Momentum Quality 100 ETF,INF769K01LC3,Equity,HBL Engineering Ltd,HBL Engineering,Good,,Auto Ancillaries,Ekta Gala,4.89,82403,0.72,592.75,"16,430.73",0.03,0,0
Mirae Asset Nifty Smallcap 250 Momentum Quality 100 ETF,INF769K01LC3,Equity,HFCL Ltd,HFCL,Good,,Cables - Telephone,Ekta Gala,3.7,427961,0.55,86.51,"12,480.56",0.03,0,0
Mirae Asset Nifty Smallcap 250 Momentum Quality 100 ETF,INF769K01LC3,Equity,Himadri Speciality Chemical Ltd,Himadri Special,Good,,Chemicals,Ekta Gala,8.8,170018,1.3,517.75,"25,569.06",0.03,0,0
Mirae Asset Nifty Smallcap 250 Momentum Quality 100 ETF,INF769K01LC3,Equity,Hindustan Copper Ltd,Hindustan Copper,Good,,Mining / Minerals / Metals,Ekta Gala,4.69,168060,0.69,279.35,"27,013.82",0.02,0,0
Mirae Asset Nifty Smallcap 250 Momentum Quality 100 ETF,INF769K01LC3,Equity,Home First Finance Company India Ltd,Home First Finan,Good,,Finance - Housing,Ekta Gala,10.47,75976,1.55,"1,377.70","14,223.85",0.07,0,0
Mirae Asset Nifty Smallcap 250 Momentum Quality 100 ETF,INF769K01LC3,Equity,IIFL Finance Ltd,IIFL Finance,Poor,,Finance & Investments,Ekta Gala,7.3,154484,1.08,472.5,"20,077.96",0.04,0,0
Mirae Asset Nifty Smallcap 250 Momentum Quality 100 ETF,INF769K01LC3,Equity,Indiamart Intermesh Ltd,Indiamart Inter.,Good,,Miscellaneous,Ekta Gala,5.25,20217,0.78,"2,595.20","15,579.54",0.03,0,0
Mirae Asset Nifty Smallcap 250 Momentum Quality 100 ETF,INF769K01LC3,Equity,Indian Energy Exchange Ltd,Indian Energy Ex,Good,,Miscellaneous,Ekta Gala,15.63,809299,2.31,193.1,"17,218.59",0.09,0,0
Mirae Asset Nifty Smallcap 250 Momentum Quality 100 ETF,INF769K01LC3,Equity,Intellect Design Arena Ltd,Intellect Design,Good,,Computers - Software - Medium / Small,Ekta Gala,12.36,107574,1.83,"1,147.85","15,957.42",0.08,0,0
Mirae Asset Nifty Smallcap 250 Momentum Quality 100 ETF,INF769K01LC3,Equity,Ircon International Ltd,Ircon Intl.,Average,,Construction,Ekta Gala,3.14,154665,0.46,202.9,"19,083.06",0.02,0,0
Mirae Asset Nifty Smallcap 250 Momentum Quality 100 ETF,INF769K01LC3,Equity,Jindal Saw Ltd,Jindal Saw,Good,,Steel - Large,Ekta Gala,2.4,99696,0.35,240.75,"15,396.16",0.02,0,0
Mirae Asset Nifty Smallcap 250 Momentum Quality 100 ETF,INF769K01LC3,Equity,Jupiter Wagons Ltd,Jupiter Wagons,Good,,Engineering,Ekta Gala,3,77356,0.44,388.2,"16,479.01",0.02,0,0
Mirae Asset Nifty Smallcap 250 Momentum Quality 100 ETF,INF769K01LC3,Equity,Jyothy Labs Ltd,Jyothy Labs,Good,,Personal Care - Indian,Ekta Gala,2.71,78302,0.4,345.8,"12,698.28",0.02,0,0
Mirae Asset Nifty Smallcap 250 Momentum Quality 100 ETF,INF769K01LC3,Equity,Kirloskar Brothers Ltd,Kirl. Brothers,Good,,Pumps,Ekta Gala,3.55,15057,0.52,"2,359.35","18,735.34",0.02,0,0
Mirae Asset Nifty Smallcap 250 Momentum Quality 100 ETF,INF769K01LC3,Equity,L T Foods Ltd,L T Foods,Good,,Food - Processing - Indian,Ekta Gala,7.38,151763,1.09,486.3,"16,886.91",0.04,0,0
Mirae Asset Nifty Smallcap 250 Momentum Quality 100 ETF,INF769K01LC3,Equity,Mahanagar Gas Ltd,Mahanagar Gas,Good,,Miscellaneous,Ekta Gala,6.95,46850,1.03,"1,483.75","14,656.15",0.05,0,0
Mirae Asset Nifty Smallcap 250 Momentum Quality 100 ETF,INF769K01LC3,Equity,Maharashtra Seamless Ltd,Mah. Seamless,Good,,Steel - Large,Ekta Gala,2.37,31125,0.35,761.7,"10,206.14",0.02,0,0
Mirae Asset Nifty Smallcap 250 Momentum Quality 100 ETF,INF769K01LC3,Equity,Manappuram Finance Ltd,Manappuram Fin.,Bluechip,,Finance & Investments,Ekta Gala,18.56,674180,2.75,275.45,"23,315.04",0.08,0,0
Mirae Asset Nifty Smallcap 250 Momentum Quality 100 ETF,INF769K01LC3,Equity,Mastek Ltd,Mastek,Good,,Computers - Software - Medium / Small,Ekta Gala,1.62,6631,0.24,"2,442.05","7,557.24",0.02,0,0
Mirae Asset Nifty Smallcap 250 Momentum Quality 100 ETF,INF769K01LC3,Equity,Metropolis Healthcare Ltd,Metropolis Healt,Good,,Healthcare,Ekta Gala,2.05,11990,0.3,"1,708.65","8,851.13",0.02,0,0
Mirae Asset Nifty Smallcap 250 Momentum Quality 100 ETF,INF769K01LC3,Equity,Multi Commodity Exchange of India Ltd,Multi Comm. Exc.,Good,,Miscellaneous,Ekta Gala,20.52,22938,3.03,"8,945.30","45,619.57",0.04,0,0
Mirae Asset Nifty Smallcap 250 Momentum Quality 100 ETF,INF769K01LC3,Equity,Narayana Hrudayalaya Ltd,Narayana Hrudaya,Good,,Healthcare,Ekta Gala,19.62,90392,2.9,"2,171.10","44,368.77",0.04,0,0
Mirae Asset Nifty Smallcap 250 Momentum Quality 100 ETF,INF769K01LC3,Equity,Natco Pharma Ltd,Natco Pharma,Good,,Pharmaceuticals - Indian - Bulk Drugs & Formln,Ekta Gala,4.65,50180,0.69,927.3,"16,608.86",0.03,0,0
Mirae Asset Nifty Smallcap 250 Momentum Quality 100 ETF,INF769K01LC3,Equity,Nava Ltd,Nava,Average,,Diversified - Large,Ekta Gala,7.56,124578,1.12,606.2,"17,592.00",0.04,0,0
Mirae Asset Nifty Smallcap 250 Momentum Quality 100 ETF,INF769K01LC3,Equity,NBCC (India) Ltd,NBCC,Bluechip,,Miscellaneous,Ekta Gala,10.93,890936,1.62,122.8,"33,156.00",0.03,0,0
Mirae Asset Nifty Smallcap 250 Momentum Quality 100 ETF,INF769K01LC3,Equity,NCC Ltd,NCC,Bluechip,,Construction,Ekta Gala,4.56,197795,0.67,230.45,"14,468.72",0.03,0,0
Mirae Asset Nifty Smallcap 250 Momentum Quality 100 ETF,INF769K01LC3,Net CA & Others,Net CA & Others,,,,,Ekta Gala,-3.05,,-0.45,,,,0,0
Mirae Asset Nifty Smallcap 250 Momentum Quality 100 ETF,INF769K01LC3,Equity,Neuland Laboratories Ltd,Neuland Labs.,Good,,Pharmaceuticals - Indian - Bulk Drugs,Ekta Gala,8.04,6701,1.19,"12,006.15","15,403.76",0.05,0,0
Mirae Asset Nifty Smallcap 250 Momentum Quality 100 ETF,INF769K01LC3,Equity,Newgen Software Technologies Ltd,Newgen Software,Good,,Computers - Software - Medium / Small,Ekta Gala,6.04,51520,0.89,"1,171.30","16,588.56",0.04,0,0
Mirae Asset Nifty Smallcap 250 Momentum Quality 100 ETF,INF769K01LC3,Equity,Olectra Greentech Ltd,Olectra Greentec,Good,,Automobiles - LCVs / HCVs,Ekta Gala,2.18,18574,0.32,"1,171.75","9,617.81",0.02,0,0
Mirae Asset Nifty Smallcap 250 Momentum Quality 100 ETF,INF769K01LC3,Equity,PCBL Chemical Ltd,PCBL Chemical,Good,,Chemicals,Ekta Gala,4.61,109932,0.68,419,"15,815.68",0.03,0,0
Mirae Asset Nifty Smallcap 250 Momentum Quality 100 ETF,INF769K01LC3,Equity,Pfizer Ltd,Pfizer,Good,,Pharmaceuticals - Multinational,Ekta Gala,7.14,12582,1.06,"5,679.30","25,981.51",0.03,0,0
Mirae Asset Nifty Smallcap 250 Momentum Quality 100 ETF,INF769K01LC3,Equity,PG Electroplast Ltd,PG Electroplast,Good,,Electronics - Components,Ekta Gala,12.45,165013,1.84,754.2,"21,370.01",0.06,0,0
Mirae Asset Nifty Smallcap 250 Momentum Quality 100 ETF,INF769K01LC3,Equity,PNB Housing Finance Ltd,PNB Housing,Bluechip,,Finance - Housing,Ekta Gala,13.87,125038,2.05,"1,110.00","28,874.86",0.05,0,0
Mirae Asset Nifty Smallcap 250 Momentum Quality 100 ETF,INF769K01LC3,Equity,Poly Medicure Ltd,Poly Medicure,Good,,Healthcare,Ekta Gala,5.27,23722,0.78,"2,218.50","22,479.11",0.02,0,0
Mirae Asset Nifty Smallcap 250 Momentum Quality 100 ETF,INF769K01LC3,Equity,Praj Industries Ltd,Praj Industries,Good,,Engineering,Ekta Gala,3.4,66776,0.5,509.1,"9,357.92",0.04,0,0
Mirae Asset Nifty Smallcap 250 Momentum Quality 100 ETF,INF769K01LC3,Equity,Redington Ltd,Redington,Good,,Trading,Ekta Gala,18,553262,2.66,325.55,"25,450.67",0.07,0,0
Mirae Asset Nifty Smallcap 250 Momentum Quality 100 ETF,INF769K01LC3,Equity,Rites Ltd,Rites,Good,,Miscellaneous,Ekta Gala,2.3,82091,0.34,280,"13,456.91",0.02,0,0
Mirae Asset Nifty Smallcap 250 Momentum Quality 100 ETF,INF769K01LC3,Equity,Sarda Energy & Minerals Ltd,Sarda Energy,Good,,Steel - Medium / Small,Ekta Gala,3.65,82225,0.54,442.85,"15,605.20",0.02,0,0
Mirae Asset Nifty Smallcap 250 Momentum Quality 100 ETF,INF769K01LC3,Equity,Saregama India Ltd,Saregama India,Good,,Entertainment / Electronic Media Software,Ekta Gala,2.61,52366,0.39,498.55,"9,622.49",0.03,0,0
Mirae Asset Nifty Smallcap 250 Momentum Quality 100 ETF,INF769K01LC3,Equity,Schneider Electric Infrastructure Ltd,Schneider Elect.,Average,,Electric Equipment,Ekta Gala,4.05,48709,0.6,832.4,"19,902.68",0.02,0,0
Mirae Asset Nifty Smallcap 250 Momentum Quality 100 ETF,INF769K01LC3,Equity,Sonata Software Ltd,Sonata Software,Good,,Computers - Software - Medium / Small,Ekta Gala,4.15,101218,0.61,409.85,"11,493.21",0.04,0,0
Mirae Asset Nifty Smallcap 250 Momentum Quality 100 ETF,INF769K01LC3,Equity,Sumitomo Chemical India Ltd,Sumitomo Chemi.,Good,,Pesticides / Agrochemicals - Indian,Ekta Gala,4.11,77591,0.61,529.45,"26,427.27",0.02,0,0
Mirae Asset Nifty Smallcap 250 Momentum Quality 100 ETF,INF769K01LC3,Equity,Tanla Platforms Ltd,Tanla Platforms,Good,,Computers - Software - Medium / Small,Ekta Gala,2.88,44672,0.43,644.15,"8,671.38",0.03,0,0
Mirae Asset Nifty Smallcap 250 Momentum Quality 100 ETF,INF769K01LC3,Equity,Techno Electric & Engineering Company Ltd,Techno Elec.Engg,Good,,Engineering - Turnkey Services,Ekta Gala,4.97,31084,0.74,"1,600.65","18,615.49",0.03,0,0
Mirae Asset Nifty Smallcap 250 Momentum Quality 100 ETF,INF769K01LC3,Equity,Titagarh Rail Systems Ltd,Titagarh Rail Systems Ltd,Good,,Engineering,Ekta Gala,3.96,41982,0.59,942.65,"12,695.02",0.03,0,0
Mirae Asset Nifty Smallcap 250 Momentum Quality 100 ETF,INF769K01LC3,Reverse Repo,TREPS,,,,,Ekta Gala,2.99,,0.44,,,,5.35,0
Mirae Asset Nifty Smallcap 250 Momentum Quality 100 ETF,INF769K01LC3,Equity,Triveni Engineering and Industries Ltd,Triven.Engg.Ind.,Average,,Sugar,Ekta Gala,2.4,63317,0.36,379.55,"8,308.27",0.03,0,0
Mirae Asset Nifty Smallcap 250 Momentum Quality 100 ETF,INF769K01LC3,Equity,Triveni Turbine Ltd,Triveni Turbine,Good,,Electric Equipment,Ekta Gala,4.68,76454,0.69,612.8,"19,479.50",0.02,0,0
Mirae Asset Nifty Smallcap 250 Momentum Quality 100 ETF,INF769K01LC3,Equity,Usha Martin Ltd,Usha Martin,Good,,Steel - Medium / Small,Ekta Gala,3.33,90940,0.49,366.45,"11,167.26",0.03,0,0
Mirae Asset Nifty Smallcap 250 Momentum Quality 100 ETF,INF769K01LC3,Equity,UTI Asset Management Company Ltd,UTI AMC,Good,,Finance & Investments,Ekta Gala,3.61,27954,0.53,"1,289.90","16,518.27",0.02,0,0
Mirae Asset Nifty Smallcap 250 Momentum Quality 100 ETF,INF769K01LC3,Equity,Welspun Corp Ltd,Welspun Corp,Good,,Steel - Large,Ekta Gala,12.22,132161,1.81,925.4,"24,358.55",0.05,0,0
Mirae Asset Nifty Smallcap 250 Momentum Quality 100 ETF,INF769K01LC3,Equity,Welspun Living Ltd,Welspun Living,Good,,Textiles - Products,Ekta Gala,2.11,147273,0.31,143.2,"13,916.30",0.02,0,0
Mirae Asset Nifty Smallcap 250 Momentum Quality 100 ETF,INF769K01LC3,Equity,Zen Technologies Ltd,Zen Technologies,Average,,Miscellaneous,Ekta Gala,10.24,51701,1.51,"1,981.90","17,894.65",0.06,0,0
Mirae Asset Nifty Smallcap 250 Momentum Quality 100 ETF,INF769K01LC3,Equity,Zensar Technologies Ltd,Zensar Tech.,Good,,Computers - Software - Medium / Small,Ekta Gala,8.56,101650,1.27,842.6,"19,141.29",0.04,0,0
