CO_CODE,CO_NAME,F&O,[ISIN No,Current Live Rating,Current Live Restricted,As per new Rules,As per new Rules - Restricted,New Rules Rating (ex Symbol),New Rules Rating (ex Symbol) Restricted,New Rules Rating (ex ADTO),New Rules Rating (ex ADTO) Restricted,"New Rules Rating (ex Symbol, ex ADTO)",New Rules - Quick Rating,Poor_Reasons_Count,Percent_Funding,BSE_VAR_pct,NSE_VAR_pct,ANGEL_VAR_pct,Poor_Reasons,New Rules Restricted Reason,Mcap,[Total Shareholders Funds (Latest)],Revenue- Latest FY,6M Median ADTO in Rs crs,PET Check,F-Score,Promoter Pledge%,Impact Cost,BSE Series,NSE Series,Nifty 500,Aug 2025_ADTO in Rs crs,Sep 2025_ADTO in Rs crs,Oct 2025_ADTO in Rs crs,Poor_Alz_Manual,Poor_Alz_Manual_Comments,Poor_to_Avg_Manual,Good_BC_to_Avg_Manual,Manual_Rating,Rating v1 (as per rules),Latest_3M_ADTO_above_thresh,All Conditions Met (Except Size) + 50% of Average Size Criteria Met,Meeting Size Criteria_Poor,Size Exception for Poor to Average,"All Conditions of Good Met (Except ""Good"" Size)",Size Criteria_Average,Size Exception for Average to Good,ADTO_Wipsaw_Upgrade,Rating v2 (V1 wo adj for whipsaw),Rating v2 (V1 adj for whipsaw),MTF_VAR_pct,As per old Rules,As per old Rules - Restricted
31,Ashok Leyland,F&O,INE208A01029,Bluechip,-,Average,,Average,,Average,,Average,Bluechip,0,0.154568903,15.41,14.99,15.41,,,83085.67,12232.09,43214.73,164.5082336,PET Good,F-Check Passed,41.15,0.02,A,EQ,Nifty 500,203.6291592,278.8557248,162.3028992,,,,,Average,Average,3,,,,No,3,,,Average,Average,22.02,Bluechip,
34,Asian Paints,F&O,INE021A01026,Bluechip,-,Bluechip,,Bluechip,,Bluechip,,Bluechip,Bluechip,0,0.275362442,12.5,12.5,12.5,,,240758.65,19399.81,33905.62,271.5150372,PET Good,F-Check Passed,9.09,0.02,A,EQ,Nifty 500,375.3464432,248.4675624,200.6757216,,,,,Bluechip,Bluechip,3,,,,,,,,Bluechip,Bluechip,19.5,Bluechip,
69,Bharat Forge,F&O,INE465A01025,Bluechip,-,Bluechip,,Bluechip,,Bluechip,,Bluechip,Bluechip,0,0.128724777,16,16.01,16.01,,,63291.76,9253.34,15122.8,150.5011162,PET Good,F-Check Passed,0,0.03,A,EQ,Nifty 500,127.5810596,183.8916608,110.7259584,,,,,Bluechip,Bluechip,3,,,,,,,,Bluechip,Bluechip,23.04,Bluechip,
82,Blue Star,F&O,INE472A01039,Good,-,Bluechip,,Bluechip,,Bluechip,,Bluechip,Bluechip,0,0.063354178,17.27,17.33,17.33,,,39817.3,3065.02,11967.65,118.7753242,PET Good,F-Check Passed,0,0.05,A,EQ,Nifty 500,96.2392688,85.4528668,69.995356,,,,,Bluechip,Bluechip,3,,,,,,,,Bluechip,Bluechip,24.35,Bluechip,
93,Britannia Inds.,F&O,INE216A01030,Bluechip,-,Bluechip,,Bluechip,,Bluechip,,Bluechip,Bluechip,0,0.069989358,12.5,12.5,12.5,,,140679.13,4355.72,17942.67,155.3711951,PET Good,F-Check Passed,0,0.02,A,EQ,Nifty 500,258.5775908,233.4811556,149.512296,,,,,Bluechip,Bluechip,3,,,,,,,,Bluechip,Bluechip,19.5,Bluechip,
111,Exide Inds.,F&O,INE302A01020,Bluechip,-,Bluechip,,Bluechip,,Bluechip,,Bluechip,Bluechip,0,0.438037826,14.95,14.96,14.96,,,32461.5,13913.48,17237.85,102.9924362,PET Good,F-Check Passed,0,0.03,A,EQ,Nifty 500,146.83515,106.6340128,83.8360312,,,,,Bluechip,Bluechip,3,,,,,,,,Bluechip,Bluechip,21.99,Bluechip,
114,Cipla,F&O,INE059A01026,Bluechip,-,Bluechip,,Bluechip,,Bluechip,,Bluechip,Bluechip,0,0.302704081,12.5,12.5,12.5,,,121298.96,31193.45,27547.62,248.5140348,PET Good,F-Check Passed,0,0.02,A,EQ,Nifty 500,240.5946216,173.1654284,256.433448,,,,,Bluechip,Bluechip,3,,,,,,,,Bluechip,Bluechip,19.5,Bluechip,
118,Colgate-Palmoliv,F&O,INE259A01022,Good,-,Good,,Good,,Good,,Good,Good,0,0.139014789,12.74,12.73,12.74,,,61039.02,1664.47,6040.17,140.0966042,PET Good,F-Check Passed,0,0.03,A,EQ,Nifty 500,156.4817112,135.9842092,134.1625344,,,,,Good,Good,3,,,,,,,,Good,Good,19.75,Good,
125,CG Power & Ind,F&O,INE067A01029,Good,-,Bluechip,,Bluechip,,Bluechip,,Bluechip,Bluechip,0,0.267024983,17.29,17.28,17.29,,,115941.69,3843.95,9908.66,211.300194,PET Good,F-Check Passed,0,0.03,A,EQ,Nifty 500,233.1445984,321.039344,173.900248,,,,,Bluechip,Bluechip,3,,,,,,,,Bluechip,Bluechip,24.32,Bluechip,
151,Eicher Motors,F&O,INE066A01021,Bluechip,-,Bluechip,,Bluechip,,Bluechip,,Bluechip,Bluechip,0,0.174976724,12.56,12.59,12.59,,,192146.82,21296.49,18870.35,287.6428316,PET Good,F-Check Passed,0,0.02,A,EQ,Nifty 500,359.562128,425.9729136,253.0024648,,,,,Bluechip,Bluechip,3,,,,,,,,Bluechip,Bluechip,19.58,Bluechip,
175,Nestle India,F&O,INE239A01024,Bluechip,-,Bluechip,,Bluechip,,Bluechip,,Bluechip,Bluechip,0,0.152033853,12.5,12.5,12.5,,,245194.81,4010.21,20993.73,181.5806412,PET Good,F-Check Passed,0,0.03,A,EQ,Nifty 500,161.5205756,170.8709856,192.2902968,,,,,Bluechip,Bluechip,3,,,,,,,,Bluechip,Bluechip,19.5,Bluechip,
218,Ambuja Cements,F&O,INE079A01024,Good,-,Bluechip,,Bluechip,,Bluechip,,Bluechip,Bluechip,0,0.09311564,14.48,14.5,14.5,,,139719.82,53443.25,39770.6,146.2651984,PET Good,F-Check Passed,0,0.03,A,EQ,Nifty 500,127.8548704,296.727456,91.3574024,,,,,Bluechip,Bluechip,3,,,,,,,,Bluechip,Bluechip,21.53,Bluechip,
227,Grasim Inds,F&O,INE047A01021,Bluechip,-,Bluechip,,Bluechip,,Bluechip,,Bluechip,Bluechip,0,0.06534613,12.5,12.5,12.5,,,196888.04,97520.23,148477.89,185.3551763,PET Good,F-Check Passed,0,0.02,A,EQ,Nifty 500,195.97943,152.5911656,139.0618044,,,,,Bluechip,Bluechip,3,,,,,,,,Bluechip,Bluechip,19.5,Bluechip,
237,Hero Motocorp,F&O,INE158A01026,Bluechip,-,Bluechip,,Bluechip,,Bluechip,,Bluechip,Bluechip,0,0.182548045,13.49,13.45,13.49,,,110933.63,19272.04,40923.42,337.4955076,PET Good,F-Check Passed,0,0.02,A,EQ,Nifty 500,559.9198992,567.4744096,332.8814784,,,,,Bluechip,Bluechip,3,,,,,,,,Bluechip,Bluechip,20.47,Bluechip,
242,A B B,F&O,INE117A01022,Good,-,Bluechip,,Bluechip,,Bluechip,,Bluechip,Bluechip,0,0.198692533,15.45,15.44,15.45,,,110505.98,7075.4,12188.31,158.8630334,PET Good,F-Check Passed,0,0.02,A,EQ,Nifty 500,218.7240128,128.2590056,121.5838316,,,,,Bluechip,Bluechip,3,,,,,,,,Bluechip,Bluechip,22.46,Bluechip,
252,Hindalco Inds.,F&O,INE038A01020,Bluechip,-,Bluechip,,Bluechip,,Bluechip,,Bluechip,Bluechip,0,0.129794787,14.46,14.44,14.46,,,190497.39,123709,238496,342.8000748,PET Good,F-Check Passed,0,0.02,A,EQ,Nifty 500,368.8339312,304.5524092,459.9219568,,,,,Bluechip,Bluechip,3,,,,,,,,Bluechip,Bluechip,21.45,Bluechip,
255,Hind. Unilever,F&O,INE030A01027,Bluechip,-,Bluechip,,Bluechip,,Bluechip,,Bluechip,Bluechip,0,0.444091254,12.5,12.5,12.5,,,579561.93,49402,63121,421.1891416,PET Good,F-Check Passed,0,0.02,A,EQ,Nifty 500,527.9053904,398.2904704,414.7174112,,,,,Bluechip,Bluechip,3,,,,,,,,Bluechip,Bluechip,19.5,Bluechip,
282,Indian Hotels Co,F&O,INE053A01029,Bluechip,-,Bluechip,,Bluechip,,Bluechip,,Bluechip,Bluechip,0,0.230359556,15.05,15.06,15.06,,,105640.02,11160.71,8334.54,216.7800832,PET Good,F-Check Passed,0,0.03,A,EQ,Nifty 500,205.9255144,199.37374,153.184606,,,,,Bluechip,Bluechip,3,,,,,,,,Bluechip,Bluechip,22.08,Bluechip,
301,ITC,F&O,INE154A01025,Bluechip,-,Bluechip,,Bluechip,,Bluechip,,Bluechip,Bluechip,0,0.683747877,12.5,12.5,12.5,,,526482.38,70030.05,75323.34,603.6131368,PET Good,F-Check Passed,0,0.02,A,EQ,Nifty 500,612.429768,594.7965056,644.208864,,,,,Bluechip,Bluechip,3,,,,,,,,Bluechip,Bluechip,19.5,Bluechip,
337,Cummins India,F&O,INE298A01020,Bluechip,-,Bluechip,,Bluechip,,Bluechip,,Bluechip,Bluechip,0,0.053214399,15.1,15.07,15.1,,,120361.63,7561.4,10390.69,181.0874317,PET Good,F-Check Passed,0,0.03,A,EQ,Nifty 500,266.4725568,160.800516,164.4365224,,,,,Bluechip,Bluechip,3,,,,,,,,Bluechip,Bluechip,22.09,Bluechip,
345,Trent,F&O,INE849A01020,Bluechip,-,Bluechip,,Bluechip,,Bluechip,,Bluechip,Bluechip,0,1.200918229,18.34,18.33,18.34,,,166851.59,5461.74,17134.61,558.7173952,PET Good,F-Check Passed,0,0.02,A,EQ,Nifty 500,575.3223664,510.551128,426.9186176,,,,,Bluechip,Bluechip,3,,,,,,,,Bluechip,Bluechip,25.36,Bluechip,
348,Larsen & Toubro,F&O,INE018A01030,Bluechip,-,Bluechip,,Bluechip,,Bluechip,,Bluechip,Bluechip,0,0.540711064,12.53,12.52,12.53,,,554524.16,97655.6,255734.45,686.5490448,PET Good,F-Check Passed,0,0.02,A,EQ,Nifty 500,694.4410656,668.2854912,814.6824448,,,,,Bluechip,Bluechip,3,,,,,,,,Bluechip,Bluechip,19.53,Bluechip,
365,M & M,F&O,INE101A01026,Bluechip,-,Bluechip,,Bluechip,,Bluechip,,Bluechip,Bluechip,0,0.43566295,14.66,14.66,14.66,,,433537.67,81114.13,159210.82,875.5657408,PET Good,F-Check Passed,0.02,0.01,A,EQ,Nifty 500,933.331888,1090.902592,728.2115136,,,,,Bluechip,Bluechip,3,,,,,,,,Bluechip,Bluechip,21.69,Bluechip,
372,Max Financial,F&O,INE180A01020,Good,-,Good,,Good,,Good,,Good,Bluechip,0,0.017831223,13.43,13.43,13.43,,,53353.02,5274.52,46469.34,107.4688294,,F-Check Passed,0,0.03,A,EQ,Nifty 500,88.0115944,86.0750782,99.3476152,,,,,Good,Good,3,,,,,,,,Good,Good,20.46,Good,
378,Bosch,F&O,INE323A01026,Bluechip,-,Bluechip,,Bluechip,,Bluechip,,Bluechip,Bluechip,0,0.184120863,12.68,12.78,12.78,,,109867.35,13813.3,18087.4,103.2302657,PET Good,F-Check Passed,0,0.04,A,EQ,Nifty 500,178.3629324,121.1685728,74.5977364,,,,,Bluechip,Bluechip,3,,,,,,,,Bluechip,Bluechip,19.8,Bluechip,
476,Reliance Industr,F&O,INE002A01018,Bluechip,-,Bluechip,,Bluechip,,Bluechip,,Bluechip,Bluechip,0,1.869195085,12.5,12.5,12.5,,,2011601.5,843200,964693,1656.57047,PET Good,F-Check Passed,0,0.01,A,EQ,Nifty 500,1509.112179,1421.86679,1802.783629,,,,,Bluechip,Bluechip,3,,,,,,,,Bluechip,Bluechip,19.5,Bluechip,
502,Vedanta,F&O,INE205A01025,Good,-,Average,,Poor,,Poor,,Poor,Bluechip,1,0.639843827,16.29,16,16.29,Promoter Pledge%,,193016.75,41212,152968,411.546788,PET Good,F-Check Passed,99.99,0.02,A,EQ,Nifty 500,348.608728,500.03688,583.3173152,,,Upgraded_to_Average,,Average,Poor,3,No,3,,,,,,Poor,Poor,22.97,Bluechip,
508,Shree Cement,F&O,INE070A01015,Bluechip,-,Bluechip,,Bluechip,,Bluechip,,Bluechip,Bluechip,0,0.057059202,12.5,12.5,12.5,,,102066.48,21537.75,19282.83,105.3299438,PET Good,F-Check Passed,0,0.04,A,EQ,Nifty 500,102.1887865,108.471101,68.2751057,,,,,Bluechip,Bluechip,3,,,,,,,,Bluechip,Bluechip,19.5,Bluechip,
513,SRF,F&O,INE647A01010,Good,-,Bluechip,,Bluechip,,Bluechip,,Bluechip,Bluechip,0,0.040842393,14,14.01,14.01,,,86775.4,12626.2,14693.07,147.3567028,PET Good,F-Check Passed,0,0.03,A,EQ,Nifty 500,134.3895264,73.6087162,144.4339752,,,,,Bluechip,Bluechip,3,,,,,,,,Bluechip,Bluechip,21.01,Bluechip,
514,Siemens,F&O,INE003A01024,Bluechip,-,Bluechip,,Bluechip,,Bluechip,,Bluechip,Bluechip,0,0.162976356,16.77,16.51,16.77,,,110272.71,15356.7,22239.7,153.3556336,PET Good,F-Check Passed,0,0.04,A,EQ,Nifty 500,148.0263048,125.2181292,81.5087404,,,,,Bluechip,Bluechip,3,,,,,,,,Bluechip,Bluechip,23.54,Bluechip,
541,Supreme Inds.,F&O,INE195A01028,Good,-,Bluechip,,Bluechip,,Bluechip,,Bluechip,Bluechip,0,0.101729424,17.32,17.32,17.32,,,48418.83,5660.44,10446.25,104.1736382,PET Good,F-Check Passed,0,0.04,A,EQ,Nifty 500,75.0755818,72.9346742,121.1556192,,,,,Bluechip,Bluechip,3,,,,,,,,Bluechip,Bluechip,24.36,Bluechip,
554,Tata Power Co.,F&O,INE245A01021,Bluechip,-,Bluechip,,Bluechip,,Bluechip,,Bluechip,Bluechip,0,0.665670971,14.03,14.05,14.05,,,129427.23,35840.67,65478.24,222.4744908,PET Good,F-Check Passed,0,0.02,A,EQ,Nifty 500,197.1244736,161.9563176,209.5688624,,,,,Bluechip,Bluechip,3,,,,,,,,Bluechip,Bluechip,21.06,Bluechip,
557,Tata Consumer,F&O,INE192A01025,Bluechip,-,Bluechip,,Bluechip,,Bluechip,,Bluechip,Bluechip,0,0.12140769,12.5,12.5,12.5,,,115291.81,20001.08,17618.3,136.4599744,PET Good,F-Check Passed,0,0.02,A,EQ,Nifty 500,86.140263,141.9206572,136.6326012,,,,,Bluechip,Bluechip,3,,,,,,,,Bluechip,Bluechip,19.5,Bluechip,
560,Tata Motors PVeh,F&O,INE155A01022,Bluechip,-,Good,,Good,,Good,,Good,Bluechip,0,1.144341456,15.1,15.07,15.1,,,151012.41,116144,439695,886.9256256,,F-Check Passed,0,0.02,A,EQ,Nifty 500,796.7528,849.3421056,989.7219136,,,,,Good,Good,3,,,,,,,,Good,Good,22.1,Bluechip,
566,Tata Steel,F&O,INE081A01020,Bluechip,-,Bluechip,,Bluechip,,Bluechip,,Bluechip,Bluechip,0,0.396111585,14.57,14.59,14.59,,,228391.03,91169.63,218542.51,394.9572144,PET Good,F-Check Passed,0,0.02,A,EQ,Nifty 500,377.7443312,402.6319824,511.1530464,,,,,Bluechip,Bluechip,3,,,,,,,,Bluechip,Bluechip,21.62,Bluechip,
597,Voltas,F&O,INE226A01021,Bluechip,-,Bluechip,,Bluechip,,Bluechip,,Bluechip,Bluechip,0,0.076410204,15.89,15.91,15.91,,,45801.07,6513.25,15412.79,162.3397179,PET Good,F-Check Passed,0,0.03,A,EQ,Nifty 500,152.791554,152.9938502,171.6855856,,,,,Bluechip,Bluechip,3,,,,,,,,Bluechip,Bluechip,22.89,Bluechip,
614,Wipro,F&O,INE075A01022,Bluechip,-,Bluechip,,Bluechip,,Bluechip,,Bluechip,Bluechip,0,0.739100488,14.06,13.59,14.06,,,252294.46,82830.9,89088.4,246.3418924,PET Good,F-Check Passed,0,0.02,A,EQ,Nifty 500,216.1621544,213.4241304,257.44736,,,,,Bluechip,Bluechip,3,,,,,,,,Bluechip,Bluechip,20.61,Bluechip,
636,Apollo Hospitals,F&O,INE437A01024,Bluechip,-,Bluechip,,Bluechip,,Bluechip,,Bluechip,Bluechip,0,0.057211912,12.5,12.5,12.5,,,110420.15,10657.4,21794,286.7899256,PET Good,F-Check Passed,8.58,0.02,A,EQ,Nifty 500,412.3376704,216.681146,250.604856,,,,,Bluechip,Bluechip,3,,,,,,,,Bluechip,Bluechip,19.5,Bluechip,
704,Patanjali Foods,F&O,INE619A01035,Average,-,Bluechip,,Bluechip,,Bluechip,,Bluechip,Bluechip,0,0.021304968,14.79,14.58,30,,,65547.09,11370.89,34156.97,117.6500446,PET Good,F-Check Passed,0,0.05,A,EQ,Nifty 500,98.2308308,72.6436768,47.8479852,,,,,Bluechip,Bluechip,3,,,,,,,,Bluechip,Bluechip,35,Bluechip,
815,Dr Reddy's Labs,F&O,INE089A01031,Bluechip,-,Bluechip,,Bluechip,,Bluechip,,Bluechip,Bluechip,0,0.259030764,12.5,12.5,12.5,,,99965.86,33549.6,32643.9,215.9315052,PET Good,F-Check Passed,0,0.02,A,EQ,Nifty 500,204.0684744,192.4232776,323.1727488,,,,,Bluechip,Bluechip,3,,,,,,,,Bluechip,Bluechip,19.5,Bluechip,
1016,Titan Company,F&O,INE280A01028,Bluechip,-,Bluechip,,Bluechip,,Bluechip,,Bluechip,Bluechip,0,0.180585782,12.5,12.5,12.5,,,332493.67,11624,60456,331.6470776,PET Good,F-Check Passed,0,0.02,A,EQ,Nifty 500,265.7854024,402.8253648,418.993072,,,,,Bluechip,Bluechip,3,,,,,,,,Bluechip,Bluechip,19.5,Bluechip,
1189,HFCL,F&O,INE548A01028,Average,-,Poor,,Poor,,Poor,,Poor,Good,1,0.127704887,21.67,21.67,30,Promoter Pledge%,,10606.53,4079.15,4064.52,130.6503604,PET Good,F-Check Passed,56.93,0.05,A,EQ,Nifty 500,65.0863604,154.076048,107.2246728,,,,,Poor,Poor,3,No,3,,,,,,Poor,Poor,35,Good,
1375,SBI,F&O,INE062A01020,Bluechip,-,Bluechip,,Bluechip,,Bluechip,,Bluechip,Bluechip,0,0.472845344,12.5,12.5,12.5,,,864908.87,487036.76,490937.79,892.7917312,PET Good,F-Check Passed,0,0.01,A,EQ,Nifty 500,687.1867616,788.5295168,979.758912,,,,,Bluechip,Bluechip,3,,,,,,,,Bluechip,Bluechip,19.5,Bluechip,
1745,Shriram Finance,F&O,INE721A01047,Bluechip,-,Bluechip,,Bluechip,,Bluechip,,Bluechip,Bluechip,0,0.16801842,16.8,16.9,16.9,,,140857.38,56469.82,43940.61,407.2808992,PET Good,F-Check Passed,0,0.03,A,EQ,Nifty 500,397.4161648,307.3790976,472.44096,,,,,Bluechip,Bluechip,3,,,,,,,,Bluechip,Bluechip,23.92,Bluechip,
2163,Cholaman.Inv.&Fn,F&O,INE121A01024,Bluechip,-,Bluechip,,Bluechip,,Bluechip,,Bluechip,Bluechip,0,0.070563304,16.22,16.22,16.22,,,143182.83,23668.69,25889.77,251.7340076,PET Good,F-Check Passed,0,0.03,A,EQ,Nifty 500,236.0012724,239.2554112,264.212604,,,,,Bluechip,Bluechip,3,,,,,,,,Bluechip,Bluechip,23.25,Bluechip,
2290,B P C L,F&O,INE029A01011,Bluechip,-,Good,,Good,,Good,,Good,Bluechip,0,0.148863437,14.54,14.52,14.54,,,154797.88,81384.08,440271.86,235.7947408,,F-Check Passed,0,0.03,A,EQ,Nifty 500,200.5689224,207.434084,277.9102024,,,,,Good,Good,3,,,,,,,,Good,Good,21.55,Bluechip,
2298,Bharat Electron,F&O,INE263A01024,Bluechip,-,Bluechip,,Bluechip,,Bluechip,,Bluechip,Bluechip,0,1.098336933,15.89,15.92,15.92,,,311506.22,19973.89,23768.75,659.4452688,PET Good,F-Check Passed,0,0.02,A,EQ,Nifty 500,479.5128768,640.1316256,640.3307456,,,,,Bluechip,Bluechip,3,,,,,,,,Bluechip,Bluechip,22.82,Bluechip,
2299,S A I L,F&O,INE114A01011,Bluechip,-,Bluechip,,Bluechip,,Bluechip,,Bluechip,Bluechip,0,0.273290693,18.56,18.58,18.58,,,56650.15,58905.61,102479.06,172.9788732,PET Good,F-Check Passed,0,0.03,A,EQ,Nifty 500,108.342346,152.4986472,382.408,,,,,Bluechip,Bluechip,3,,,,,,,,Bluechip,Bluechip,25.63,Bluechip,
2304,Natl. Aluminium,F&O,INE139A01034,Bluechip,-,Bluechip,,Bluechip,,Bluechip,,Bluechip,Bluechip,0,0.264608469,19.39,19.31,19.39,,,42995.55,17805.44,16787.63,198.2114476,PET Good,F-Check Passed,0,0.03,A,EQ,Nifty 500,103.2537588,202.6981232,285.4174224,,,,,Bluechip,Bluechip,3,,,,,,,,Bluechip,Bluechip,26.34,Bluechip,
2305,H P C L,F&O,INE094A01015,Bluechip,-,Good,,Good,,Good,,Good,Bluechip,0,0.104464513,17.1,17,17.1,,,101284.35,51144.29,434106.17,230.7999888,,F-Check Passed,0,0.03,A,EQ,Nifty 500,218.2157144,144.1131716,243.3842632,,,,,Good,Good,3,,,,,,,,Good,Good,24.02,Bluechip,
2306,B H E L,F&O,INE257A01026,Bluechip,-,Bluechip,,Bluechip,,Bluechip,,Bluechip,Bluechip,0,0.432254461,18.96,18.95,18.96,,,92709.94,24722.16,28339.48,206.0041104,PET Good,F-Check Passed,0,0.03,A,EQ,Nifty 500,174.5040076,182.6443696,271.2428448,,,,,Bluechip,Bluechip,3,,,,,,,,Bluechip,Bluechip,25.97,Bluechip,
2307,Hindustan Zinc,F&O,INE267A01025,Average,-,Poor,,Poor,,Poor,,Poor,Bluechip,1,0.128711462,18.28,18.12,30,Promoter Pledge%,,201230.82,13326,34083,188.2164948,PET Good,F-Check Passed,90.28,0.04,A,EQ,Nifty 500,74.050686,253.986536,353.9993264,,,,,Poor,Poor,3,No,3,,,,,,Poor,Poor,35,Bluechip,
2322,Tata Elxsi,F&O,INE670A01012,Good,-,Good,,Good,,Good,,Good,Good,0,0.359095016,15.09,15.07,15.09,,,33995.88,2859.96,3729.05,113.3029848,PET Good,F-Check Passed,0,0.03,A,EQ,Nifty 500,74.6162904,105.5909832,121.0149864,,,,,Good,Good,3,,,,,,,,Good,Good,22.08,Bluechip,
2330,Kotak Mah. Bank,F&O,INE237A01028,Bluechip,-,Bluechip,,Bluechip,,Bluechip,,Bluechip,Bluechip,0,0.209674383,12.5,12.5,12.5,,,418000.11,157489.35,65668.83,765.2425096,PET Good,F-Check Passed,0,0.01,A,EQ,Nifty 500,687.6788608,752.4693376,738.1742944,,,,,Bluechip,Bluechip,3,,,,,,,,Bluechip,Bluechip,19.5,Bluechip,
2461,UPL,F&O,INE628A01036,Bluechip,-,Bluechip,,Bluechip,,Bluechip,,Bluechip,Bluechip,0,0.060851144,14.65,14.39,14.65,,,60735.41,29213,46637,171.5778825,PET Good,F-Check Passed,0,0.03,A,EQ,Nifty 500,211.3739552,168.8688574,126.5528892,,,,,Bluechip,Bluechip,3,,,,,,,,Bluechip,Bluechip,21.42,Bluechip,
2598,NCC,F&O,INE868B01028,Good,-,Bluechip,,Bluechip,,Bluechip,,Bluechip,Bluechip,0,0.200678177,19.11,19.09,19.11,,,13335.46,7323.71,22199.36,69.21697,PET Good,F-Check Passed,0,0.03,A,EQ,Nifty 500,72.7370896,62.98539,40.6300092,,,,,Bluechip,Bluechip,3,,,,,,,,Bluechip,Bluechip,26.13,Bluechip,
2650,P I Industries,F&O,INE603J01030,Bluechip,-,Bluechip,,Bluechip,,Bluechip,,Bluechip,Bluechip,0,0.061623831,13.22,13.21,13.22,,,54223.3,10157,7977.8,84.9128489,PET Good,F-Check Passed,0,0.04,A,EQ,Nifty 500,95.376643,66.0063464,74.4490548,,,,,Bluechip,Bluechip,3,,,,,,,,Bluechip,Bluechip,20.24,Bluechip,
2806,Infosys,F&O,INE009A01021,Bluechip,-,Bluechip,,Bluechip,,Bluechip,,Bluechip,Bluechip,0,1.330490884,13.18,13.13,13.18,,,615890,95818,162990,1162.852019,PET Good,F-Check Passed,0,0.01,A,EQ,Nifty 500,1341.07127,1278.150784,1127.777421,,,,,Bluechip,Bluechip,3,,,,,,,,Bluechip,Bluechip,20.15,Bluechip,
2966,Samvardh. Mothe.,F&O,INE775A01035,Bluechip,-,Bluechip,,Bluechip,,Bluechip,,Bluechip,Bluechip,0,0.367897146,16.89,16.89,16.89,,,111191.05,34880.3,113662.6,170.1620984,PET Good,F-Check Passed,2.9,0.03,A,EQ,Nifty 500,150.5761584,288.5616992,136.9814928,,,,,Bluechip,Bluechip,3,,,,,,,,Bluechip,Bluechip,23.91,Bluechip,
3026,Lupin,F&O,INE326A01037,Bluechip,-,Bluechip,,Bluechip,,Bluechip,,Bluechip,Bluechip,0,0.135777535,13.98,13.99,13.99,,,89719.51,17203.5,22707.9,199.6984178,PET Good,F-Check Passed,0,0.03,A,EQ,Nifty 500,213.2875072,142.3649232,165.2478992,,,,,Bluechip,Bluechip,3,,,,,,,,Bluechip,Bluechip,21.01,Bluechip,
3219,Pidilite Inds.,F&O,INE318A01026,Bluechip,-,Bluechip,,Bluechip,,Bluechip,,Bluechip,Bluechip,0,0.130656633,12.5,12.5,12.5,,,147120.74,9754.46,13140.31,98.3064496,PET Good,F-Check Passed,0,0.03,A,EQ,Nifty 500,122.498642,90.6326542,92.4335384,,,,,Bluechip,Bluechip,3,,,,,,,,Bluechip,Bluechip,19.5,Bluechip,
3272,Havells India,F&O,INE176B01034,Bluechip,-,Bluechip,,Bluechip,,Bluechip,,Bluechip,Bluechip,0,0.134957863,12.65,12.65,12.65,,,93649.45,8323.79,21778.06,144.9041314,PET Good,F-Check Passed,0,0.03,A,EQ,Nifty 500,154.3364544,113.6981098,126.1088352,,,,,Bluechip,Bluechip,3,,,,,,,,Bluechip,Bluechip,19.67,Bluechip,
3361,Mphasis,F&O,INE356A01018,Bluechip,-,Bluechip,,Bluechip,,Bluechip,,Bluechip,Bluechip,0,0.096104981,16.16,16.13,16.16,,,52571.97,9628.39,14229.99,131.744737,PET Good,F-Check Passed,0,0.03,A,EQ,Nifty 500,123.6781188,139.8113552,111.9146752,,,,,Bluechip,Bluechip,3,,,,,,,,Bluechip,Bluechip,22.98,Bluechip,
3392,Dabur India,F&O,INE016A01026,Bluechip,-,Bluechip,,Bluechip,,Bluechip,,Bluechip,Bluechip,0,0.168613033,12.5,12.5,12.5,,,86538.34,10800.69,12563.09,138.915023,PET Good,F-Check Passed,0,0.02,A,EQ,Nifty 500,151.1434066,186.578276,137.1655336,,,,,Bluechip,Bluechip,3,,,,,,,,Bluechip,Bluechip,19.5,Bluechip,
3616,Torrent Pharma.,F&O,INE685A01028,Bluechip,-,Bluechip,,Bluechip,,Bluechip,,Bluechip,Bluechip,0,0.03631912,12.5,12.5,12.5,,,120450.71,7590.69,11516.09,117.680484,PET Good,F-Check Passed,0,0.03,A,EQ,Nifty 500,112.9559191,88.1530036,74.7861117,,,,,Bluechip,Bluechip,3,,,,,,,,Bluechip,Bluechip,19.5,Bluechip,
3709,Federal Bank,F&O,INE171A01029,Bluechip,-,Bluechip,,Bluechip,,Bluechip,,Bluechip,Bluechip,0,0.096674963,13.27,13.25,13.27,,,58228.64,34538.33,28106.08,168.438111,PET Good,F-Check Passed,0,0.02,A,EQ,Nifty 500,159.7510112,101.6595686,303.51024,,,,,Bluechip,Bluechip,3,,,,,,,,Bluechip,Bluechip,20.27,Bluechip,
3722,Bajaj Finance,F&O,INE296A01032,Bluechip,-,Bluechip,,Bluechip,,Bluechip,,Bluechip,Bluechip,0,0.552413871,13.81,13.65,13.81,,,648755.96,96692.87,69709.44,801.4559952,PET Good,F-Check Passed,0,0.01,A,EQ,Nifty 500,600.763088,839.0291136,763.8828768,,,,,Bluechip,Bluechip,3,,,,,,,,Bluechip,Bluechip,20.67,Bluechip,
4244,Adani Enterp.,F&O,INE423A01024,Average,-,Average,,Bluechip,,Bluechip,,Bluechip,Bluechip,0,0.08524175,19.66,19.66,30,,,286404.18,50313.97,97894.75,280.2055296,PET Good,F-Check Passed,0.9,0.02,A,EQ,Nifty 500,246.5264608,424.719288,215.0416248,,,,Downgraded_to_Average,Average,Bluechip,3,,,,,,,,Bluechip,Bluechip,35,Bluechip,
4248,LIC Housing Fin.,F&O,INE115A01026,Bluechip,-,Bluechip,,Bluechip,,Bluechip,,Bluechip,Bluechip,0,0.317615662,14.85,14.8,14.85,,,31427.85,36351.79,28110.6,105.9823845,PET Good,F-Check Passed,0,0.03,A,EQ,Nifty 500,105.9508952,67.4345588,82.9124758,,,,,Bluechip,Bluechip,3,,,,,,,,Bluechip,Bluechip,21.83,Bluechip,
4325,Sun Pharma.Inds.,F&O,INE044A01036,Bluechip,-,Bluechip,,Bluechip,,Bluechip,,Bluechip,Bluechip,0,0.126335319,12.5,12.5,12.5,,,405451.62,72218.02,52578.44,437.0159248,PET Good,F-Check Passed,0.97,0.02,A,EQ,Nifty 500,458.915216,452.2443952,337.6914904,,,,,Bluechip,Bluechip,3,,,,,,,,Bluechip,Bluechip,19.5,Bluechip,
4666,Aurobindo Pharma,F&O,INE406A01037,Bluechip,-,Bluechip,,Bluechip,,Bluechip,,Bluechip,Bluechip,0,0.170136505,14.73,14.72,14.73,,,66717.9,32655.59,31723.73,145.4932652,PET Good,F-Check Passed,17.5,0.03,A,EQ,Nifty 500,181.8101712,161.4872696,147.8485128,,,,,Bluechip,Bluechip,3,,,,,,,,Bluechip,Bluechip,21.65,Bluechip,
4679,KEI Industries,F&O,INE878B01027,Average,-,Bluechip,,Bluechip,,Bluechip,,Bluechip,Bluechip,0,0.039146151,19.63,19.62,30,,,38506.49,5785.75,9735.88,143.9347912,PET Good,F-Check Passed,0,0.05,A,EQ,Nifty 500,89.413087,103.5207762,147.7021764,,,,,Bluechip,Bluechip,3,,,,,,,,Bluechip,Bluechip,35,Bluechip,
4764,JSW Steel,F&O,INE019A01038,Bluechip,-,Bluechip,,Bluechip,,Bluechip,,Bluechip,Bluechip,0,0.047835192,13.07,13.07,13.07,,,294933.98,79560,168824,187.819072,PET Good,F-Check Passed,12.47,0.03,A,EQ,Nifty 500,191.7335776,181.254328,183.9045664,,,,,Bluechip,Bluechip,3,,,,,,,,Bluechip,Bluechip,20.09,Bluechip,
4987,HDFC Bank,F&O,INE040A01034,Bluechip,-,Good,,Good,,Good,,Good,Bluechip,0,0.892555259,12.5,12.5,12.5,,,1518679.14,521789.39,336367.43,1934.454102,,F-Check Passed,0,0.01,A,EQ,Nifty 500,1633.606278,1829.457818,2213.872544,,,,,Good,Good,3,,,,,,,,Good,Good,19.5,Bluechip,
5400,TCS,F&O,INE467B01029,Bluechip,-,Bluechip,,Bluechip,,Bluechip,,Bluechip,Bluechip,0,1.734235824,12.5,12.5,12.5,,,1106338.8,94756,255324,923.5395936,PET Good,F-Check Passed,0,0.02,A,EQ,Nifty 500,915.3569664,865.9859968,1067.065082,,,,,Bluechip,Bluechip,3,,,,,,,,Bluechip,Bluechip,19.5,Bluechip,
5418,ICICI Bank,F&O,INE090A01021,Bluechip,-,Bluechip,,Bluechip,,Bluechip,,Bluechip,Bluechip,0,1.165778455,12.5,12.5,12.5,,,961127.86,313905.91,186331.46,1472.261198,PET Good,F-Check Passed,0,0.01,A,EQ,Nifty 500,1187.402842,1502.817792,1950.095846,,,,,Bluechip,Bluechip,3,,,,,,,,Bluechip,Bluechip,19.5,Bluechip,
5452,Oil India,F&O,INE274J01014,Good,-,Bluechip,,Bluechip,,Bluechip,,Bluechip,Bluechip,0,0.133601023,18.93,18.29,18.93,,,70480.92,49767.72,32512.48,106.0999986,PET Good,F-Check Passed,0,0.04,A,EQ,Nifty 500,93.2145378,88.93252,108.7562588,,,,,Bluechip,Bluechip,3,,,,,,,,Bluechip,Bluechip,25.33,Bluechip,
5455,Power Grid Corpn,F&O,INE752E01010,Bluechip,-,Bluechip,,Bluechip,,Bluechip,,Bluechip,Bluechip,0,0.226248269,13.01,13.05,13.05,,,267996.9,92662.81,45792.32,360.2889052,PET Good,F-Check Passed,0,0.03,A,EQ,Nifty 500,302.2168456,366.1000128,367.4604736,,,,,Bluechip,Bluechip,3,,,,,,,,Bluechip,Bluechip,20.06,Bluechip,
5456,Bank of Baroda,F&O,INE028A01039,Bluechip,-,Bluechip,,Bluechip,,Bluechip,,Bluechip,Bluechip,0,0.213446645,15.02,15.03,15.03,,,143919.01,146502.71,127944.77,258.4829308,PET Good,F-Check Passed,0,0.03,A,EQ,Nifty 500,145.9262232,250.9520872,266.0137744,,,,,Bluechip,Bluechip,3,,,,,,,,Bluechip,Bluechip,22.02,Bluechip,
5471,Canara Bank,F&O,INE476A01022,Bluechip,-,Bluechip,,Bluechip,,Bluechip,,Bluechip,Bluechip,0,0.377843016,15.82,15.88,15.88,,,124222.57,105416.76,121601.11,332.0752392,PET Good,F-Check Passed,0,0.03,A,EQ,Nifty 500,206.1279968,292.659416,443.87136,,,,,Bluechip,Bluechip,3,,,,,,,,Bluechip,Bluechip,22.83,Bluechip,
5493,Union Bank (I),F&O,INE692A01016,Good,-,Bluechip,,Bluechip,,Bluechip,,Bluechip,Bluechip,0,0.204991635,17.87,17.69,17.87,,,113397.21,113834.08,108417.27,194.9093752,PET Good,F-Check Passed,0,0.03,A,EQ,Nifty 500,133.8812872,130.518184,193.6720456,,,,,Bluechip,Bluechip,3,,,,,,,,Bluechip,Bluechip,24.58,Bluechip,
5496,Maruti Suzuki,F&O,INE585B01010,Bluechip,-,Bluechip,,Bluechip,,Bluechip,,Bluechip,Bluechip,0,0.117814217,12.5,12.5,12.5,,,509077.5,96239.9,152913,516.053592,PET Good,F-Check Passed,0,0.02,A,EQ,Nifty 500,715.1809232,876.345856,560.8672096,,,,,Bluechip,Bluechip,3,,,,,,,,Bluechip,Bluechip,19.5,Bluechip,
5531,IndusInd Bank,F&O,INE095A01012,Good,-,Poor,,Poor,,Poor,,Poor,Bluechip,1,0.263805594,19.23,19.23,19.23,Promoter Pledge%,,61866.42,64835.68,48667.66,367.4044244,PET Good,F-Check Passed,50.86,0.02,A,EQ,Nifty 500,311.5343776,332.634796,329.1811216,,,,,Poor,Poor,3,No,3,,,,,,Poor,Poor,26.27,Bluechip,
5554,Axis Bank,F&O,INE238A01034,Bluechip,-,Bluechip,,Bluechip,,Bluechip,,Bluechip,Bluechip,0,0.114321955,12.5,12.5,12.5,,,382623.89,187235.49,127374.09,774.965204,PET Good,F-Check Passed,0,0.02,A,EQ,Nifty 500,648.0031552,794.8833232,985.0239968,,,,,Bluechip,Bluechip,3,,,,,,,,Bluechip,Bluechip,19.5,Bluechip,
5654,Bank of India,F&O,INE084A01016,Average,-,Bluechip,,Bluechip,,Bluechip,,Bluechip,Bluechip,0,0.062508468,16.76,16.74,30,,,63669.06,80725.76,71307.71,118.9213074,PET Good,F-Check Passed,0,0.04,A,EQ,Nifty 500,66.4319196,85.472274,185.900916,,,,,Bluechip,Bluechip,3,,,,,,,,Bluechip,Bluechip,35,Bluechip,
5656,HCL Technologies,F&O,INE860A01027,Bluechip,-,Bluechip,,Bluechip,,Bluechip,,Bluechip,Bluechip,0,0.324162449,12.96,12.93,12.96,,,418284.34,69655,117055,434.6852464,PET Good,F-Check Passed,0,0.02,A,EQ,Nifty 500,480.535104,395.85272,365.0019552,,,,,Bluechip,Bluechip,3,,,,,,,,Bluechip,Bluechip,19.95,Bluechip,
5982,RBL Bank,F&O,INE976G01028,Average,-,Good,,Good,,Good,,Good,Bluechip,0,0.056277455,19.44,19.44,30,,,20021.01,15669.53,14041.11,329.6795112,,F-Check Passed,0,0.05,A,EQ,Nifty 500,373.1276752,286.2313472,642.7511408,,,,,Good,Good,3,,,,,,,,Good,Good,35,Poor,
6061,Indian Bank,F&O,INE562A01011,Good,-,Bluechip,,Bluechip,,Bluechip,,Bluechip,Bluechip,0,0.042261026,16.26,16.18,16.26,,,115704.21,71512.91,62039.43,123.59231,PET Good,F-Check Passed,0,0.04,A,EQ,Nifty 500,89.5757,112.9657768,186.2515224,,,,,Bluechip,Bluechip,3,,,,,,,,Bluechip,Bluechip,23.22,Bluechip,
6068,O N G C,F&O,INE213A01029,Bluechip,-,Bluechip,,Bluechip,,Bluechip,,Bluechip,Bluechip,0,0.377647302,14.04,13.98,14.04,,,321363.23,343440.48,612065.37,238.2907552,PET Good,F-Check Passed,0,0.02,A,EQ,Nifty 500,222.864728,209.963548,253.7167824,,,,,Bluechip,Bluechip,3,,,,,,,,Bluechip,Bluechip,21,Bluechip,
6083,Manappuram Fin.,F&O,INE522D01027,Good,-,Bluechip,,Bluechip,,Bluechip,,Bluechip,Bluechip,0,0.044841744,17.76,17.76,17.76,,,22756.4,12432.19,10007,104.2280968,PET Good,F-Check Passed,0,0.05,A,EQ,Nifty 500,120.6739564,106.7752,101.6809936,,,,,Bluechip,Bluechip,3,,,,,,,,Bluechip,Bluechip,24.77,Bluechip,
6418,Phoenix Mills,F&O,INE211B01039,Good,-,Good,,Good,,Good,,Good,Good,0,0.024796578,18.41,18.18,18.41,,,60043.32,10448.14,3813.57,111.3505052,PET Good,F-Check Passed,0,0.05,A,EQ,Nifty 500,91.9485314,110.9825856,93.6824136,,,,,Good,Good,3,,,,,,,,Good,Good,25.21,Bluechip,
6890,DLF,F&O,INE271C01023,Bluechip,-,Good,,Good,,Good,,Good,Bluechip,0,0.257763545,15.62,15.58,15.62,,,187183.07,42550.22,7993.66,198.7382196,,F-Check Passed,0,0.03,A,EQ,Nifty 500,193.9155372,183.9452504,175.3445316,,,,,Good,Good,3,,,,,,,,Good,Good,22.55,Good,
7855,Punjab Natl.Bank,F&O,INE160A01022,Bluechip,-,Bluechip,,Bluechip,,Bluechip,,Bluechip,Bluechip,0,0.421369423,15.66,15.7,15.7,,,141248.27,133137.96,124009.85,263.8226652,PET Good,F-Check Passed,0,0.03,A,EQ,Nifty 500,163.7798576,163.3966088,259.3333136,,,,,Bluechip,Bluechip,3,,,,,,,,Bluechip,Bluechip,22.69,Bluechip,
8029,TVS Motor Co.,F&O,INE494B01023,Bluechip,-,Bluechip,,Bluechip,,Bluechip,,Bluechip,Bluechip,0,0.181183099,13.67,13.69,13.69,,,166646.31,8503.38,44089.01,250.5823392,PET Good,F-Check Passed,0,0.03,A,EQ,Nifty 500,393.3176496,252.1254616,270.900096,,,,,Bluechip,Bluechip,3,,,,,,,,Bluechip,Bluechip,20.71,Bluechip,
8036,United Spirits,F&O,INE854D01024,Good,-,Bluechip,,Bluechip,,Bluechip,,Bluechip,Bluechip,0,0.210158445,12.73,12.73,12.73,,,104069.36,8104,12069,156.202779,PET Good,F-Check Passed,1.18,0.03,A,EQ,Nifty 500,159.4753048,132.3037824,170.7887032,,,,,Bluechip,Bluechip,3,,,,,,,,Bluechip,Bluechip,19.68,Bluechip,
12001,NTPC,F&O,INE733E01010,Bluechip,-,Bluechip,,Bluechip,,Bluechip,,Bluechip,Bluechip,0,0.389438105,12.86,12.85,12.86,,,326632.2,184071.16,188138.06,330.0054352,PET Good,F-Check Passed,0,0.03,A,EQ,Nifty 500,337.8230976,320.2736352,322.1877728,,,,,Bluechip,Bluechip,3,,,,,,,,Bluechip,Bluechip,19.81,Bluechip,
12002,I O C L,F&O,INE242A01010,Bluechip,-,Bluechip,,Bluechip,,Bluechip,,Bluechip,Bluechip,0,0.437012309,14.22,14.16,14.22,,,234271.34,186487.32,758105.81,198.1517,PET Good,F-Check Passed,0,0.02,A,EQ,Nifty 500,139.6380064,129.321364,247.086448,,,,,Bluechip,Bluechip,3,,,,,,,,Bluechip,Bluechip,21.17,Bluechip,
12019,Coal India,F&O,INE522F01014,Bluechip,-,Bluechip,,Bluechip,,Bluechip,,Bluechip,Bluechip,0,0.784352558,12.74,12.73,12.74,,,239545.25,99104.92,143368.92,257.5494148,PET Good,F-Check Passed,0,0.03,A,EQ,Nifty 500,248.0867792,207.7609632,283.3153456,,,,,Bluechip,Bluechip,3,,,,,,,,Bluechip,Bluechip,19.75,Bluechip,
12024,Life Insurance,F&O,INE0J1Y01017,Good,-,Good,,Good,,Good,,Good,Bluechip,0,0.245484987,13.83,13.78,13.83,,,565897.54,127226.39,889970.02,101.6311178,,F-Check Passed,0,0.03,A,EQ,Nifty 500,105.1088468,98.1533888,96.1979048,,,,,Good,Good,3,,,,,,,,Good,Good,20.81,Bluechip,
12030,Hind.Aeronautics,F&O,INE066F01020,Good,-,Bluechip,,Bluechip,,Bluechip,,Bluechip,Bluechip,0,1.407794595,16.45,16.52,16.52,,,313083.67,34981.61,30980.95,612.6761856,PET Good,F-Check Passed,0,0.02,A,EQ,Nifty 500,616.7861952,608.566176,428.3263968,,,,,Bluechip,Bluechip,3,,,,,,,,Bluechip,Bluechip,23.55,Bluechip,
12059,NMDC,F&O,INE584A01023,Bluechip,-,Bluechip,,Bluechip,,Bluechip,,Bluechip,Bluechip,0,0.258055154,16.61,16.33,16.61,,,66624.39,29695.77,23905.52,151.3992416,PET Good,F-Check Passed,0,0.04,A,EQ,Nifty 500,123.2820016,184.4357704,136.8252528,,,,,Bluechip,Bluechip,3,,,,,,,,Bluechip,Bluechip,23.36,Bluechip,
12068,Power Fin.Corpn.,F&O,INE134E01011,Bluechip,-,Good,,Good,,Good,,Good,Bluechip,0,0.646003337,18.16,18.05,18.16,,,133076.6,117738.35,107106.4,246.2759008,,F-Check Passed,0,0.03,A,EQ,Nifty 500,245.252212,148.9610556,217.0242368,,,,,Good,Good,3,,,,,,,,Good,Good,25.09,Bluechip,
12197,H U D C O,F&O,INE031A01017,Good,-,Bluechip,,Bluechip,,Bluechip,,Bluechip,Bluechip,0,0.44022124,21.36,21.36,21.36,,,47404.99,17968.05,10344.63,99.662824,PET Good,F-Check Passed,0,0.05,A,EQ,Nifty 500,76.2737808,95.9286456,103.3970024,,,,,Bluechip,Bluechip,3,,,,,,,,Bluechip,Bluechip,28.4,Bluechip,
12295,Uno Minda,F&O,INE405E01023,Average,-,Bluechip,,Bluechip,,Bluechip,,Bluechip,Bluechip,0,0.010831302,17.39,17.47,30,,,71151.36,5727.2,16774.61,94.7668333,PET Good,F-Check Passed,0,0.05,A,EQ,Nifty 500,144.315916,100.269666,116.5924532,,,,,Bluechip,Bluechip,3,,,,,,,,Bluechip,Bluechip,35,Bluechip,
12334,APL Apollo Tubes,F&O,INE702C01027,Bluechip,-,Bluechip,,Bluechip,,Bluechip,,Bluechip,Bluechip,0,0.045844553,14.8,14.78,14.8,,,49742.66,4208.72,22133.64,114.4760855,PET Good,F-Check Passed,0,0.04,A,EQ,Nifty 500,110.6002464,84.2956581,93.8266476,,,,,Bluechip,Bluechip,3,,,,,,,,Bluechip,Bluechip,21.81,Bluechip,
12350,GAIL (India),F&O,INE129A01019,Bluechip,-,Bluechip,,Bluechip,,Bluechip,,Bluechip,Bluechip,0,0.443133624,15.52,15.45,15.52,,,120192.82,84997.55,141903.49,197.9541024,PET Good,F-Check Passed,0,0.03,A,EQ,Nifty 500,176.234008,158.9306592,174.6665408,,,,,Bluechip,Bluechip,3,,,,,,,,Bluechip,Bluechip,22.48,Bluechip,
12521,Page Industries,F&O,INE761H01022,Good,-,Good,,Good,,Good,,Good,Good,0,0.053013074,13.04,13.03,13.04,,,45922.51,1407.19,5169.49,103.3150167,PET Good,F-Check Passed,0,0.03,A,EQ,Nifty 500,133.3259322,85.2082848,80.4255836,,,,,Good,Good,3,,,,,,,,Good,Good,20.05,Good,
12584,NHPC Ltd,F&O,INE848E01016,Good,-,Bluechip,,Bluechip,,Bluechip,,Bluechip,Bluechip,0,0.340250094,16.32,16.33,16.33,,,85201.99,39668.16,10404.61,118.1471536,PET Good,F-Check Passed,0,0.03,A,EQ,Nifty 500,85.6026476,127.1298776,109.1644296,,,,,Bluechip,Bluechip,3,,,,,,,,Bluechip,Bluechip,23.35,Bluechip,
12585,Marico,F&O,INE196A01026,Bluechip,-,Bluechip,,Bluechip,,Bluechip,,Bluechip,Bluechip,0,0.050434851,12.5,12.5,12.5,,,93496.8,3975,12545,146.3264806,PET Good,F-Check Passed,2.03,0.03,A,EQ,Nifty 500,164.6792192,148.0330272,113.3024684,,,,,Bluechip,Bluechip,3,,,,,,,,Bluechip,Bluechip,19.5,Bluechip,
12607,Container Corpn.,F&O,INE111A01025,Bluechip,-,Bluechip,,Bluechip,,Bluechip,,Bluechip,Bluechip,0,0.320316818,15.06,15.26,15.26,,,41534.83,12404.44,9045.27,83.1753664,PET Good,F-Check Passed,0,0.04,A,EQ,Nifty 500,79.0146052,87.3361276,54.2207532,,,,,Bluechip,Bluechip,3,,,,,,,,Bluechip,Bluechip,22.29,Bluechip,
12854,I R F C,F&O,INE053F01010,Good,-,Good,Restricted,Good,,Good,,Good,Bluechip,0,0.880600702,18.52,18.51,18.52,,,161134.68,52667.77,27152.94,139.676158,,F-Check Passed,0,0.03,A,EQ,Nifty 500,113.9563608,119.6928536,101.0250824,,,,,Good,Good,3,,,,,,,,Good,Good,25.55,Poor,
12963,Mazagon Dock,F&O,INE249Z01020,Good,-,Bluechip,,Bluechip,,Bluechip,,Bluechip,Bluechip,0,1.415637176,23.62,23.6,23.62,,,110082.4,7939.88,11431.88,489.8532368,PET Good,F-Check Passed,0,0.03,A,EQ,Nifty 500,431.667456,466.3524544,267.1740544,,,,,Bluechip,Bluechip,3,,,,,,,,Bluechip,Bluechip,30.65,Bluechip,
13105,Oracle Fin.Serv.,F&O,INE881D01027,Good,-,Bluechip,,Bluechip,,Bluechip,,Bluechip,Bluechip,0,0.291694756,17.37,17.26,17.37,,,74079.29,8362.4,6846.8,126.9509112,PET Good,F-Check Passed,0,0.04,A,EQ,Nifty 500,77.2826908,245.0353584,135.774704,,,,,Bluechip,Bluechip,3,,,,,,,,Bluechip,Bluechip,24.29,Bluechip,
13166,NBCC,F&O,INE095N01031,Good,-,Bluechip,,Bluechip,,Bluechip,,Bluechip,Bluechip,0,0.26723252,21.23,21.13,21.23,,,31711.5,2479.06,12038.57,108.7789696,PET Good,F-Check Passed,0,0.05,A,EQ,Nifty 500,69.39962,112.3926872,105.165252,,,,,Bluechip,Bluechip,3,,,,,,,,Bluechip,Bluechip,28.17,Bluechip,
13212,Prestige Estates,F&O,INE811K01011,Good,-,Good,,Good,,Good,,Good,Bluechip,0,0.036379651,19.09,19.09,19.09,,,75168.89,15423,7349.4,122.4775586,PET Good,,0,0.05,A,EQ,Nifty 500,104.7476596,107.6200464,137.2156208,,,,,Good,Good,3,,,,,,,,Good,Good,26.13,Bluechip,
13660,Cyient,F&O,INE136B01020,Good,-,Bluechip,,Bluechip,,Bluechip,,Bluechip,Bluechip,0,0.107812935,18.15,18.13,18.15,,,12909.81,5309.5,7360.4,56.0398734,PET Good,F-Check Passed,0,0.04,A,EQ,Nifty 500,40.532106,52.5608918,65.1097276,,,,,Bluechip,Bluechip,3,,,,,,,,Bluechip,Bluechip,25.16,Bluechip,
13872,Suzlon Energy,F&O,INE040H01021,Poor,-,Good,,Good,,Good,,Good,Bluechip,0,7.41475E-05,20.52,20.49,100,,,80686.22,6105.72,10889.74,478.711904,,F-Check Passed,0,0.03,A,EQ,Nifty 500,555.6647616,317.0828416,420.2177664,,,,,Good,Good,3,,,,,,,,Good,Good,0,Bluechip,
14548,Jubilant Food.,F&O,INE797F01020,Bluechip,-,Bluechip,,Bluechip,,Bluechip,,Bluechip,Bluechip,0,0.144108435,14.64,14.63,14.64,,,39478.54,2102.75,8141.73,104.8670114,PET Good,F-Check Passed,0.83,0.04,A,EQ,Nifty 500,112.9646468,96.9350664,83.5661056,,,,,Bluechip,Bluechip,3,,,,,,,,Bluechip,Bluechip,21.6,Bluechip,
14801,Biocon,F&O,INE376G01013,Bluechip,-,Bluechip,,Bluechip,,Bluechip,,Bluechip,Bluechip,0,0.111832061,16.4,16.41,16.41,,,49735.05,21644,15261.7,117.2036664,PET Good,F-Check Passed,0,0.04,A,EQ,Nifty 500,126.2717068,104.4867776,84.7867704,,,,,Bluechip,Bluechip,3,,,,,,,,Bluechip,Bluechip,23.43,Bluechip,
15542,Bharti Airtel,F&O,INE397D01024,Bluechip,-,Bluechip,,Bluechip,,Bluechip,,Bluechip,Bluechip,0,0.201688316,12.5,12.5,12.5,,,1233188.84,113671.9,172985.2,1135.996355,PET Good,F-Check Passed,0,0.02,A,EQ,Nifty 500,1885.756429,930.7270528,1005.104995,,,,,Bluechip,Bluechip,3,,,,,,,,Bluechip,Bluechip,19.5,Bluechip,
15550,Indian Renewable,F&O,INE202E01016,Average,-,Bluechip,,Bluechip,,Bluechip,,Bluechip,Bluechip,0,0.180540935,20.27,20.48,30,,,42686.27,10266.54,6754.93,160.7887736,PET Good,F-Check Passed,0,0.04,A,EQ,Nifty 500,80.53322,128.3840888,166.3917472,,,,,Bluechip,Bluechip,3,,,,,,,,Bluechip,Bluechip,35,Bluechip,
15613,Godrej Propert.,F&O,INE484J01027,Good,-,Good,,Good,,Good,,Good,Good,0,0.090652477,18.12,18.12,18.12,,,68973.24,17312.46,4922.84,175.8167868,PET Good,F-Check Passed,0,0.04,A,EQ,Nifty 500,171.6659024,114.6556996,136.979196,,,,,Good,Good,3,,,,,,,,Good,Good,25.16,Bluechip,
16474,PNB Housing,F&O,INE572E01012,Good,-,Bluechip,,Bluechip,,Bluechip,,Bluechip,Bluechip,0,0.102522305,20.05,19.89,20.05,,,24186.92,16863.13,7685.13,159.290263,PET Good,F-Check Passed,0,0.05,A,EQ,Nifty 500,383.1356752,169.9513888,122.3217488,,,,,Bluechip,Bluechip,3,,,,,,,,Bluechip,Bluechip,26.93,Bluechip,
17215,Tech Mahindra,F&O,INE669C01036,Bluechip,-,Bluechip,,Bluechip,,Bluechip,,Bluechip,Bluechip,0,0.351332477,13.24,13.19,13.24,,,139575.62,27361.5,52988.3,269.7226948,PET Good,F-Check Passed,0,0.03,A,EQ,Nifty 500,249.962214,273.8798456,240.9912064,,,,,Bluechip,Bluechip,3,,,,,,,,Bluechip,Bluechip,20.21,Bluechip,
17540,Bharat Dynamics,F&O,INE171Z01026,Good,-,Good,,Good,,Good,,Good,Good,0,0.523029418,21.38,21.14,21.38,,,56080.4,4008.95,3345.05,329.4286256,PET Good,F-Check Passed,0,0.04,A,EQ,Nifty 500,290.037792,259.9194448,166.9879336,,,,,Good,Good,3,,,,,,,,Good,Good,28.19,Bluechip,
18075,REC Ltd,F&O,INE020B01018,Bluechip,-,Good,,Good,,Good,,Good,Bluechip,0,0.933666331,18.5,18.46,18.5,,,98745.9,78376.06,56368.53,277.7317336,,F-Check Passed,0,0.03,A,EQ,Nifty 500,217.8505216,155.2907128,236.5702416,,,,,Good,Good,3,,,,,,,,Good,Good,25.49,Bluechip,
18105,LTIMindtree,F&O,INE214T01019,Bluechip,-,Bluechip,,Bluechip,,Bluechip,,Bluechip,Bluechip,0,0.116392555,14.19,14.18,14.19,,,168576.37,22698.3,38008.1,142.9628824,PET Good,F-Check Passed,0,0.04,A,EQ,Nifty 500,116.063724,139.678708,161.9475508,,,,,Bluechip,Bluechip,3,,,,,,,,Bluechip,Bluechip,21.21,Bluechip,
18286,Persistent Systems,F&O,INE262H01021,Bluechip,-,Bluechip,,Bluechip,,Bluechip,,Bluechip,Bluechip,0,0.224191221,17.3,17.46,17.46,,,93298.87,6319.07,11938.72,285.5078648,PET Good,F-Check Passed,0,0.04,A,EQ,Nifty 500,231.4637712,290.5889928,308.210572,,,,,Bluechip,Bluechip,3,,,,,,,,Bluechip,Bluechip,24.5,Bluechip,
18295,Tata Technolog.,F&O,INE142M01025,Average,-,Bluechip,,Bluechip,,Bluechip,,Bluechip,Bluechip,0,0.074143383,13.31,13.39,30,,,28077.29,3579.42,5168.45,84.018318,PET Good,F-Check Passed,0,0.03,A,EQ,Nifty 500,49.4213704,74.0947244,51.8887364,,,,,Bluechip,Bluechip,3,,,,,,,,Bluechip,Bluechip,35,Bluechip,
18341,Sona BLW Precis.,F&O,INE073K01018,Good,-,Good,,Good,,Good,,Good,Good,0,0.18704603,17.13,17.14,17.14,,,29391.86,5494.77,3546.02,145.996457,PET Good,F-Check Passed,0,0.04,A,EQ,Nifty 500,255.3256988,131.4324236,160.5604904,,,,,Good,Good,3,,,,,,,,Good,Good,24.14,Bluechip,
18488,Torrent Power,F&O,INE813H01021,Good,-,Bluechip,,Bluechip,,Bluechip,,Bluechip,Bluechip,0,0.104819345,17.49,17.47,17.49,,,66293.55,17615.31,29207.73,81.5055282,PET Good,F-Check Passed,0,0.05,A,EQ,Nifty 500,72.5418404,83.3653184,79.645738,,,,,Bluechip,Bluechip,3,,,,,,,,Bluechip,Bluechip,24.51,Bluechip,
18844,Info Edg.(India),F&O,INE663F01032,Good,-,Good,,Good,,Good,,Good,Good,0,0.080522483,16.92,16.12,16.92,,,89433.41,34903.06,2849.55,184.0329694,PET Good,F-Check Passed,0,0.04,A,EQ,Nifty 500,283.908792,166.8259768,135.1088916,,,,,Good,Good,3,,,,,,,,Good,Good,23.15,Bluechip,
19299,Alkem Lab,F&O,INE540L01014,Bluechip,-,Bluechip,,Bluechip,,Bluechip,,Bluechip,Bluechip,0,0.029349211,12.5,12.5,12.5,,,65844.45,11984.87,12964.52,82.701297,PET Good,F-Check Passed,0,0.04,A,EQ,Nifty 500,107.242324,98.7713376,66.6312564,,,,,Bluechip,Bluechip,3,,,,,,,,Bluechip,Bluechip,19.5,Bluechip,
19939,Titagarh Rail,F&O,INE615H01020,Average,-,Good,,Good,,Good,,Good,Good,0,0.0971957,21.71,21.73,30,,,11912.57,2482.98,3867.75,150.7966544,PET Good,F-Check Passed,0.06,0.04,A,EQ,Nifty 500,174.8541536,120.5361576,74.277752,,,,,Good,Good,3,,,,,,,,Good,Good,35,Bluechip,
20099,Petronet LNG,F&O,INE347G01014,Bluechip,-,Good,,Good,,Good,,Good,Bluechip,0,0.119225111,14.18,14.12,14.18,,,42195,19877.53,50982.03,68.3697682,,F-Check Passed,0,0.04,A,EQ,Nifty 500,49.3738336,58.2948584,75.677904,,,,,Good,Good,3,,,,,,,,Good,Good,21.14,Bluechip,
20139,C D S L,F&O,INE736A01011,Good,-,Poor,,Poor,,Poor,,Poor,Good,0,1.039337654,18.77,18.82,18.82,,,33172.48,1760.34,1082.21,441.0962816,PET Good,F-Check Passed,0,,,EQ,Nifty 500,376.8601344,251.991808,305.5699968,,,,,Poor,Poor,3,No,3,,,,,,Poor,Poor,25.84,Good,
20149,SBI Cards,F&O,INE018E01016,Good,-,Bluechip,,Bluechip,,Bluechip,,Bluechip,Bluechip,0,0.094471321,13.43,13.43,13.43,,,83564.9,13781.72,18073.95,102.7567589,PET Good,F-Check Passed,0,0.04,A,EQ,Nifty 500,63.3714476,91.2659026,114.2476152,,,,,Bluechip,Bluechip,3,,,,,,,,Bluechip,Bluechip,20.45,Bluechip,
20287,Jindal Steel,F&O,INE749A01030,Bluechip,-,Bluechip,,Bluechip,,Bluechip,,Bluechip,Bluechip,0,0.051924486,15.42,15.42,15.42,,,108812.8,47184.88,50128.66,168.7732484,PET Good,F-Check Passed,11.19,0.04,A,EQ,Nifty 500,191.6998456,131.7991996,187.6318564,,,,,Bluechip,Bluechip,3,,,,,,,,Bluechip,Bluechip,22.45,Bluechip,
20600,Glenmark Pharma.,F&O,INE935A01035,Bluechip,-,Bluechip,,Bluechip,,Bluechip,,Bluechip,Bluechip,0,0.04449072,16.01,16.01,16.01,,,53345.83,8849.44,13321.74,155.8798686,PET Good,F-Check Passed,0,0.04,A,EQ,Nifty 500,159.4172144,152.3425228,115.3225752,,,,,Bluechip,Bluechip,3,,,,,,,,Bluechip,Bluechip,23.05,Bluechip,
20703,Indraprastha Gas,F&O,INE203G01027,Bluechip,-,Bluechip,,Bluechip,,Bluechip,,Bluechip,Bluechip,0,0.084149388,17.4,17.4,17.4,,,29673.03,10615.77,14927.8,76.5271946,PET Good,F-Check Passed,0,0.04,A,EQ,Nifty 500,50.6961626,38.4144452,69.2247942,,,,,Bluechip,Bluechip,3,,,,,,,,Bluechip,Bluechip,24.44,Bluechip,
20712,Jio Financial,F&O,INE758E01017,Good,-,Good,,Good,,Good,,Good,Good,0,1.431488277,15.15,15.16,15.16,,,194918.76,123496.52,2043.29,511.6937264,PET Good,F-Check Passed,0,0.02,A,EQ,Nifty 500,501.7517088,347.3431312,321.2155952,,,,,Good,Good,3,,,,,,,,Good,Good,22.18,Bluechip,
20883,Zydus Lifesci.,F&O,INE010B01027,Bluechip,-,Bluechip,,Bluechip,,Bluechip,,Bluechip,Bluechip,0,0.123239428,13.04,13.06,13.06,,,98057.5,23953.1,23241.5,99.0321456,PET Good,F-Check Passed,0,0.03,A,EQ,Nifty 500,104.9285128,108.1914328,79.0830234,,,,,Bluechip,Bluechip,3,,,,,,,,Bluechip,Bluechip,20.07,Bluechip,
21188,Divi's Lab.,F&O,INE361B01024,Bluechip,-,Bluechip,,Bluechip,,Bluechip,,Bluechip,Bluechip,0,0.05925057,13.96,13.97,13.97,,,179089.09,14969,9360,278.8215472,PET Good,F-Check Passed,0,0.03,A,EQ,Nifty 500,295.6081992,227.6400428,332.08452,,,,,Bluechip,Bluechip,3,,,,,,,,Bluechip,Bluechip,20.98,Bluechip,
21236,BSE,F&O,INE118H01025,Good,-,Poor,,Poor,,Poor,,Poor,Good,0,1.771753419,25.67,25.06,25.67,,,100824.42,4423.73,3212.04,1228.903885,PET Good,F-Check Passed,0,,,EQ,Nifty 500,1150.852915,956.3611136,1172.001178,,,,,Poor,Poor,3,No,3,,,,,,Poor,Poor,32.1,Bluechip,
21272,HDFC AMC,F&O,INE127D01025,Good,-,Good,,Good,,Good,,Good,Good,0,0.106771951,15.02,15.11,15.11,,,115102.79,8129.99,4051.45,264.6359474,PET Good,F-Check Passed,0,0.03,A,EQ,Nifty 500,263.9626836,164.3775244,325.3531832,,,,,Good,Good,3,,,,,,,,Good,Good,22.14,Bluechip,
21281,Adani Ports,F&O,INE742F01042,Average,-,Average,,Bluechip,,Bluechip,,Bluechip,Bluechip,0,0.061434623,16.32,16.33,30,,,313533.37,62584.77,30475.33,354.4690968,PET Good,F-Check Passed,0,0.03,A,EQ,Nifty 500,360.8237376,348.114456,337.8837616,,,,Downgraded_to_Average,Average,Bluechip,3,,,,,,,,Bluechip,Bluechip,35,Bluechip,
21960,Godrej Consumer,F&O,INE102D01028,Bluechip,-,Bluechip,,Bluechip,,Bluechip,,Bluechip,Bluechip,0,0.100639903,13.15,13.13,13.15,,,114413.56,12003.92,15763.67,168.6631602,PET Good,F-Check Passed,0.79,0.03,A,EQ,Nifty 500,179.4531348,186.7613172,175.2007208,,,,,Bluechip,Bluechip,3,,,,,,,,Bluechip,Bluechip,20.15,Bluechip,
21997,HDFC Life Insur.,F&O,INE795G01014,Good,-,Good,Restricted,Good,,Good,,Good,Bluechip,0,0.128315928,12.5,12.5,12.5,,,157782.4,16154.62,92921.74,224.0134958,,F-Check Passed,0,0.02,A,EQ,Nifty 500,172.6035892,227.1772836,241.0840976,,,,,Good,Good,3,,,,,,,,Good,Good,19.5,Poor,
22005,ICICI Pru Life,F&O,INE726G01019,Bluechip,-,Bluechip,,Bluechip,,Bluechip,,Bluechip,Bluechip,0,0.077950522,12.59,12.59,12.59,,,85571.18,11933.78,70778.14,75.70685335,PET Good,F-Check Passed,0,0.04,A,EQ,Nifty 500,55.1078958,80.0622448,94.0624884,,,,,Bluechip,Bluechip,3,,,,,,,,Bluechip,Bluechip,19.59,Bluechip,
22045,SBI Life Insuran,F&O,INE123W01016,Good,-,Good,,Good,,Good,,Good,Bluechip,0,0.015131979,12.5,12.5,12.5,,,195976.98,16985.35,116888.43,185.1281096,,F-Check Passed,0,0.03,A,EQ,Nifty 500,155.7661688,199.3357696,204.6291488,,,,,Good,Good,3,,,,,,,,Good,Good,19.5,Bluechip,
22664,ICICI Lombard,F&O,INE765G01017,Bluechip,-,Bluechip,,Bluechip,,Bluechip,,Bluechip,Bluechip,0,0.030549806,13.26,13.29,13.29,,,99304.01,14485.17,23960.92,127.5330074,PET Good,F-Check Passed,0,0.04,A,EQ,Nifty 500,86.4188491,126.8394432,166.2540424,,,,,Bluechip,Bluechip,3,,,,,,,,Bluechip,Bluechip,20.3,Bluechip,
22865,Max Healthcare,F&O,INE027H01010,Average,-,Bluechip,,Bluechip,,Bluechip,,Bluechip,Bluechip,0,0.009414002,17.1,17.09,30,,,111588.44,9380.87,7028.46,276.9743278,PET Good,F-Check Passed,0,0.04,A,EQ,Nifty 500,259.063146,590.361948,336.381504,,,,,Bluechip,Bluechip,3,,,,,,,,Bluechip,Bluechip,35,Bluechip,
23039,GMR Airports,F&O,INE776C01039,Poor,-,Poor,,Poor,,Poor,,Poor,Poor,2,,15.54,15.54,100,"Shareholders Fund , PET Check",,99138.23,-2490.95,10414.24,100.2219813,,F-Check Passed,16.61,0.04,A,EQ,Nifty 500,85.4005042,154.8404768,93.5846358,,,,,Poor,Poor,3,No,2,,,,,,Poor,Poor,0,Poor,
23040,Vodafone Idea,F&O,INE669E01016,Poor,-,Poor,,Poor,,Poor,,Poor,Poor,1,2.98882E-05,27.31,27.32,100,Shareholders Fund,,94583.47,-70320.2,43571.3,442.6264176,PET Good,F-Check Passed,0,0.07,A,EQ,Nifty 500,433.4100704,823.6930112,1031.152096,,,,,Poor,Poor,3,No,2,,,,,,Poor,Poor,0,Poor,
23296,IIFL Finance,F&O,INE530B01024,Average,-,Poor,,Bluechip,,Bluechip,,Bluechip,Bluechip,0,0.028937734,21.21,21.14,30,,,22730.21,12412.19,10234.06,92.8774384,PET Good,F-Check Passed,0,0.06,A,EQ,Nifty 500,80.7314184,43.1891806,105.0234584,Downgraded_to_Poor,IIFL sec barred from onboarding new clients for next 3 yrs,,,Poor,Bluechip,3,,,,,,,,Bluechip,Bluechip,35,Bluechip,
23401,I R C T C,F&O,INE335Y01020,Good,-,Good,,Good,,Good,,Good,Good,0,0.309924852,13.39,13.4,13.4,,,57540,3663.36,4674.77,58.4551492,PET Good,F-Check Passed,0,0.03,A,EQ,Nifty 500,59.9458424,55.642506,56.964456,,,,,Good,Good,3,,,,,,,,Good,Good,20.4,Bluechip,
24049,Fortis Health.,F&O,INE061F01013,Good,-,Bluechip,,Bluechip,,Bluechip,,Bluechip,Bluechip,0,0.060618456,15.72,15.72,15.72,,,77269.97,8916.52,8110.62,149.6929135,PET Good,F-Check Passed,0,0.04,A,EQ,Nifty 500,222.7818132,142.926622,275.1663888,,,,,Bluechip,Bluechip,3,,,,,,,,Bluechip,Bluechip,22.71,Bluechip,
24608,Varun Beverages,F&O,INE200M01039,Bluechip,-,Bluechip,,Bluechip,,Bluechip,,Bluechip,Bluechip,0,0.677100268,16.76,16.79,16.79,,,158852.01,16609.83,20007.65,389.1715424,PET Good,F-Check Passed,0.04,0.03,A,EQ,Nifty 500,333.0967712,311.4421968,345.455232,,,,,Bluechip,Bluechip,3,,,,,,,,Bluechip,Bluechip,23.74,Bluechip,
24769,Muthoot Finance,F&O,INE414G01012,Good,-,Bluechip,,Bluechip,,Bluechip,,Bluechip,Bluechip,0,0.0633546,15.29,15.28,15.29,,,127339.78,29366.62,20214.17,194.6997002,PET Good,F-Check Passed,0,0.05,A,EQ,Nifty 500,239.2323152,162.1274524,183.0769588,,,,,Bluechip,Bluechip,3,,,,,,,,Bluechip,Bluechip,22.31,Bluechip,
24951,UltraTech Cem.,F&O,INE481G01011,Bluechip,-,Bluechip,,Bluechip,,Bluechip,,Bluechip,Bluechip,0,0.181116585,12.5,12.5,12.5,,,352047.31,70706.77,75955.13,312.0739348,PET Good,F-Check Passed,0,0.03,A,EQ,Nifty 500,332.1567424,307.4396744,282.5171832,,,,,Bluechip,Bluechip,3,,,,,,,,Bluechip,Bluechip,19.5,Bluechip,
24978,Coforge,F&O,INE591G01025,Bluechip,-,Bluechip,,Bluechip,,Bluechip,,Bluechip,Bluechip,0,0.228247244,18.65,17.77,18.65,,,59581.71,6379.2,12050.7,336.4804868,PET Good,F-Check Passed,0,0.03,A,EQ,Nifty 500,311.7517192,315.8535608,301.482344,,,,,Bluechip,Bluechip,3,,,,,,,,Bluechip,Bluechip,24.79,Bluechip,
25267,Yes Bank,F&O,INE528G01035,Average,-,Bluechip,,Bluechip,,Bluechip,,Bluechip,Bluechip,0,0.342900952,17.39,17.39,30,,,71346.37,47832.41,30918.81,289.6387856,PET Good,F-Check Passed,0,0.04,A,EQ,Nifty 500,150.8942224,216.738224,362.5393472,,,,,Bluechip,Bluechip,3,,,,,,,,Bluechip,Bluechip,35,Bluechip,
25386,Solar Industries,F&O,INE343H01029,Good,-,Bluechip,,Bluechip,,Bluechip,,Bluechip,Bluechip,0,0.272558803,16.88,16.88,16.88,,,125678.02,4399.64,7540.26,206.4574224,PET Good,F-Check Passed,1.52,0.04,A,EQ,Nifty 500,201.2593112,180.4318848,121.1339476,,,,,Bluechip,Bluechip,3,,,,,,,,Bluechip,Bluechip,23.91,Bluechip,
25746,Multi Comm. Exc.,F&O,INE745G01035,Average,-,Good,,Good,,Good,,Good,Good,0,0.057268186,19.33,19.32,30,,,47166.86,1884.4,1112.66,441.3008528,PET Good,F-Check Passed,0,0.04,A,EQ,Nifty 500,415.9893216,388.6360192,607.556656,,,,,Good,Good,3,,,,,,,,Good,Good,35,Good,
25767,Syngene Intl.,F&O,INE398R01022,Good,-,Good,,Good,,Good,,Good,Good,0,0.038910909,14.38,14.38,14.38,,,26203.15,4726.8,3642.4,52.2490705,PET Good,F-Check Passed,0,0.04,A,EQ,Nifty 500,52.8343529,45.0609077,41.4570676,,,,,Good,Good,3,,,,,,,,Good,Good,21.41,Bluechip,
26603,Polycab India,F&O,INE455K01017,Good,-,Bluechip,,Bluechip,,Bluechip,,Bluechip,Bluechip,0,0.123887675,17.1,17.11,17.11,,,115988.87,9825.03,22408.31,216.7509008,PET Good,F-Check Passed,0,0.03,A,EQ,Nifty 500,190.93758,184.2268536,214.1349416,,,,,Bluechip,Bluechip,3,,,,,,,,Bluechip,Bluechip,24.12,Bluechip,
26648,Nuvama Wealth,F&O,INE531F01015,Average,-,Poor,,Poor,,Poor,,Poor,Good,1,0.026025049,35,21.02,35,Promoter Pledge%,,25603.27,3490.14,4162.3,107.8717394,PET Good,F-Check Passed,62.8,0.05,A,EQ,Nifty 500,106.4411596,85.785398,116.1748676,,,,,Poor,Poor,3,No,3,,,,,,Poor,Poor,35,Bluechip,
26721,Rail Vikas,F&O,INE415G01027,Good,-,Good,,Good,,Good,,Good,Bluechip,0,1.014766978,22.6,22.59,22.6,,,68565.89,9570.71,19923.02,217.057636,,F-Check Passed,0,0.03,A,EQ,Nifty 500,152.3185552,281.7967168,132.8865768,,,,,Good,Good,3,,,,,,,,Good,Good,29.64,Bluechip,
27323,JSW Energy,F&O,INE121E01018,Good,-,Bluechip,,Bluechip,,Bluechip,,Bluechip,Bluechip,0,0.17539501,18.42,18.43,18.43,,,92247.22,27361.43,11745.39,177.2057176,PET Good,F-Check Passed,11.6,0.04,A,EQ,Nifty 500,182.6991752,115.694426,142.868048,,,,,Bluechip,Bluechip,3,,,,,,,,Bluechip,Bluechip,25.44,Bluechip,
27655,Astral,F&O,INE006I01046,Bluechip,-,Bluechip,,Bluechip,,Bluechip,,Bluechip,Bluechip,0,0.217283275,14.22,14.26,14.26,,,38927.86,3617,5832.4,105.878917,PET Good,F-Check Passed,0,0.04,A,EQ,Nifty 500,183.248156,88.606552,74.4942486,,,,,Bluechip,Bluechip,3,,,,,,,,Bluechip,Bluechip,21.28,Bluechip,
28074,Bajaj Auto,F&O,INE917I01010,Bluechip,-,Bluechip,,Bluechip,,Bluechip,,Bluechip,Bluechip,0,0.239659005,13.33,13.33,13.33,,,248368.92,35188.74,50994.55,352.5305724,PET Good,F-Check Passed,0.01,0.02,A,EQ,Nifty 500,368.9493752,386.9555024,322.3833904,,,,,Bluechip,Bluechip,3,,,,,,,,Bluechip,Bluechip,20.35,Bluechip,
28075,Bajaj Finserv,F&O,INE918I01026,Bluechip,-,Bluechip,,Bluechip,,Bluechip,,Bluechip,Bluechip,0,0.220155583,12.64,12.65,12.65,,,333655.36,72395.31,133822.12,232.6440484,PET Good,F-Check Passed,0.01,0.03,A,EQ,Nifty 500,210.2086304,232.4990416,175.7457456,,,,,Bluechip,Bluechip,3,,,,,,,,Bluechip,Bluechip,19.66,Bluechip,
33159,Interglobe Aviat,F&O,INE646L01027,Average,-,Bluechip,,Bluechip,,Bluechip,,Bluechip,Bluechip,0,0.033408675,14.17,14.16,30,,,217367.34,9368.2,80802.9,757.8291864,PET Good,F-Check Passed,0,0.02,A,EQ,Nifty 500,1058.82631,765.371456,363.0284924,,,,,Bluechip,Bluechip,3,,,,,,,,Bluechip,Bluechip,35,Bluechip,
34695,AU Small Finance,F&O,INE949L01017,Good,-,Bluechip,,Bluechip,,Bluechip,,Bluechip,Bluechip,0,0.023156554,15.83,15.89,15.89,,,65530.12,17166.29,16063.73,219.9623296,PET Good,F-Check Passed,0,0.04,A,EQ,Nifty 500,196.6488952,216.6367632,284.7501648,,,,,Bluechip,Bluechip,3,,,,,,,,Bluechip,Bluechip,22.92,Bluechip,
35713,Lodha Developers,F&O,INE670K01029,Good,-,Bluechip,,Bluechip,,Bluechip,,Bluechip,Bluechip,0,0.193716157,19.34,19.24,19.34,,,119570.78,20196,13779.5,186.1304676,PET Good,F-Check Passed,0,0.03,A,EQ,Nifty 500,140.4065952,128.7370468,187.468616,,,,,Bluechip,Bluechip,3,,,,,,,,Bluechip,Bluechip,26.25,Bluechip,
35727,Dixon Technolog.,F&O,INE935N01020,Good,-,Bluechip,,Bluechip,,Bluechip,,Bluechip,Bluechip,0,0.650895361,18.53,18.53,18.53,,,93778.63,3019.02,38860.1,610.958752,PET Good,F-Check Passed,0,0.03,A,EQ,Nifty 500,486.1309408,402.0037392,447.4018704,,,,,Bluechip,Bluechip,3,,,,,,,,Bluechip,Bluechip,25.56,Bluechip,
36229,Sammaan Capital,F&O,INE148I01020,Average,-,Average,,Good,,Good,,Good,Bluechip,0,0.142174318,23.28,23.16,30,,,15643.63,21822.45,8675.63,193.181476,,F-Check Passed,0,0.06,A,EQ,Nifty 500,154.5370312,439.5731808,556.6859552,,,,Downgraded_to_Average,Average,Good,3,,,,,,,,Good,Good,35,Average,
38025,Oberoi Realty,F&O,INE093I01010,Good,-,Poor,,Poor,,Poor,,Poor,Bluechip,1,0.05014689,16.28,16.27,16.28,Promoter Pledge%,,64690.29,15704.86,5286.27,111.92972,PET Good,F-Check Passed,75.33,0.04,A,EQ,Nifty 500,68.6759331,93.315396,106.141684,,,,,Poor,Poor,3,No,3,,,,,,Poor,Poor,23.28,Bluechip,
38220,PG Electroplast,F&O,INE457L01029,Average,-,Good,,Good,,Good,,Good,Good,0,0.086687511,27.69,27.43,30,,,16233.5,2828.21,4869.53,195.9975924,PET Good,F-Check Passed,0,0.06,A,EQ,Nifty 500,567.8195936,191.1148328,200.880352,,,,,Good,Good,3,,,,,,,,Good,Good,35,Good,
38451,Mankind Pharma,F&O,INE634S01028,Good,-,Bluechip,,Bluechip,,Bluechip,,Bluechip,Bluechip,0,0.11475323,14.74,14.74,14.74,,,98333.52,14332.39,12207.44,89.711234,PET Good,F-Check Passed,0,0.05,A,EQ,Nifty 500,146.4122544,90.1388836,77.1214054,,,,,Bluechip,Bluechip,3,,,,,,,,Bluechip,Bluechip,21.7,Bluechip,
38941,Angel One,F&O,INE732I01013,Good,-,Bluechip,,Bluechip,,Bluechip,,Bluechip,Bluechip,0,0.117654795,21.93,21.95,21.95,,,22608.93,5621.39,5239.22,291.3181528,PET Good,F-Check Passed,0,0.03,A,EQ,Nifty 500,248.9156128,198.611388,256.8817024,,,,,Bluechip,Bluechip,3,,,,,,,,Bluechip,Bluechip,0,Bluechip,
40147,One 97,F&O,INE982J01020,Average,-,Average,,Poor,,Poor,,Poor,Bluechip,2,0.01845454,22.19,22.19,30,"PET Check , F-Score",,83250.17,15026.7,6900.4,583.1212352,,,0,0.03,A,EQ,Nifty 500,1027.970253,387.9121008,397.6083856,,,Upgraded_to_Average,,Average,Poor,3,No,3,,,,,,Poor,Poor,29.24,Good,
40279,Indus Towers,F&O,INE121J01017,Bluechip,-,Bluechip,,Bluechip,,Bluechip,,Bluechip,Bluechip,0,0.19146287,16.89,16.89,16.89,,,98028.33,32498.3,30122.8,278.808697,PET Good,F-Check Passed,0,0.04,A,EQ,Nifty 500,283.137062,372.4093632,274.480332,,,,,Bluechip,Bluechip,3,,,,,,,,Bluechip,Bluechip,23.92,Bluechip,
40903,Aditya Birla Cap,F&O,INE674K01013,Good,-,Bluechip,,Bluechip,,Bluechip,,Bluechip,Bluechip,0,0.069275048,16.86,16.86,16.86,,,84861.24,30388.72,40632.23,160.8891284,PET Good,F-Check Passed,0,0.04,A,EQ,Nifty 500,177.2486648,144.529592,228.4196768,,,,,Bluechip,Bluechip,3,,,,,,,,Bluechip,Bluechip,23.89,Bluechip,
40942,Avenue Super.,F&O,INE192R01011,Bluechip,-,Bluechip,,Bluechip,,Bluechip,,Bluechip,Bluechip,0,0.336700116,14.15,14.15,14.15,,,270210.4,21427.75,59358.05,249.959029,PET Good,F-Check Passed,0,0.04,A,EQ,Nifty 500,355.447192,200.923862,179.0481856,,,,,Bluechip,Bluechip,3,,,,,,,,Bluechip,Bluechip,21.18,Bluechip,
40963,Tube Investments,F&O,INE974X01010,Good,-,Bluechip,,Bluechip,,Bluechip,,Bluechip,Bluechip,0,0.078470292,17.6,17.59,17.6,,,58465.39,5535.73,19464.65,108.8812956,PET Good,F-Check Passed,0.01,0.03,A,EQ,Nifty 500,118.9049302,126.9323248,77.9608308,,,,,Bluechip,Bluechip,3,,,,,,,,Bluechip,Bluechip,24.62,Bluechip,
41147,L&T Finance Ltd,F&O,INE498L01015,Bluechip,-,Bluechip,,Bluechip,,Bluechip,,Bluechip,Bluechip,0,0.202994681,15.91,15.9,15.91,,,67644.41,25564.06,15924.24,167.80968,PET Good,F-Check Passed,0,0.05,A,EQ,Nifty 500,141.2690996,146.1158528,192.0243592,,,,,Bluechip,Bluechip,3,,,,,,,,Bluechip,Bluechip,22.93,Bluechip,
41343,PB Fintech.,F&O,INE417T01026,Average,-,Good,,Good,,Good,,Good,Good,0,0.009164123,19.81,19.82,30,,,82464.8,6432.28,4977.21,249.2388906,,F-Check Passed,0,0.03,A,EQ,Nifty 500,219.5051224,229.5151228,328.9211584,,,,,Good,Good,3,,,,,,,,Good,Good,35,Good,
42402,Kalyan Jewellers,F&O,INE303R01014,Good,-,Bluechip,,Bluechip,,Bluechip,,Bluechip,Bluechip,0,0.440458191,20.75,20.75,20.75,,,52649.86,4803.58,25045.07,237.0365024,PET Good,F-Check Passed,24.89,0.03,A,EQ,Nifty 500,400.038744,245.3399296,163.8877248,,,,,Bluechip,Bluechip,3,,,,,,,,Bluechip,Bluechip,27.79,Bluechip,
43989,Inox Wind,F&O,INE066P01011,Average,-,Good,,Good,,Good,,Good,Good,0,0.162744747,22.99,22.56,30,,,26804.97,5046.75,3557.15,118.6301408,,F-Check Passed,0,0.05,A,EQ,Nifty 500,124.6494924,82.793654,108.6562164,,,,,Good,Good,3,,,,,,,,Good,Good,35,Average,
45955,Laurus Labs,F&O,INE947Q01028,Good,-,Bluechip,,Bluechip,,Bluechip,,Bluechip,Bluechip,0,0.14832636,17.02,17.02,17.02,,,51526.29,4472.56,5553.96,164.7650892,PET Good,F-Check Passed,2.69,0.05,A,EQ,Nifty 500,172.7130264,156.817152,243.4638224,,,,,Bluechip,Bluechip,3,,,,,,,,Bluechip,Bluechip,24.04,Bluechip,
45967,Amber Enterp.,F&O,INE371P01015,Good,-,Bluechip,,Bluechip,,Bluechip,,Bluechip,Bluechip,0,0.135917765,21.77,21.77,21.77,,,28221.26,2285.79,9973.02,281.3941192,PET Good,F-Check Passed,0,0.03,A,EQ,Nifty 500,316.7434224,312.2246512,179.6323336,,,,,Bluechip,Bluechip,3,,,,,,,,Bluechip,Bluechip,28.81,Bluechip,
47716,Cams Services,F&O,INE596I01012,Good,-,Good,,Good,,Good,,Good,Good,0,0.290267102,17.59,17.6,17.6,,,19497.53,1118.55,1422.48,167.7552072,PET Good,F-Check Passed,0,0.03,A,EQ,Nifty 500,169.7433472,105.5839704,165.7670672,,,,,Good,Good,3,,,,,,,,Good,Good,24.64,Good,
54759,IDFC First Bank,F&O,INE092T01019,Bluechip,-,Bluechip,,Bluechip,,Bluechip,,Bluechip,Bluechip,0,0.493325405,14.85,14.84,14.85,,,66658.55,38155.78,36501.64,209.978804,PET Good,F-Check Passed,0,0.03,A,EQ,Nifty 500,114.4515624,130.6957728,280.1277456,,,,,Bluechip,Bluechip,3,,,,,,,,Bluechip,Bluechip,21.76,Bluechip,
65733,Crompton Gr. Con,F&O,INE299U01018,Good,-,Bluechip,,Bluechip,,Bluechip,,Bluechip,Bluechip,0,0.234139678,14.09,14.07,14.09,,,18209.91,3390.13,7863.55,75.6001963,PET Good,F-Check Passed,0,0.05,A,EQ,Nifty 500,72.3002846,78.900108,99.293772,,,,,Bluechip,Bluechip,3,,,,,,,,Bluechip,Bluechip,21.08,Bluechip,
66008,360 ONE,F&O,INE466L01038,Good,-,Poor,,Poor,,Poor,,Poor,Good,1,0.017461138,18.78,18.86,18.86,Promoter Pledge%,,43793.49,7065.12,3683.87,90.8986873,PET Good,F-Check Passed,89.62,0.06,A,EQ,Nifty 500,82.376837,78.4528936,99.4205376,,,,,Poor,Poor,3,No,3,,,,,,Poor,Poor,25.81,Bluechip,
66273,Adani Energy Sol,F&O,INE931S01010,Poor,-,Poor,,Bluechip,,Bluechip,,Bluechip,Bluechip,0,,22.36,22.39,100,,,118452.47,22068.2,23767.09,221.172444,PET Good,F-Check Passed,0.79,0.04,A,EQ,Nifty 500,235.7704704,228.578272,166.909984,Downgraded_to_Poor,,,,Poor,Bluechip,3,,,,,,,,Bluechip,Bluechip,0,Bluechip,
68090,Bandhan Bank,F&O,INE545U01014,Good,-,Bluechip,,Bluechip,,Bluechip,,Bluechip,Bluechip,0,0.326483537,18.06,18.04,18.06,,,25219.76,24605.01,21948.23,144.4908462,PET Good,F-Check Passed,0,0.03,A,EQ,Nifty 500,71.1472014,90.4751208,180.357224,,,,,Bluechip,Bluechip,3,,,,,,,,Bluechip,Bluechip,24.51,Bluechip,
68117,Eternal Ltd,F&O,INE758T01015,Good,-,Good,,Good,,Good,,Good,Bluechip,0,0.454168015,18.74,18.76,18.76,,,306843.67,30317,20243,1215.020933,,F-Check Passed,0,0.02,A,EQ,Nifty 500,2189.850048,878.8258,1046.02456,,,,,Good,Good,3,,,,,,,,Good,Good,25.7,Bluechip,
68151,Delhivery,F&O,INE148O01028,Average,-,Bluechip,,Bluechip,,Bluechip,,Bluechip,Bluechip,0,0.011416569,16.94,16.94,30,,,34874.32,9432.15,8931.9,148.9110618,PET Good,F-Check Passed,0,0.05,A,EQ,Nifty 500,187.1422528,100.9433152,165.5041884,,,,,Bluechip,Bluechip,3,,,,,,,,Bluechip,Bluechip,35,Bluechip,
70666,Adani Green,F&O,INE364U01010,Poor,-,Poor,,Good,,Good,,Good,Bluechip,0,0.003983948,23.63,23.63,100,,,185146.34,12137,11212,361.8304992,,F-Check Passed,0,0.03,A,EQ,Nifty 500,161.6106192,599.1221888,496.7794912,Downgraded_to_Poor,,,,Poor,Good,3,,,,,,,,Good,Good,0,Bluechip,
70921,Dalmia BharatLtd,F&O,INE00R701025,Average,-,Bluechip,,Bluechip,,Bluechip,,Bluechip,Bluechip,0,0.004922542,13.28,13.27,30,,,39319.28,17374,13980,85.26555635,PET Good,F-Check Passed,0,0.05,A,EQ,Nifty 500,85.0701412,119.1643158,83.7273784,,,,,Bluechip,Bluechip,3,,,,,,,,Bluechip,Bluechip,35,Bluechip,
70961,Indian Energy Ex,F&O,INE022Q01020,Average,-,Good,,Average,,Average,,Average,Average,0,0.042270486,22.91,22.92,30,,,12403.45,1136.3,537.26,148.8625482,PET Good,F-Check Passed,0,0.03,A,EQ,Nifty 500,192.3993768,75.1461212,103.900472,,,,,Good,Average,3,,,,Yes,2,Upgrade,,Good,Good,35,Good,
72062,KPIT Technologi.,F&O,INE04I401011,Good,-,Bluechip,,Bluechip,,Bluechip,,Bluechip,Bluechip,0,0.219436246,18.37,18.36,18.37,,,31981.62,2912.16,5842.35,132.0174226,PET Good,F-Check Passed,0,0.04,A,EQ,Nifty 500,126.107562,137.9272832,94.7807772,,,,,Bluechip,Bluechip,3,,,,,,,,Bluechip,Bluechip,25.4,Bluechip,
73556,KFin Technolog.,F&O,INE138Y01010,Good,-,Good,,Good,,Good,,Good,Good,0,0.220342464,22.41,22.41,22.41,,,18926.81,1407.83,1090.75,137.3770254,PET Good,F-Check Passed,0,0.05,A,EQ,Nifty 500,116.5140608,95.2293152,152.2451808,,,,,Good,Good,3,,,,,,,,Good,Good,29.45,Good,
74646,Hitachi Energy,F&O,INE07Y701011,Average,-,Bluechip,,Bluechip,,Bluechip,,Bluechip,Bluechip,0,0.040842644,23.11,23.11,30,,,79124.86,4214.11,6384.93,243.508406,PET Good,F-Check Passed,0,0.09,A,EQ,Nifty 500,493.57416,167.6462784,143.2101616,,,,,Bluechip,Bluechip,3,,,,,,,,Bluechip,Bluechip,35,Bluechip,
75803,FSN E-Commerce,F&O,INE388Y01029,Average,-,Good,,Good,,Good,,Good,Good,0,0.015921055,15.89,15.85,30,,,70924.76,1301.28,7949.82,175.7696792,PET Good,F-Check Passed,0,0.03,A,EQ,Nifty 500,173.2030724,110.8720332,196.1071872,,,,,Good,Good,3,,,,,,,,Good,Good,35,Good,
76066,Piramal Pharma,F&O,INE0DK501011,Good,-,Bluechip,,Bluechip,,Bluechip,,Bluechip,Bluechip,0,0.180913369,19.19,19,19.19,,,26551.73,8125.47,9151.18,89.9133412,PET Good,F-Check Passed,0,0.05,A,EQ,Nifty 500,62.8353136,90.3293972,63.1723492,,,,,Bluechip,Bluechip,3,,,,,,,,Bluechip,Bluechip,26.04,Bluechip,
76723,Kaynes Tech,F&O,INE918Z01012,Average,-,Good,,Good,,Good,,Good,Good,0,0.19775863,22.07,22.07,30,,,44988.3,2840.26,2721.75,349.6841752,PET Good,F-Check Passed,0,0.04,A,EQ,Nifty 500,450.861024,437.8926944,345.1189744,,,,,Good,Good,3,,,,,,,,Good,Good,35,Good,
