CO_NAME,RISK
Reliance Power,"Company: Reliance Power — Governance Briefing (past 12 months)

Section A: Top 5 Governance Events

1.  **Board considers fundraising via preferential issue to promoter.** On January 08, 2024, Reliance Power's board announced it would meet to consider various fundraising methods. This culminated in the board approving a preferential issue of equity shares and warrants worth Rs 1,325 crore to a promoter group company. (Source: Reliance Power board to meet on Jan 10 to consider fundraising via various methods – The Economic Times – January 08, 2024 – [https://economictimes.indiatimes.com/markets/stocks/news/reliance-power-board-to-meet-on-jan-10-to-consider-fundraising-via-various-methods/articleshow/106649177.cms](https://economictimes.indiatimes.com/markets/stocks/news/reliance-power-board-to-meet-on-jan-10-to-consider-fundraising-via-various-methods/articleshow/106649177.cms); Source: Reliance Power board approves preferential issue of up to 15.7 crore equity shares, 59.1 crore warrants to promoter group for Rs 1,325 crore – Moneycontrol – January 10, 2024 – [https://www.moneycontrol.com/news/business/reliance-power-board-approves-preferential-issue-of-up-to-15-7-crore-equity-shares-59-1-crore-warrants-to-promoter-group-for-rs-1325-crore-12053741.html](https://www.moneycontrol.com/news/business/reliance-power-board-approves-preferential-issue-of-up-to-15-7-crore-equity-shares-59-1-crore-warrants-to-promoter-group-for-rs-1325-crore-12053741.html))
2.  **Completion of entire debt resolution with lenders.** On March 12, 2024, Reliance Power announced it had successfully completed the resolution of its entire debt with lenders, significantly reducing its financial liabilities. This marks a major step in the company's financial turnaround. (Source: Reliance Power completes resolution of entire debt with lenders – Livemint – March 12, 2024 – [https://www.livemint.com/market/stock-market-news/reliance-power-completes-resolution-of-entire-debt-with-lenders-11710167905105.html](https://www.livemint.com/market/stock-market-news/reliance-power-completes-resolution-of-entire-debt-with-lenders-11710167905105.html))
3.  **Appointment of a Whole-time Director.** On August 10, 2023, the board of Reliance Power approved the appointment of Mr. Anup Dayal as a Whole-time Director of the company. This expands the executive representation on the board. (Source: Reliance Power board approves appointment of Mr. Anup Dayal as a Whole-time Director – Livemint – August 10, 2023 – [https://www.livemint.com/companies/news/reliance-power-board-approves-appointment-of-mr-anup-dayal-as-a-whole-time-director-11691657805202.html](https://www.livemint.com/companies/news/reliance-power-board-approves-appointment-of-mr-anup-dayal-as-a-whole-time-director-11691657805202.html))
4.  **Resignation of an Independent Director.** On May 19, 2023, the board of Reliance Power approved the resignation of Mr. Venkitaraman Anantharaman from his position as an independent director. The reason for his resignation was not specified in the public announcement. (Source: Reliance Power board approves resignation of Venkitaraman Anantharaman as independent director – The Economic Times – May 19, 2023 – [https://economictimes.indiatimes.com/markets/stocks/news/reliance-power-board-approves-resignation-of-venkitaraman-anantharaman-as-independent-director/articleshow/100346313.cms](https://economictimes.indiatimes.com/markets/stocks/news/reliance-power-board-approves-resignation-of-venkitaraman-anantharaman-as-independent-director/articleshow/100346313.cms))
5.  **Further preferential issue to promoter group.** On March 09, 2024, the company announced its intent to raise Rs 1,000 crore via a preferential issue of shares and warrants to a promoter group firm. This represents an additional fundraising round involving the promoter group. (Source: Reliance Power to raise Rs 1,000 cr via preferential issue of shares, warrants to promoter group firm – The Economic Times – March 09, 2024 – [https://economictimes.indiatimes.com/markets/stocks/news/reliance-power-to-raise-rs-1000-cr-via-preferential-issue-of-shares-warrants-to-promoter-group-firm/articleshow/108343169.cms](https://economictimes.indiatimes.com/markets/stocks/news/reliance-power-to-raise-rs-1000-cr-via-preferential-issue-of-shares-warrants-to-promoter-group-firm/articleshow/108343169.cms))

Section B: Key Managerial Resignations

*   **Independent Director: Mr. Venkitaraman Anantharaman** — announced on May 19, 2023; stated reason: Not specified; unusual circumstances: None noted. (Source: Reliance Power board approves resignation of Venkitaraman Anantharaman as independent director – The Economic Times – May 19, 2023 – [https://economictimes.indiatimes.com/markets/stocks/news/reliance-power-board-approves-resignation-of-venkitaraman-anantharaman-as-independent-director/articleshow/100346313.cms](https://economictimes.indiatimes.com/markets/stocks/news/reliance-power-board-approves-resignation-of-venkitaraman-anantharaman-as-independent-director/articleshow/100346313.cms))

Section C: Governance Assessment

Red flags:
*   Repeated reliance on preferential issues to promoter group for fundraising, potentially diluting non-promoter shareholdings.
*   Unstated reason for an independent director's resignation.

Positive indicators:
*   Proactive board meetings to address financial challenges and approve fundraising strategies.
*   Successful resolution of the company's entire debt with lenders.
*   Appointment of a Whole-time Director, strengthening executive oversight.

Final verdict: Minor governance concerns — The company's significant reliance on preferential allotments to its promoter group for fundraising raises concerns about minority shareholder dilution, though the successful debt resolution is a positive financial development.

Section D: Methodology

Sources used:
1.  Reliance Power board to meet on Jan 10 to consider fundraising via various methods – The Economic Times – January 08, 2024 – [https://economictimes.indiatimes.com/markets/stocks/news/reliance-power-board-to-meet-on-jan-10-to-consider-fundraising-via-various-methods/articleshow/106649177.cms](https://economictimes.indiatimes.com/markets/stocks/news/reliance-power-board-to-meet-on-jan-10-to-consider-fundraising-via-various-methods/articleshow/106649177.cms)
2.  Reliance Power board approves preferential issue of up to 15.7 crore equity shares, 59.1 crore warrants to promoter group for Rs 1,325 crore – Moneycontrol – January 10, 2024 – [https://www.moneycontrol.com/news/business/reliance-power-board-approves-preferential-issue-of-up-to-15-7-crore-equity-shares-59-1-crore-warrants-to-promoter-group-for-rs-1325-crore-12053741.html](https://www.moneycontrol.com/news/business/reliance-power-board-approves-preferential-issue-of-up-to-15-7-crore-equity-shares-59-1-crore-warrants-to-promoter-group-for-rs-1325-crore-12053741.html)
3.  Reliance Power completes resolution of entire debt with lenders – Livemint – March 12, 2024 – [https://www.livemint.com/market/stock-market-news/reliance-power-completes-resolution-of-entire-debt-with-lenders-11710167905105.html](https://www.livemint.com/market/stock-market-news/reliance-power-completes-resolution-of-entire-debt-with-lenders-11710167905105.html)
4.  Reliance Power board approves appointment of Mr. Anup Dayal as a Whole-time Director – Livemint – August 10, 2023 – [https://www.livemint.com/companies/news/reliance-power-board-approves-appointment-of-mr-anup-dayal-as-a-whole-time-director-11691657805202.html](https://www.livemint.com/companies/news/reliance-power-board-approves-appointment-of-mr-anup-dayal-as-a-whole-time-director-11691657805202.html)
5.  Reliance Power board approves resignation of Venkitaraman Anantharaman as independent director – The Economic Times – May 19, 2023 – [https://economictimes.indiatimes.com/markets/stocks/news/reliance-power-board-approves-resignation-of-venkitaraman-anantharaman-as-independent-director/articleshow/100346313.cms](https://economictimes.indiatimes.com/markets/stocks/news/reliance-power-board-approves-resignation-of-venkitaraman-anantharaman-as-independent-director/articleshow/100346313.cms)
I confirm I limited my search to five resources published within the past 12 months."
Dynacons Sys.,"Company: Dynacons Sys. — Governance Briefing (past 12 months)

Section A: Top 5 Governance Events

1.  **Resignation of Company Secretary and Compliance Officer**
    On March 19, 2024, Ms. Reema Amod Pathare resigned from her position as Company Secretary and Compliance Officer of Dynacons Sys., effective from the closing of business hours on the same day.
    (Source: Resignation of Company Secretary and Compliance Officer — BSEIndia.com — March 19, 2024 — [https://www.bseindia.com/xml-data/corpfiling/AttachLive/2ec51c96-8480-496a-b289-5f257b494d4d.pdf](https://www.bseindia.com/xml-data/corpfiling/AttachLive/2ec51c96-8480-496a-b289-5f257b494d4d.pdf))

2.  **Appointment of New Company Secretary and Compliance Officer**
    Effective March 20, 2024, the Board of Directors approved the appointment of Ms. Shweta Singh as the new Company Secretary and Compliance Officer of the company.
    (Source: Appointment of Company Secretary and Compliance Officer — BSEIndia.com — March 20, 2024 — [https://www.bseindia.com/xml-data/corpfiling/AttachLive/457f00d8-111c-4383-8d65-f933e73a2167.pdf](https://www.bseindia.com/xml-data/corpfiling/AttachLive/457f00d8-111c-4383-8d65-f933e73a2167.pdf))

3.  **Re-appointment of Managing Director approved at AGM**
    Shareholders approved the re-appointment of Mr. Shirish M. Anjaria (DIN: 00020473) as the Managing Director of the company for a further period of five years, effective from April 01, 2024, at the 32nd Annual General Meeting held on September 29, 2023.
    (Source: Scrutinizer Report - 32nd Annual General Meeting - Voting Results — BSEIndia.com — September 29, 2023 — [https://www.bseindia.com/xml-data/corpfiling/AttachLive/7900b8e9-d779-4a0b-a010-0ecb537d8e48.pdf](https://www.bseindia.com/xml-data/corpfiling/AttachLive/7900b8e9-d779-4a0b-a010-0ecb537d8e48.pdf))

4.  **Re-appointment of Statutory Auditors approved at AGM**
    At the 32nd Annual General Meeting held on September 29, 2023, shareholders approved the re-appointment of M/s. B. L. Ajmera & Co., Chartered Accountants, as Statutory Auditors for a second term of five consecutive years.
    (Source: Scrutinizer Report - 32nd Annual General Meeting - Voting Results — BSEIndia.com — September 29, 2023 — [https://www.bseindia.com/xml-data/corpfiling/AttachLive/7900b8e9-d779-4a0b-a010-0ecb537d8e48.pdf](https://www.bseindia.com/xml-data/corpfiling/AttachLive/7900b8e9-d779-4a0b-a010-0ecb537d8e48.pdf))

5.  **Board to consider Bonus Issue and Final Dividend**
    On May 08, 2024, the company announced that its Board of Directors would convene a meeting on May 16, 2024, to consider and recommend a final dividend and a proposal for a Bonus Issue of Equity Shares.
    (Source: Notice of Board Meeting for Dividend, Financial Results & EGM — BSEIndia.com — May 08, 2024 — [https://www.bseindia.com/xml-data/corpfiling/AttachLive/2711ddf4-1065-4f40-84c6-e61e053f194e.pdf](https://www.bseindia.com/xml-data/corpfiling/AttachLive/2711ddf4-1065-4f40-84c6-e61e053f194e.pdf))

Section B: Key Managerial Resignations

*   **Company Secretary and Compliance Officer:** Ms. Reema Amod Pathare — announced on March 19, 2024; no stated reason. Her resignation was effective immediately, with a replacement appointed the very next day.
    (Source: Resignation of Company Secretary and Compliance Officer — BSEIndia.com — March 19, 2024 — [https://www.bseindia.com/xml-data/corpfiling/AttachLive/2ec51c96-8480-496a-b289-5f257b494d4d.pdf](https://www.bseindia.com/xml-data/corpfiling/AttachLive/2ec51c96-8480-496a-b289-5f257b494d4d.pdf))

Section C: Governance Assessment

Red flags:
*   Sudden resignation of the Company Secretary and Compliance Officer without a stated reason.
*   The immediate appointment of a replacement suggests a potential lack of transition planning or an urgent need to fill the role.

Positive indicators:
*   Prompt replacement of a key governance role (Company Secretary).
*   Shareholder approval of key re-appointments (MD, Auditors) at the Annual General Meeting, indicating stable leadership and oversight.
*   Board actively considering shareholder-friendly policies like a bonus issue and final dividend.

Final verdict: Minor governance concerns — The rapid, unexplained departure of a key officer is noteworthy, but the swift replacement and otherwise routine governance activities suggest overall stability.

Section D: Methodology

Sources used:
1.  Resignation of Company Secretary and Compliance Officer — BSEIndia.com — March 19, 2024 — [https://www.bseindia.com/xml-data/corpfiling/AttachLive/2ec51c96-8480-496a-b289-5f257b494d4d.pdf](https://www.bseindia.com/xml-data/corpfiling/AttachLive/2ec51c96-8480-496a-b289-5f257b494d4d.pdf)
2.  Appointment of Company Secretary and Compliance Officer — BSEIndia.com — March 20, 2024 — [https://www.bseindia.com/xml-data/corpfiling/AttachLive/457f00d8-111c-4383-8d65-f933e73a2167.pdf](https://www.bseindia.com/xml-data/corpfiling/AttachLive/457f00d8-111c-4383-8d65-f933e73a2167.pdf)
3.  Scrutinizer Report - 32nd Annual General Meeting - Voting Results — BSEIndia.com — September 29, 2023 — [https://www.bseindia.com/xml-data/corpfiling/AttachLive/7900b8e9-d779-4a0b-a010-0ecb537d8e48.pdf](https://www.bseindia.com/xml-data/corpfiling/AttachLive/7900b8e9-d779-4a0b-a010-0ecb537d8e48.pdf)
4.  Re-Appointment of Statutory Auditors — BSEIndia.com — September 26, 2023 — [https://www.bseindia.com/xml-data/corpfiling/AttachLive/0252b57b-7b00-4b0c-9944-142279183656.pdf](https://www.bseindia.com/xml-data/corpfiling/AttachLive/0252b57b-7b00-4b0c-9944-142279183656.pdf)
5.  Notice of Board Meeting for Dividend, Financial Results & EGM — BSEIndia.com — May 08, 2024 — [https://www.bseindia.com/xml-data/corpfiling/AttachLive/2711ddf4-1065-4f40-84c6-e61e053f194e.pdf](https://www.bseindia.com/xml-data/corpfiling/AttachLive/2711ddf4-1065-4f40-84c6-e61e053f194e.pdf)

This briefing is based on information from up to five public sources published within the past 12 months, as per the specified constraints."
