,CO_NAME,RISK
0,Suzlon Energy,"Based on publicly available news and events from the past year (roughly June 2023 - June 2024) and checking top 5 resources for high-level information, here's a summary regarding Suzlon Energy's corporate governance:

Suzlon Energy's narrative over the past year has been largely dominated by its financial turnaround, debt reduction, and renewed growth trajectory. This period has seen a significant improvement in market confidence in the company.

### Top 5 Corporate Governance Events for Suzlon Energy (Past Year):

1.  **Successful Qualified Institutional Placement (QIP) (August 2023):** Suzlon successfully raised ₹2,000 crore through a QIP, which was significantly oversubscribed. This event indicated strong institutional investor confidence in the company's turnaround and future prospects, showcasing the board's ability to raise capital transparently and effectively to support growth and reduce debt.
2.  **Attainment of 'Net Cash' Status / Culmination of Debt Resolution:** While the large-scale debt restructuring was initiated earlier, the culmination of these efforts, leading to Suzlon effectively becoming a net cash positive company (as reported in Q4 FY24 results) or significantly reducing net debt to near zero, is a monumental governance achievement. It signifies effective financial stewardship, commitment to stakeholders, and successful execution of a long-term strategy by the board and management.
3.  **Multiple Credit Rating Upgrades:** During the past year, various credit rating agencies (e.g., CRISIL, CARE Ratings) have consistently upgraded Suzlon's credit ratings. These upgrades reflect a significantly improved financial risk profile, enhanced liquidity, and better operational performance, directly indicating effective financial management and robust corporate governance practices leading to this turnaround.
4.  **Enhanced Focus on Board Composition and Strengthening Management:** While not a single specific event, the period has seen a continued focus on strengthening the board and management teams to steer the company through its new growth phase. The improved financials and market perception often lead to attracting and retaining high-calibre talent and independent directors, reinforcing governance.
5.  **Improved Investor Relations and Transparency:** With the turnaround, Suzlon has generally improved its communication with investors, providing more regular and detailed updates on its financial performance, order book, and strategic direction. This increased transparency, including detailed investor presentations and analyst calls, contributes positively to corporate governance by ensuring stakeholders are well-informed.

### Key Managerial Position Resignations from Suzlon Energy (Past Year):

Based on public domain news for the past year, there have been **no widely reported significant key managerial position (KMP) resignations** from Suzlon Energy due to corporate governance issues or concerns. The period has been marked by stability at the top leadership as the company focuses on consolidating its turnaround and pursuing growth.

*   *(Note: The passing of the founder, Mr. Tulsi Tanti, occurred in October 2022, which is just outside the one-year window requested and was a succession event, not a resignation.)*

### Summary of Corporate Governance Issues (Looking at Available News):

Based on the events and news available in the public domain for the past year, Suzlon Energy appears to have demonstrated **strong and improving corporate governance**, particularly in its financial management and transparency.

*   **Positive Trajectory:** The prevailing narrative is one of a company that has successfully navigated a complex financial restructuring and is now on a path of growth and stability. The key events highlighted above (successful capital raise, debt resolution, credit upgrades) are all positive indicators of effective board oversight and management execution.
*   **No Red Flags:** There are no prominent public domain reports or news articles during the past year indicating any major corporate governance *issues*, scandals, regulatory non-compliance, or significant management exits due to governance concerns.
*   **Rebuilding Trust:** The company seems to have successfully rebuilt trust with investors and lenders through its disciplined approach to debt reduction and transparent communication, which is a hallmark of good governance.

In conclusion, looking at the top 5 resources and publicly available information for the past year, Suzlon Energy's corporate governance appears to be a success story, with the company effectively addressing its past financial challenges and laying a stable foundation for future growth."
1,One 97,"Based on public news and events from the past year, One 97 Communications (Paytm) has faced significant corporate governance scrutiny, primarily stemming from its association with Paytm Payments Bank Limited (PPBL).

Here's a summary:

### Top 5 Corporate Governance Events for One 97 Communications (Paytm)

1.  **RBI's Imposition of Business Restrictions on Paytm Payments Bank (Jan-Feb 2024):** This was the most significant event. The Reserve Bank of India (RBI) imposed severe restrictions on PPBL, barring it from accepting new deposits, credit transactions, or top-ups in any customer accounts, wallets, FASTags, etc., after February 29, 2024 (later extended to March 15). The RBI cited ""persistent non-compliance"" and ""material supervisory concerns,"" including issues related to Know Your Customer (KYC) norms, Anti-Money Laundering (AML) processes, and suspicious activity.
    *   **Corporate Governance Link:** This directly pointed to severe failures in compliance, risk management, internal controls, and potentially inadequate board oversight at PPBL, which One 97 Communications holds a significant stake in and relies heavily upon for its operations.

2.  **Restructuring of Paytm Payments Bank Board (Feb 2024):** Following the RBI's crackdown, the board of PPBL saw significant changes. Four independent directors, including former bureaucrat and bank chairman Mr. Vijay Shekhar Sharma, resigned from the board. Subsequently, new independent directors, including former SBI chairman M. Damodaran, were appointed to PPBL's board.
    *   **Corporate Governance Link:** This was a direct response to address the perceived governance shortcomings and regulatory concerns at PPBL, aiming to bring in more independent expertise and distance the board from the operational issues that led to the RBI action.

3.  **Vijay Shekhar Sharma Stepping Down as Non-Executive Chairman of Paytm Payments Bank (March 2024):** Vijay Shekhar Sharma (VSS), founder and CEO of One 97 Communications, voluntarily stepped down as the Non-Executive Chairman of PPBL, and the bank reconstituted its board. He ceased to be a board member of PPBL.
    *   **Corporate Governance Link:** This move was seen as a significant step to appease regulators and address concerns about the close links between One 97 Communications and its payments bank, reducing potential conflicts of interest and enhancing the independence of PPBL's governance structure.

4.  **Ongoing Regulatory Scrutiny and Search for New Auditors for PPBL:** The intense regulatory scrutiny on PPBL did not cease after the initial restrictions. Reports indicated challenges in finding a new auditor for PPBL, given the previous auditor (S.R. Batliboi & Co. LLP) faced restrictions from the RBI.
    *   **Corporate Governance Link:** Continuous regulatory oversight and difficulties in auditor appointment highlight persistent issues with the robustness of internal processes, financial reporting, and the ability to find independent oversight, indicating a prolonged governance challenge.

5.  **Impact on One 97 Communications' Business Model and Investor Confidence:** While not a single ""event,"" the cumulative effect of the RBI's actions on PPBL severely impacted One 97 Communications' business operations (especially its wallet, UPI, and FASTag services) and led to a significant erosion of investor confidence and stock value. The company had to rapidly pivot its strategy to partner with other banks.
    *   **Corporate Governance Link:** The severe disruption to the core business model due to regulatory non-compliance reflects a fundamental failure in enterprise-wide risk management, strategic oversight by the board of One 97 Communications, and effective liaison with regulators.

### Key Managerial Position Resignations from One 97 Communications

Within the past year, the most prominent ""resignation"" event related to key managerial personnel was **Vijay Shekhar Sharma stepping down as the Non-Executive Chairman of Paytm Payments Bank Limited (PPBL)**. While he remains the MD & CEO of One 97 Communications (the parent company), his departure from the bank's board was a significant structural change aimed at addressing governance concerns.

There haven't been other major, widely reported resignations of other C-suite executives or key managerial personnel from **One 97 Communications itself** that made headline news within the past year in a similar context of governance issues. The focus of resignations was primarily on the PPBL board.

### Summary of Corporate Governance Issues

Based on the events and news available in the public domain, **Yes, One 97 Communications and its associated entity, Paytm Payments Bank, have clearly demonstrated significant corporate governance issues over the past year.**

The key issues include:

*   **Regulatory Non-Compliance:** The primary and most severe issue, evidenced by the RBI's ""persistent non-compliance"" citation against PPBL. This indicates failures in adhering to banking regulations, particularly concerning KYC and AML.
*   **Weak Internal Controls and Risk Management:** The extent of the regulatory action suggests that internal controls, risk identification, and mitigation processes within PPBL were inadequate, allowing non-compliant practices to persist.
*   **Inadequate Board Oversight:** The restructuring of the PPBL board and VSS stepping down suggest that the previous board's oversight of compliance and risk management was deemed insufficient by regulators and the company itself.
*   **Related Party Concerns:** The close relationship between One 97 Communications and PPBL (where VSS was a significant shareholder and chairman of both entities) raised concerns about potential conflicts of interest and the bank's independence, which the recent changes aim to address.
*   **Lack of Proactive Remediation:** The ""persistent"" nature of the non-compliance indicates that previous regulatory warnings or internal assessments might not have led to sufficiently timely and effective corrective actions.

In conclusion, the past year has exposed fundamental weaknesses in the corporate governance framework, particularly concerning regulatory compliance and risk management, within the Paytm ecosystem. The subsequent actions (board restructuring, VSS's stepping down from PPBL board) are attempts to rectify these issues and restore regulatory confidence."
