,Size,EntryBar,ExitBar,EntryPrice,ExitPrice,PnL,ReturnPct,EntryTime,ExitTime,Duration
0,11,21,26,8540.92716796875,7997.80712890625,-5974.320429687499,-0.06359029041944964,2019-10-15,2019-10-20,5 days
1,-11,26,35,7837.850986328125,9248.4404296875,-15516.483876953123,-0.17997145465254727,2019-10-20,2019-10-29,9 days
2,8,35,51,9433.40923828125,8811.9365234375,-4971.781718750004,-0.06587996970615706,2019-10-29,2019-11-14,16 days
3,-8,51,78,8635.69779296875,7277.19775390625,10868.000312499993,0.15731213291977408,2019-11-14,2019-12-11,27 days
4,11,78,80,7422.741708984375,7244.662109375,-1958.8755957031226,-0.02399108127308669,2019-12-11,2019-12-13,2 days
5,-11,80,95,7099.7688671875,7289.03125,-2081.886210937497,-0.02665754144296173,2019-12-13,2019-12-28,15 days
6,10,95,153,7434.811875,9921.5830078125,24867.711328125,0.3344766719887582,2019-12-28,2020-02-24,58 days
7,-10,153,187,9723.15134765625,6245.62451171875,34775.268359375004,0.35765429453854514,2020-02-24,2020-03-29,34 days
8,21,187,210,6370.537001953125,6879.7841796875,10694.190732421881,0.07993787298908184,2020-03-29,2020-04-21,23 days
9,-22,210,213,6742.18849609375,7434.181640625,-15223.84917968751,-0.10263627973797718,2020-04-21,2020-04-24,3 days
10,17,213,246,7582.8652734375,8837.380859375,21326.7649609375,0.16544083808689347,2020-04-24,2020-05-27,33 days
11,-18,246,254,8660.6332421875,9655.8544921875,-17913.98250000001,-0.11491321964219647,2020-05-27,2020-06-04,8 days
12,14,254,266,9848.97158203125,9454.2666015625,-5525.869726562505,-0.040075755847327366,2020-06-04,2020-06-16,12 days
13,-14,266,293,9265.18126953125,9277.205078125,-168.3333203125112,-0.0012977413224812828,2020-06-16,2020-07-13,27 days
14,14,293,300,9462.7491796875,9187.220703125,-3857.398671875002,-0.029117170003189252,2020-07-13,2020-07-20,7 days
15,-14,300,304,9003.4762890625,9585.5146484375,-8148.537031249991,-0.06464595903718484,2020-07-20,2020-07-24,4 days
16,12,304,339,9777.22494140625,11325.2958984375,18576.851484375,0.15833439102696878,2020-07-24,2020-08-28,35 days
17,-12,339,363,11098.78998046875,10934.92578125,1966.370390624994,0.014764149921488001,2020-08-28,2020-09-21,24 days
18,12,363,372,11153.624296875,10843.87109375,-3717.038437499992,-0.02777152922496995,2020-09-21,2020-09-30,9 days
19,-12,372,381,10626.993671875,10927.9130859375,-3611.0329687500052,-0.02831651390354195,2020-09-30,2020-10-09,9 days
20,12,381,486,11146.47134765625,30817.625,236053.84382812498,1.7647875313006542,2020-10-09,2021-01-22,105 days
21,-12,486,500,30201.2725,36931.546875,-80763.29250000001,-0.22284737754013517,2021-01-22,2021-02-05,14 days
22,7,500,526,37670.1778125,48415.81640625,75219.47015625001,0.28525585005824694,2021-02-05,2021-03-03,26 days
23,-7,526,534,47447.500078125,55963.1796875,-59609.75726562501,-0.17947583319149496,2021-03-03,2021-03-11,8 days
24,5,534,550,57082.44328125,55137.56640625,-9724.384375000009,-0.03407136701240043,2021-03-11,2021-03-27,16 days
25,-5,550,558,54034.815078125,57604.83984375,-17850.123828124997,-0.06606897350279373,2021-03-27,2021-04-04,8 days
26,4,558,578,58756.936640625005,51143.2265625,-30454.84031250002,-0.1295797656146156,2021-04-04,2021-04-24,20 days
27,-4,578,590,50120.36203125,57441.30859375,-29283.786250000005,-0.14606731208237078,2021-04-24,2021-05-06,12 days
28,3,590,600,58590.134765625,46716.63671875,-35620.494140625,-0.20265353705656974,2021-05-06,2021-05-16,10 days
29,-3,600,631,45782.303984375,40168.69140625,16840.837734375003,0.12261533583021211,2021-05-16,2021-06-16,31 days
30,4,631,640,40972.065234375,34659.10546875,-25251.83906249999,-0.15407960837494006,2021-06-16,2021-06-25,9 days
31,-5,640,652,33965.923359374996,34225.6796875,-1298.7816406250204,-0.007647556799109001,2021-06-25,2021-07-07,12 days
32,4,652,658,34910.19328125,33125.46875,-7138.898125000007,-0.0511233070774364,2021-07-07,2021-07-13,6 days
33,-5,658,673,32462.959375,39503.1875,-35201.14062500001,-0.21686957260038775,2021-07-13,2021-07-28,15 days
34,3,673,720,40293.25125,46057.21484375,17291.890781249997,0.14305034751322032,2021-07-28,2021-09-13,47 days
35,-3,720,743,45136.070546875,51486.6640625,-19051.780546874994,-0.14069885656151082,2021-09-13,2021-10-06,23 days
36,2,743,770,52516.39734375,60963.25390625,16893.713124999995,0.16084227002873908,2021-10-06,2021-11-02,27 days
37,-2,770,776,59743.988828125,63344.06640625,-7200.155156249995,-0.06025840672409588,2021-11-02,2021-11-08,6 days
38,2,776,788,64610.947734375004,58115.08203125,-12991.731406250008,-0.10053815848407688,2021-11-08,2021-11-20,12 days
39,-2,788,825,56952.780390625,50802.609375,12300.342031249995,0.1079871952421374,2021-11-20,2021-12-27,37 days
40,2,825,833,51818.6615625,46458.8515625,-10719.619999999995,-0.10343397220971007,2021-12-27,2022-01-04,8 days
41,-2,833,867,45529.67453125,42406.78125,6245.786562499998,0.06859028344484541,2022-01-04,2022-02-07,34 days
42,3,867,882,43254.916875,37068.76953125,-18558.442031250008,-0.14301604975052917,2022-02-07,2022-02-22,15 days
43,-3,882,894,36327.394140625,39404.19921875,-9230.415234374996,-0.08469655341130577,2022-02-22,2022-03-06,12 days
44,2,894,901,40192.283203125,38884.7265625,-2615.11328125,-0.03253252954097752,2022-03-06,2022-03-13,7 days
45,-2,901,910,38107.03203125,41074.10546875,-5934.146875000006,-0.07786157250627213,2022-03-13,2022-03-22,9 days
46,2,910,930,41895.587578125,42201.0390625,610.9029687500006,0.007290779340554776,2022-03-22,2022-04-11,20 days
47,-2,930,981,41357.01828125,31792.5546875,19128.927187499998,0.23126579214938792,2022-04-11,2022-06-01,51 days
48,3,981,982,32428.40578125,29794.890625,-7900.545468749999,-0.08121013330148619,2022-06-01,2022-06-02,1 days
49,-3,982,983,29198.9928125,30467.806640625,-3806.4414843749983,-0.04345402720815161,2022-06-02,2022-06-03,1 days
50,3,983,993,31077.1627734375,26737.578125,-13018.7539453125,-0.13963902303677034,2022-06-03,2022-06-13,10 days
51,-3,993,1022,26202.8265625,19970.474609375,18697.055859374996,0.23785036848064278,2022-06-13,2022-07-12,29 days
52,5,1022,1063,20369.8841015625,21531.462890625,5807.8939453124985,0.05702431998488389,2022-07-12,2022-08-22,41 days
53,-5,1063,1085,21100.8336328125,22371.48046875,-6353.234179687497,-0.06021785006453961,2022-08-22,2022-09-13,22 days
54,4,1085,1094,22818.910078125,18534.650390625,-17137.038750000007,-0.1877504084477305,2022-09-13,2022-09-22,9 days
55,-5,1094,1107,18163.9573828125,20335.900390625,-10859.715039062503,-0.11957432854735073,2022-09-22,2022-10-05,13 days
56,3,1107,1118,20742.618398437502,19068.9140625,-5021.113007812506,-0.08068915427107215,2022-10-05,2022-10-16,11 days
57,-4,1118,1128,18687.53578125,20092.236328125,-5618.802187499998,-0.07516777831587595,2022-10-16,2022-10-26,10 days
58,3,1128,1143,20494.0810546875,15883.158203125,-13832.7685546875,-0.22498802650670047,2022-10-26,2022-11-10,15 days
59,-3,1143,1165,15565.4950390625,16968.68359375,-4209.5656640625,-0.09014737733468281,2022-11-10,2022-12-02,22 days
60,3,1165,1185,17308.057265625,16818.380859375,-1469.0292187500017,-0.02829181800909175,2022-12-02,2022-12-22,20 days
61,-3,1185,1204,16482.0132421875,17192.94921875,-2132.807929687504,-0.04313404959187772,2022-12-22,2023-01-10,19 days
62,2,1204,1236,17536.808203125,21651.841796875,8230.067187499997,0.23465122878042965,2023-01-10,2023-02-11,32 days
63,-2,1236,1246,21218.8049609375,24833.048828125,-7228.487734374998,-0.17033211219204358,2023-02-11,2023-02-21,10 days
64,1,1246,1257,25329.7098046875,22362.923828125,-2966.7859765625,-0.11712672586613959,2023-02-21,2023-03-04,11 days
65,-2,1257,1271,21915.6653515625,27448.1171875,-11064.903671875,-0.252442795926479,2023-03-04,2023-03-18,14 days
66,1,1271,1309,27997.07953125,27514.873046875,-482.2064843750013,-0.017223456605063636,2023-03-18,2023-04-25,38 days
67,-1,1309,1319,26964.5755859375,28851.48046875,-1886.9048828125015,-0.06997717715967156,2023-04-25,2023-05-05,10 days
68,1,1319,1326,29428.510078125,26987.662109375,-2440.8479687500003,-0.08294160874166534,2023-05-05,2023-05-12,7 days
69,-1,1326,1345,26447.9088671875,27700.529296875,-1252.6204296875003,-0.04736179468772894,2023-05-12,2023-05-31,19 days
70,1,1345,1354,28254.5398828125,26505.923828125,-1748.6160546874999,-0.06188796780765127,2023-05-31,2023-06-09,9 days
71,-1,1354,1367,25975.8053515625,29995.935546875,-4020.1301953125003,-0.1547644102234036,2023-06-09,2023-06-22,13 days
